id,varname,month,coef,significant,ci_lower,ci_upper
1,prec,jun,0.0189340260422794,FALSE,-0.177887525921721,0.207422440361578
2,prec,jul,0.0914773402928859,FALSE,-0.0747726861176428,0.258290889305671
3,prec,aug,-0.0185808427148821,FALSE,-0.221465071703867,0.179931518370959
4,prec,sep,-0.0498055643298132,FALSE,-0.262995176514802,0.13558437791728
5,prec,oct,-0.164635771388677,FALSE,-0.338508843882728,0.017327615457294
6,prec,nov,-0.0552360293946756,FALSE,-0.247586979486582,0.101945521068851
7,prec,dec,-0.087015370381975,FALSE,-0.292956280772547,0.083700570157425
8,prec,JAN,0.0594125312785434,FALSE,-0.112344937333614,0.233307660739336
9,prec,FEB,-0.0927152637270585,FALSE,-0.310018516965995,0.107782653703096
10,prec,MAR,-0.0144840788120175,FALSE,-0.222124320223689,0.172349918096931
11,prec,APR,0.0944048400765815,FALSE,-0.113038040472953,0.277645635316209
12,prec,MAY,-0.102078332446113,FALSE,-0.262805655997597,0.0856281610608976
13,prec,JUN,0.0425305018876545,FALSE,-0.171109409021087,0.25242498520955
14,prec,JUL,-0.0282784162518624,FALSE,-0.212741168088569,0.168479611229022
15,prec,AUG,0.148927632787488,FALSE,-0.0344546210568458,0.319658604003016
16,prec,SEP,0.0316682098470022,FALSE,-0.173893589178496,0.225325163433125
17,temp,jun,-0.082047814086349,FALSE,-0.262629500925436,0.0944595657373003
18,temp,jul,-0.0880917168104093,FALSE,-0.300599974279534,0.126952787174293
19,temp,aug,-0.0803271253384623,FALSE,-0.25994827687488,0.10083041546119
20,temp,sep,-0.0515413470615962,FALSE,-0.273172841672063,0.176991008462099
21,temp,oct,0.075417916723367,FALSE,-0.105421458051077,0.283489745213313
22,temp,nov,0.0268344968868635,FALSE,-0.131296868286552,0.190307516263004
23,temp,dec,-0.0226649152109009,FALSE,-0.228032164770717,0.173768926120891
24,temp,JAN,-0.0209214422419508,FALSE,-0.215406081356992,0.171524569026444
25,temp,FEB,0.127131615825117,FALSE,-0.0802837406858285,0.308988763572206
26,temp,MAR,0.22866907760885,TRUE,0.0662919497712539,0.383641336574892
27,temp,APR,0.162227607641884,FALSE,-0.0368847514118875,0.347004698684234
28,temp,MAY,0.0651609833965699,FALSE,-0.126021477528017,0.240218591263304
29,temp,JUN,0.0277172398948598,FALSE,-0.120480566247748,0.181939292517644
30,temp,JUL,-0.0649191666624564,FALSE,-0.275982990640395,0.0988452623613069
31,temp,AUG,-0.109667749676757,FALSE,-0.286560107024259,0.050614545232287
32,temp,SEP,-0.044713790889042,FALSE,-0.25301511044148,0.178119166482531
