id,varname,month,coef,significant,ci_lower,ci_upper
1,prec,jun,0.125901016826991,FALSE,-0.096895530285152,0.306220400259609
2,prec,jul,0.173305237539704,TRUE,0.0253494511302157,0.320849427785728
3,prec,aug,0.00420361321367746,FALSE,-0.140999980388835,0.179371781129481
4,prec,sep,-0.0212780279668066,FALSE,-0.216251457753881,0.176613789285382
5,prec,oct,-0.006087901962239,FALSE,-0.233092501356769,0.213693135358792
6,prec,nov,0.109352177582838,FALSE,-0.093502465002669,0.315523465579353
7,prec,dec,0.0576559938773469,FALSE,-0.134099676491643,0.247878465453908
8,prec,JAN,-0.115959313365208,FALSE,-0.292956390138917,0.0523004412724701
9,prec,FEB,0.0885416578058912,FALSE,-0.0978572897566481,0.273357884434889
10,prec,MAR,-0.0251162557090899,FALSE,-0.200310338832868,0.183775689724712
11,prec,APR,0.0444880088890375,FALSE,-0.133713333512865,0.20810596598256
12,prec,MAY,-0.0570756464510263,FALSE,-0.239654669671864,0.156030184169283
13,prec,JUN,0.014822280092405,FALSE,-0.183867914759343,0.198512723209109
14,prec,JUL,0.127519531878658,FALSE,-0.0333858559647512,0.315759206817433
15,prec,AUG,-0.105360099447658,FALSE,-0.292122548623743,0.1038540722149
16,prec,SEP,-0.00590262962486357,FALSE,-0.167590576173987,0.159246204466053
17,temp,jun,-0.0779941420722819,FALSE,-0.270908955371459,0.0968411405416335
18,temp,jul,-0.0883671804092686,FALSE,-0.262844847225599,0.0943923940518557
19,temp,aug,-0.00975731966285355,FALSE,-0.204570432098465,0.173311399093608
20,temp,sep,0.189708986583527,FALSE,-0.0309797194327919,0.391336490300312
21,temp,oct,-0.103735081903984,FALSE,-0.298789672437826,0.0656882933955264
22,temp,nov,0.117118221147907,FALSE,-0.0574663714558776,0.301941723455937
23,temp,dec,0.0286760196797187,FALSE,-0.177736640868772,0.221862261996296
24,temp,JAN,-0.0731296036954374,FALSE,-0.287819125076826,0.131033489857752
25,temp,FEB,0.0197675561532476,FALSE,-0.160133789958948,0.179969943229646
26,temp,MAR,0.0872132168546121,FALSE,-0.117840334084845,0.284201871906042
27,temp,APR,-0.0994692863652496,FALSE,-0.335386659862144,0.0867257173495331
28,temp,MAY,0.0453742563601216,FALSE,-0.138582096368249,0.214389433592318
29,temp,JUN,0.166650583747926,FALSE,-0.0224403867242266,0.337789870664774
30,temp,JUL,0.0997826385715946,FALSE,-0.0735503801911413,0.283557441578734
31,temp,AUG,0.0515998297182357,FALSE,-0.15448225633331,0.250324153122441
32,temp,SEP,-0.0263622392202517,FALSE,-0.229400612839711,0.192590488210736
