id,varname,month,coef,significant,ci_lower,ci_upper
1,prec,jun,0.0899432707996687,FALSE,-0.11748316785698,0.276959155434939
2,prec,jul,-0.0271697604250574,FALSE,-0.233980604863842,0.14667123959519
3,prec,aug,0.0189018819836756,FALSE,-0.191391873719948,0.247353998659303
4,prec,sep,0.0328419145455039,FALSE,-0.152461426001248,0.217031302525389
5,prec,oct,0.0583661084749479,FALSE,-0.113423999291395,0.231571685143414
6,prec,nov,0.120978144308894,FALSE,-0.0573122227120484,0.288362198788824
7,prec,dec,-0.0518973894480174,FALSE,-0.277062731688966,0.176876244219411
8,prec,JAN,0.228209410909322,TRUE,0.0226472985851408,0.419894083755267
9,prec,FEB,0.0721238622727814,FALSE,-0.105837618571164,0.260502910383419
10,prec,MAR,0.0485337779498141,FALSE,-0.111082320006521,0.225461974971097
11,prec,APR,0.0579872317734758,FALSE,-0.153593477888276,0.300812644547905
12,prec,MAY,0.101853523606127,FALSE,-0.143435980847897,0.293517483346223
13,prec,JUN,0.246092125439497,TRUE,0.054656542399289,0.415983871501121
14,prec,JUL,-0.0418118891831088,FALSE,-0.253421739748245,0.173515466739491
15,prec,AUG,-0.0274154910666971,FALSE,-0.200305420634761,0.175202238126209
16,prec,SEP,-0.0905140215877875,FALSE,-0.256062766169149,0.086220084764486
17,temp,jun,-0.0284305295524462,FALSE,-0.226823851901764,0.15976234884532
18,temp,jul,-0.0333884396011457,FALSE,-0.214173641998144,0.138656565159416
19,temp,aug,0.127728956481867,FALSE,-0.0388586772439595,0.33478714374102
20,temp,sep,0.17744409081321,TRUE,0.00509761389006189,0.346022347800073
21,temp,oct,-0.057203249266893,FALSE,-0.252943302035144,0.177757552577845
22,temp,nov,0.139352626306045,FALSE,-0.0106874386904464,0.284125845597193
23,temp,dec,0.0322330342248204,FALSE,-0.168784773935439,0.262305748719598
24,temp,JAN,0.0470087293528343,FALSE,-0.111414146799684,0.191778063618214
25,temp,FEB,0.0596406224463472,FALSE,-0.139830237234219,0.230994641179581
26,temp,MAR,0.0936262621261217,FALSE,-0.129521111698719,0.318057350737887
27,temp,APR,0.0409901298614389,FALSE,-0.159318419236017,0.208607058101266
28,temp,MAY,-0.139692002449772,FALSE,-0.367800311285631,0.0967511364879661
29,temp,JUN,-0.104957887502622,FALSE,-0.270128042754409,0.0857872869263004
30,temp,JUL,-0.160601108408852,FALSE,-0.33876407168222,0.00520817151649931
31,temp,AUG,0.114340864059121,FALSE,-0.0913584077897037,0.315478455672378
32,temp,SEP,0.0121299463035306,FALSE,-0.22451566454133,0.230440050161012
