id,varname,month,coef,significant,ci_lower,ci_upper
1,prec,jun,0.084242209424973,FALSE,-0.186856721257286,0.336359455783733
2,prec,jul,-0.00353302030203336,FALSE,-0.244196947727355,0.249072575169366
3,prec,aug,-0.0456264975229749,FALSE,-0.276033937687073,0.142054664102858
4,prec,sep,0.0219540794978291,FALSE,-0.220792068639242,0.237822629414894
5,prec,oct,0.0160544560067232,FALSE,-0.16916588279194,0.256145609658774
6,prec,nov,-0.0741880519662391,FALSE,-0.348601403747224,0.137703555581475
7,prec,dec,0.0138664176757618,FALSE,-0.225331149113942,0.20883471978576
8,prec,JAN,0.0297311017019384,FALSE,-0.225814152835462,0.241564231042396
9,prec,FEB,0.0619481863797933,FALSE,-0.215008188687793,0.314908196893464
10,prec,MAR,-0.0227590099665836,FALSE,-0.295001339723117,0.222653947377304
11,prec,APR,0.178773866370276,FALSE,-0.0491802790761336,0.407670568380625
12,prec,MAY,0.0447973182562663,FALSE,-0.199745378234612,0.265297265191155
13,prec,JUN,0.0897846208132809,FALSE,-0.130052680037926,0.350371165203061
14,prec,JUL,0.204040643630598,FALSE,-0.0244496443155243,0.396228578682471
15,prec,AUG,-0.0021057157384249,FALSE,-0.217257532656788,0.191500144667834
16,prec,SEP,0.118373501535575,FALSE,-0.125528404145777,0.330915013037493
17,temp,jun,-0.0114120711810439,FALSE,-0.242364306145461,0.268237817611663
18,temp,jul,-0.0589107042113545,FALSE,-0.242900328675888,0.100428515172604
19,temp,aug,0.00579490244009974,FALSE,-0.186454055658471,0.211337549167744
20,temp,sep,0.0764555518348991,FALSE,-0.172969161017163,0.326035235659923
21,temp,oct,-0.0888884603623143,FALSE,-0.290438015401996,0.11583252011859
22,temp,nov,0.00947501274883059,FALSE,-0.228764574804037,0.280050606339613
23,temp,dec,0.139669647173392,FALSE,-0.0803848214077154,0.35094352912419
24,temp,JAN,0.0829589460512514,FALSE,-0.10581203340781,0.299877018504741
25,temp,FEB,0.0861143382249789,FALSE,-0.150712142884755,0.324650020410913
26,temp,MAR,-0.118275013701533,FALSE,-0.387188527429659,0.111829768547269
27,temp,APR,-0.00561490290567781,FALSE,-0.199154352301411,0.168615960617094
28,temp,MAY,-0.199717695769398,FALSE,-0.43386852471184,0.035017256422221
29,temp,JUN,-0.0236472787419801,FALSE,-0.257820126103319,0.231176467861238
30,temp,JUL,-0.162098999327747,FALSE,-0.367264223876662,0.0515638933730983
31,temp,AUG,-0.112003805570123,FALSE,-0.298729210766553,0.0735763662506682
32,temp,SEP,0.0356748790939303,FALSE,-0.224408629200568,0.278634141116163
