id,varname,month,coef,significant,ci_lower,ci_upper
1,prec,jun,0.0507104560992339,FALSE,-0.185617310469274,0.247023537424902
2,prec,jul,0.0574448032097078,FALSE,-0.11586507436776,0.267092139937323
3,prec,aug,0.0647126822691376,FALSE,-0.153356492027164,0.273533349011388
4,prec,sep,0.0214502266177524,FALSE,-0.228219931633587,0.235217689313597
5,prec,oct,-0.00486457762585211,FALSE,-0.162558025231799,0.164282902174112
6,prec,nov,0.182853901235541,FALSE,-0.00744031919021492,0.390603746786207
7,prec,dec,-0.044449973952315,FALSE,-0.245157804844795,0.168270606940469
8,prec,JAN,0.203516350032201,FALSE,-0.0210598426276397,0.416904970744374
9,prec,FEB,0.0807073248588041,FALSE,-0.117114259423815,0.258256906576741
10,prec,MAR,0.25415876226004,TRUE,0.0177463277650468,0.442873991040304
11,prec,APR,-0.0634182521323142,FALSE,-0.249206549963136,0.120780393383467
12,prec,MAY,0.133761756624945,FALSE,-0.0859064168706976,0.326383633312725
13,prec,JUN,0.0291333198990419,FALSE,-0.153936716888063,0.237628728978156
14,prec,JUL,0.0158375583368366,FALSE,-0.158643333785722,0.180413178664399
15,prec,AUG,-0.122328687601079,FALSE,-0.303507309778218,0.0895934590290729
16,prec,SEP,-0.0272571509175232,FALSE,-0.217578098631016,0.154483638968975
17,temp,jun,-0.066748119090891,FALSE,-0.283412112857796,0.114045342649933
18,temp,jul,-0.137937100224764,FALSE,-0.303746664414789,0.0533241624393936
19,temp,aug,0.0283345720428056,FALSE,-0.116726506344585,0.206731866078015
20,temp,sep,-0.0179987987949566,FALSE,-0.213841250277583,0.199122809378292
21,temp,oct,0.0294351543227386,FALSE,-0.176048957094937,0.217232839332107
22,temp,nov,0.0765884478056238,FALSE,-0.0954597090568704,0.252938952397277
23,temp,dec,-0.0760825625869998,FALSE,-0.247922439769375,0.107967187936501
24,temp,JAN,0.151098888256924,FALSE,-0.0419616592421734,0.369757579185363
25,temp,FEB,-0.0424645580480385,FALSE,-0.269965698077718,0.19864266820004
26,temp,MAR,0.110598285646929,FALSE,-0.092225460305201,0.289013946354559
27,temp,APR,0.232755855255623,TRUE,0.0416000840364682,0.411033752570722
28,temp,MAY,-0.173258555949091,FALSE,-0.361345098803505,0.034484260755506
29,temp,JUN,-0.114879912382062,FALSE,-0.275148163817845,0.0725805407455749
30,temp,JUL,0.00530906935262674,FALSE,-0.192965274040794,0.212404788924198
31,temp,AUG,-0.0768288950862464,FALSE,-0.243467563201032,0.087029865263487
32,temp,SEP,0.0596676123667492,FALSE,-0.143298983026699,0.251214442548631
