id,varname,month,coef,significant,ci_lower,ci_upper
1,prec,jun,0.14278260118025,FALSE,-0.0631149238352715,0.338159824980922
2,prec,jul,0.0074745533287504,FALSE,-0.200417028794512,0.219504484467768
3,prec,aug,-0.157445257968366,FALSE,-0.358766597161486,0.0344656004298427
4,prec,sep,-0.0513644377062179,FALSE,-0.232513671790669,0.118222985994452
5,prec,oct,0.0390540853279911,FALSE,-0.164499042502668,0.253124683993427
6,prec,nov,0.00629085233575325,FALSE,-0.205073471451317,0.229812898969263
7,prec,dec,0.0388521441791303,FALSE,-0.217738782651099,0.274808341768061
8,prec,JAN,-0.0605647897329359,FALSE,-0.286368875550456,0.204329126679575
9,prec,FEB,0.0857614685021487,FALSE,-0.125884936220537,0.284470527600345
10,prec,MAR,0.0502667210082193,FALSE,-0.145632066303861,0.208930579567077
11,prec,APR,0.0168046151394318,FALSE,-0.189825314971036,0.238038680004205
12,prec,MAY,-0.0480604455337909,FALSE,-0.301483152157843,0.150203001648481
13,prec,JUN,0.127617476459112,FALSE,-0.0794998631884814,0.35296075860103
14,prec,JUL,0.0828469623477159,FALSE,-0.106224912364505,0.253130088143544
15,prec,AUG,-0.00711815895457155,FALSE,-0.185702366896596,0.183709046576176
16,prec,SEP,-0.0185627085311808,FALSE,-0.201023218011758,0.170128706040955
17,temp,jun,-0.0719218680058289,FALSE,-0.276830628961113,0.120850136463247
18,temp,jul,0.0205724142727585,FALSE,-0.194765735952345,0.215563657216745
19,temp,aug,0.110049999680415,FALSE,-0.0354681727957025,0.278858367389362
20,temp,sep,-0.0275028862892353,FALSE,-0.259239406571713,0.197958049512277
21,temp,oct,0.087266700143129,FALSE,-0.0927529924020572,0.250990103818803
22,temp,nov,-0.160512484960296,FALSE,-0.341408624225955,-0.00390607077185992
23,temp,dec,0.110760659965165,FALSE,-0.0553617823314946,0.294369370552316
24,temp,JAN,0.00935180199404234,FALSE,-0.172524700606275,0.220177375903361
25,temp,FEB,0.14062755621262,FALSE,-0.0734334708833392,0.338269440442087
26,temp,MAR,-0.10905375013364,FALSE,-0.306798013421352,0.0834198956163618
27,temp,APR,-0.0475251152678397,FALSE,-0.237127269014167,0.169505779626365
28,temp,MAY,0.0439452341206232,FALSE,-0.135198663951872,0.2678504630321
29,temp,JUN,-0.186618011691553,FALSE,-0.43000465577286,-0.0200131114128267
30,temp,JUL,-0.125875207973676,FALSE,-0.343179566278772,0.0707882316204985
31,temp,AUG,-0.0499344805907656,FALSE,-0.194344335800824,0.106815650034638
32,temp,SEP,-0.0925835524437058,FALSE,-0.290217605617002,0.0898095066723093
