id,varname,month,coef,significant,ci_lower,ci_upper
1,prec,jun,0.0843788093229961,FALSE,-0.0929293104043961,0.273496425425693
2,prec,jul,-0.0550094977346813,FALSE,-0.21674843545381,0.107433056766412
3,prec,aug,0.042086549324879,FALSE,-0.123127690254002,0.203163912028194
4,prec,sep,0.0138646852289714,FALSE,-0.180738818161245,0.201781657613627
5,prec,oct,-0.0110661914023635,FALSE,-0.202809352249251,0.158811880274419
6,prec,nov,0.023404283826229,FALSE,-0.129767988592893,0.19716587316063
7,prec,dec,-0.0693687928154743,FALSE,-0.224767578717092,0.0925156371404189
8,prec,JAN,-0.0559802648253529,FALSE,-0.236698853899388,0.121793936655335
9,prec,FEB,-0.00953310560989807,FALSE,-0.212897264348871,0.20931671678639
10,prec,MAR,-0.0541814997938674,FALSE,-0.222237918686007,0.117053388624559
11,prec,APR,-0.110354547061183,FALSE,-0.261525959706189,0.0583599201512465
12,prec,MAY,0.199223815328143,TRUE,0.0326968676499739,0.361487981014777
13,prec,JUN,0.25425564780211,TRUE,0.0757429026949797,0.423603886251483
14,prec,JUL,-0.00714960150129279,FALSE,-0.164519497626617,0.144823928797347
15,prec,AUG,0.0351936125374537,FALSE,-0.137819928921081,0.19515743962235
16,prec,SEP,-0.153344124790726,FALSE,-0.314560755184738,0.00811347868328641
17,temp,jun,-0.0342166818321483,FALSE,-0.205982800626368,0.123383411775402
18,temp,jul,0.0719066724881691,FALSE,-0.0636786196769182,0.218461144472885
19,temp,aug,-0.0155175233823332,FALSE,-0.154645466164901,0.134476421614802
20,temp,sep,-0.114645864479459,FALSE,-0.250812065059878,0.0653090493689283
21,temp,oct,-0.0702062112849252,FALSE,-0.225196402284334,0.0970264331468274
22,temp,nov,0.0371156864578778,FALSE,-0.128505895097277,0.185678511723409
23,temp,dec,0.173518931133451,FALSE,-0.0153579337804886,0.355326313528654
24,temp,JAN,0.115108066546477,FALSE,-0.0401831905086355,0.260685231316314
25,temp,FEB,0.132084730338887,FALSE,-0.103981888615994,0.329773500612572
26,temp,MAR,0.100283911383663,FALSE,-0.0702518415904444,0.257496630031664
27,temp,APR,-0.103808840394676,FALSE,-0.282051720897512,0.069316361535605
28,temp,MAY,-0.13453835095744,FALSE,-0.323329403179955,0.0430609596365802
29,temp,JUN,-0.195381809640228,TRUE,-0.336560127576314,-0.0395131647681609
30,temp,JUL,-0.11435259893274,FALSE,-0.266658810842147,0.029101043694106
31,temp,AUG,-0.0545617196413807,FALSE,-0.216202169754401,0.105850841471205
32,temp,SEP,0.0498941685310723,FALSE,-0.133316592973198,0.250679724882122
