id,varname,month,coef,significant,ci_lower,ci_upper
1,prec,jun,0.0265390330604721,FALSE,-0.147117512919465,0.19637386764622
2,prec,jul,0.142890465935146,FALSE,-0.0304586888629193,0.344002306639162
3,prec,aug,0.00517751424624045,FALSE,-0.138231893292989,0.155205483661366
4,prec,sep,0.0775250901393537,FALSE,-0.0678793288173716,0.225876139250491
5,prec,oct,0.0686393130025485,FALSE,-0.118930667615767,0.225715536243262
6,prec,nov,-0.0532339134540264,FALSE,-0.228933109549178,0.145436073440675
7,prec,dec,-0.0919243368030337,FALSE,-0.280078127485421,0.0975332361944419
8,prec,JAN,0.0090432263361805,FALSE,-0.221888179587644,0.198298834029357
9,prec,FEB,0.0909326578115088,FALSE,-0.0971792642199698,0.268178511199229
10,prec,MAR,-0.0190841899560447,FALSE,-0.218398077393583,0.158314107322453
11,prec,APR,-0.0473515189814067,FALSE,-0.223818110665649,0.120465166657598
12,prec,MAY,0.155883632936333,FALSE,-0.012952611195211,0.316121475631897
13,prec,JUN,0.137065851614333,FALSE,-0.0500078831463858,0.331591764491656
14,prec,JUL,-0.102545373722234,FALSE,-0.275093589098664,0.0498115794886387
15,prec,AUG,0.0866575673260052,FALSE,-0.112908328113106,0.238453479338039
16,prec,SEP,-0.118485835328408,FALSE,-0.31227308545469,0.0623219656247189
17,temp,jun,0.0966967802163649,FALSE,-0.108840720980192,0.278580644887806
18,temp,jul,0.114764408391961,FALSE,-0.0710422470121665,0.295312569963343
19,temp,aug,0.0620289704119921,FALSE,-0.0638895643208451,0.221240625982864
20,temp,sep,-0.0415280714459195,FALSE,-0.250844526677848,0.168774541709414
21,temp,oct,-0.0406852950414087,FALSE,-0.201464652903075,0.105184505964369
22,temp,nov,-0.0445889297947192,FALSE,-0.244915808119831,0.128980014579404
23,temp,dec,0.102737617805551,FALSE,-0.0826991023576518,0.262471421442063
24,temp,JAN,0.169447553871511,FALSE,-0.0110116471889686,0.331821010768003
25,temp,FEB,0.0895829366722271,FALSE,-0.124206616456087,0.289553173846575
26,temp,MAR,0.0983412642371845,FALSE,-0.087091300114523,0.284418978392184
27,temp,APR,-0.0682780508684128,FALSE,-0.245648081549276,0.118119765961316
28,temp,MAY,-0.124956608678744,FALSE,-0.281450867682152,0.0377177347696397
29,temp,JUN,-0.188571836944079,TRUE,-0.384108257384725,-0.0197620718178926
30,temp,JUL,-0.044919504611861,FALSE,-0.207234993061179,0.133336760953647
31,temp,AUG,-0.0859633386085207,FALSE,-0.228769017415294,0.0564230726292603
32,temp,SEP,-0.115636890004413,FALSE,-0.278583459250287,0.0672566431019027
