id,varname,month,coef,significant,ci_lower,ci_upper
1,prec,jun,0.0694782118441022,FALSE,-0.133195238137297,0.265705746360453
2,prec,jul,-0.0235552685573308,FALSE,-0.225896352893251,0.18332365378914
3,prec,aug,0.0294221866306069,FALSE,-0.221596435608642,0.233905685153996
4,prec,sep,0.0251672357980794,FALSE,-0.17996871642418,0.236502952312133
5,prec,oct,-0.020718254778376,FALSE,-0.200606281606123,0.168552115016579
6,prec,nov,-0.0357834268411194,FALSE,-0.220494616342549,0.130312038687788
7,prec,dec,-0.0907703848289322,FALSE,-0.273285499570741,0.105485881718314
8,prec,JAN,0.112433802944811,FALSE,-0.15285569456276,0.333194919681957
9,prec,FEB,-0.0254732792287588,FALSE,-0.206595915254641,0.17160843384066
10,prec,MAR,0.000312580410347112,FALSE,-0.183603199862709,0.18584077990914
11,prec,APR,0.0724392931281382,FALSE,-0.0851067888265437,0.252990337086788
12,prec,MAY,0.0546080972980756,FALSE,-0.141679303252666,0.271214103575365
13,prec,JUN,0.0862664716169339,FALSE,-0.111823266674843,0.272845915889468
14,prec,JUL,0.0172347175632947,FALSE,-0.169516957320255,0.239476253295554
15,prec,AUG,0.284972287528232,TRUE,0.0199367076000262,0.485844850584917
16,prec,SEP,-0.00149403375844813,FALSE,-0.180173907673692,0.218730152932823
17,temp,jun,0.0979584074929132,FALSE,-0.135809635422573,0.340902021249211
18,temp,jul,-0.135276893896735,FALSE,-0.354046771452691,0.0631694152723732
19,temp,aug,-0.0118591521962824,FALSE,-0.211696586163222,0.17276431956355
20,temp,sep,0.00538203520835118,FALSE,-0.194987767940707,0.215027472497501
21,temp,oct,0.0614863772224733,FALSE,-0.112987048428495,0.270739956142175
22,temp,nov,-0.166372553440383,FALSE,-0.395291182514286,0.0545479795746404
23,temp,dec,-0.0329269339677997,FALSE,-0.227590966640133,0.141288199021475
24,temp,JAN,-0.230902141165671,TRUE,-0.458512419309879,-0.0496138630650862
25,temp,FEB,0.0165955302188579,FALSE,-0.175888707771682,0.245650294974738
26,temp,MAR,-0.132343353473201,FALSE,-0.320987314052875,0.0530200938571949
27,temp,APR,-0.0355903772165493,FALSE,-0.23820937310462,0.181471660586174
28,temp,MAY,-0.0661093981890327,FALSE,-0.231871956576924,0.119975907336416
29,temp,JUN,0.228572255458661,FALSE,-0.000398652646981482,0.443418424956801
30,temp,JUL,0.029563913393093,FALSE,-0.216456435619877,0.269567731855605
31,temp,AUG,0.119770194171387,FALSE,-0.0951305917658747,0.310680570900324
32,temp,SEP,-0.00888274353154921,FALSE,-0.217835513613689,0.203177040047935
