id,varname,month,coef,significant,ci_lower,ci_upper
1,prec,jun,0.0267981234060292,FALSE,-0.173545826119956,0.210812371263657
2,prec,jul,-0.0844474672968579,FALSE,-0.288545843465122,0.109111254098399
3,prec,aug,0.163626967186204,FALSE,-0.0733833838805182,0.398004034357734
4,prec,sep,0.128183725504783,FALSE,-0.0768433499319344,0.311784053002689
5,prec,oct,-0.0506611038195818,FALSE,-0.266234005037515,0.140549993786834
6,prec,nov,0.081294778235197,FALSE,-0.161710522852574,0.290918510328232
7,prec,dec,0.14592936556991,FALSE,-0.0309586011524277,0.355500970500856
8,prec,JAN,0.0768426824749003,FALSE,-0.124951653219512,0.275722997027002
9,prec,FEB,0.141647234118436,FALSE,-0.086111755856139,0.370144260240618
10,prec,MAR,0.201671590624205,FALSE,-0.00425762584180574,0.416558701357036
11,prec,APR,-0.0543404796823014,FALSE,-0.242838471776691,0.155892727389216
12,prec,MAY,-0.0188926331210699,FALSE,-0.231347614796561,0.211843955901293
13,prec,JUN,-0.0471704474702707,FALSE,-0.286332520661737,0.164240531637061
14,prec,JUL,0.0190359612334101,FALSE,-0.193789418998379,0.236005345453278
15,prec,AUG,0.167471159053636,FALSE,-0.0492402940140113,0.415639673572955
16,prec,SEP,-0.143577884637986,FALSE,-0.319188192194413,0.072760417696829
17,temp,jun,0.0733545917527065,FALSE,-0.193854615984262,0.340458688326377
18,temp,jul,-0.050145933495558,FALSE,-0.26101433826797,0.170856073187243
19,temp,aug,0.10281738265678,FALSE,-0.145743539517012,0.295947385092339
20,temp,sep,-0.237955052189176,TRUE,-0.456899251044221,-0.0211477430104016
21,temp,oct,0.0918499648664858,FALSE,-0.10673095306969,0.282991475739886
22,temp,nov,0.0836314666394158,FALSE,-0.142361051307043,0.300798406600914
23,temp,dec,0.0187813794439636,FALSE,-0.230435805942947,0.301699019120697
24,temp,JAN,0.0294281948043072,FALSE,-0.204508370757932,0.242332386721472
25,temp,FEB,-0.112865035479482,FALSE,-0.334531239239848,0.0965488907599776
26,temp,MAR,-0.0229904411671916,FALSE,-0.203421184266465,0.194816318828764
27,temp,APR,0.0580919321911468,FALSE,-0.146592269582014,0.253469252090238
28,temp,MAY,-0.0435388504893615,FALSE,-0.272212297166007,0.195612583309261
29,temp,JUN,-0.0749888021431418,FALSE,-0.365411113331056,0.15806989887785
30,temp,JUL,-0.0644440085197641,FALSE,-0.300687351458633,0.149124735986973
31,temp,AUG,0.18607689920014,FALSE,-0.0392392733109219,0.386656809432428
32,temp,SEP,-0.00744823550431676,FALSE,-0.216578506422242,0.259702875842796
