id,varname,month,coef,significant,ci_lower,ci_upper
1,prec,jun,-0.0917226257165379,FALSE,-0.288718734557851,0.128938081382971
2,prec,jul,-0.128476486649012,FALSE,-0.325750314680489,0.0938143822021108
3,prec,aug,0.0964757186136081,FALSE,-0.103949931331747,0.324845311899041
4,prec,sep,-0.0221288652924079,FALSE,-0.220558445764828,0.161401037711658
5,prec,oct,-0.0700808020103731,FALSE,-0.280039158979245,0.14109584556725
6,prec,nov,-0.0655891718076834,FALSE,-0.262557475751145,0.116912135877721
7,prec,dec,0.0116180094906493,FALSE,-0.167973296373284,0.195334365653976
8,prec,JAN,-0.0473554632418797,FALSE,-0.260515839566788,0.168402785856774
9,prec,FEB,-0.0192260414029562,FALSE,-0.212053701263232,0.179931269473697
10,prec,MAR,-0.00439831048776404,FALSE,-0.192065912853708,0.183908115613308
11,prec,APR,0.00804405858086414,FALSE,-0.201405037301087,0.203140975279741
12,prec,MAY,0.0143145434214567,FALSE,-0.17296636936085,0.22596480763287
13,prec,JUN,0.0718983232710869,FALSE,-0.10778365434093,0.258190384224474
14,prec,JUL,0.0945695065607605,FALSE,-0.0883644685711089,0.287527809058524
15,prec,AUG,-0.0983392230551209,FALSE,-0.313119454198985,0.0991826228894397
16,prec,SEP,-0.00850129190706472,FALSE,-0.249171618511065,0.208368586686511
17,temp,jun,0.127106237973106,FALSE,-0.066530918814166,0.319775390421639
18,temp,jul,0.129891552276081,FALSE,-0.0664450446722879,0.370195766888713
19,temp,aug,-0.00435979695247588,FALSE,-0.211065843378203,0.205385000745439
20,temp,sep,-0.065687905052219,FALSE,-0.278103633694483,0.118210506570286
21,temp,oct,0.0341327190865902,FALSE,-0.143015096437724,0.237757633918933
22,temp,nov,-0.0975689642981168,FALSE,-0.329587682942629,0.108766953380015
23,temp,dec,0.076075045931077,FALSE,-0.123610062133284,0.284352125941576
24,temp,JAN,0.0293438820287129,FALSE,-0.155124506286796,0.217774612690014
25,temp,FEB,-0.0323684559746866,FALSE,-0.241572770267231,0.161211312328248
26,temp,MAR,0.12302648437472,FALSE,-0.0608492437633478,0.287149057604081
27,temp,APR,-0.0311757712065848,FALSE,-0.219160293569768,0.17805959098924
28,temp,MAY,0.0518616667484989,FALSE,-0.217238331442141,0.280005828760102
29,temp,JUN,-0.050409084304917,FALSE,-0.235059063896516,0.153341696648054
30,temp,JUL,-0.0461216620335573,FALSE,-0.277348575837455,0.149968705365819
31,temp,AUG,-0.169060046773581,FALSE,-0.382354395935834,0.0314826983041136
32,temp,SEP,-0.0862797539691542,FALSE,-0.307064289405533,0.140803261216238
