id,varname,month,coef,significant,ci_lower,ci_upper
1,prec,jun,-0.0746031167860613,FALSE,-0.225034899393759,0.0985877688316718
2,prec,jul,0.0946472540077236,FALSE,-0.0873815916611003,0.26418237447494
3,prec,aug,0.141445049346667,FALSE,-0.0362317386356899,0.336857104116105
4,prec,sep,-0.0757496059334788,FALSE,-0.254555676915787,0.0777131035509364
5,prec,oct,0.0394879367884045,FALSE,-0.156762360476876,0.224769491289062
6,prec,nov,0.0299891023611795,FALSE,-0.165944588882447,0.200931187424345
7,prec,dec,0.00965697165820037,FALSE,-0.171884670773069,0.158461992792577
8,prec,JAN,0.165946315832154,FALSE,-0.0113038848639535,0.328753186523844
9,prec,FEB,0.0615024217351434,FALSE,-0.144964790812461,0.22681507724591
10,prec,MAR,0.160437153476738,FALSE,-0.0488348709543708,0.356500933810866
11,prec,APR,0.113297900890719,FALSE,-0.0438767453756414,0.275713860379463
12,prec,MAY,-0.0331227317174373,FALSE,-0.250765021057274,0.165410069873185
13,prec,JUN,0.124207028107149,FALSE,-0.056462921270627,0.285959916163334
14,prec,JUL,0.199052847828319,FALSE,-0.0142248556353195,0.388758860984037
15,prec,AUG,0.0925216701951212,FALSE,-0.0947497199926277,0.260270224406925
16,prec,SEP,0.225148377994007,FALSE,-0.000759937200646446,0.414461898369687
17,temp,jun,0.00697644357330478,FALSE,-0.205505362014599,0.188632207345768
18,temp,jul,0.112244149681043,FALSE,-0.0608573578900533,0.267314017069074
19,temp,aug,0.0675603784510754,FALSE,-0.121701123850711,0.277747367994046
20,temp,sep,0.0151106990353276,FALSE,-0.15473695674585,0.188038900864096
21,temp,oct,0.104912524261568,FALSE,-0.100127589714954,0.295706071222645
22,temp,nov,-0.0218682302559059,FALSE,-0.218073395733302,0.152098710594014
23,temp,dec,0.0639128247938399,FALSE,-0.135616134915573,0.243728830658876
24,temp,JAN,-0.00498634519577914,FALSE,-0.213804710041444,0.172840441804547
25,temp,FEB,0.0673782964028357,FALSE,-0.113177902802334,0.254595854726771
26,temp,MAR,0.0574845754147207,FALSE,-0.104198399216397,0.223238534034739
27,temp,APR,0.0146539993488821,FALSE,-0.176768629056032,0.198751554893239
28,temp,MAY,0.0105724034254784,FALSE,-0.203500727631044,0.221657410842762
29,temp,JUN,-0.0769034981069161,FALSE,-0.273987619515715,0.127049435375277
30,temp,JUL,0.0474881085441745,FALSE,-0.120306646263614,0.25848568095706
31,temp,AUG,-0.282757189357941,TRUE,-0.466138550600784,-0.0842035630209482
32,temp,SEP,-0.128155931110186,FALSE,-0.302105007980443,0.070085534321521
