id,varname,month,coef,significant,ci_lower,ci_upper
1,prec,jun,0.0826919072926226,FALSE,-0.0923097940161876,0.246195921912018
2,prec,jul,-0.0766693260230158,FALSE,-0.255045349434753,0.117938723253976
3,prec,aug,-0.0341415528574963,FALSE,-0.231601272133843,0.147202215784706
4,prec,sep,-0.0314588381264382,FALSE,-0.194567453717528,0.152132593476107
5,prec,oct,0.0168269925963283,FALSE,-0.182101102458039,0.172909320442497
6,prec,nov,0.0435439484956756,FALSE,-0.13281594308834,0.217930355099751
7,prec,dec,0.0915114384494934,FALSE,-0.055420382538641,0.252945247465077
8,prec,JAN,0.167882090562376,FALSE,-0.00607775614359817,0.337788485634492
9,prec,FEB,0.0623280708604536,FALSE,-0.160542829584167,0.244810654218158
10,prec,MAR,0.0428206187707224,FALSE,-0.156275909298728,0.23481677606583
11,prec,APR,0.083704774531716,FALSE,-0.0768664686304522,0.250982982264988
12,prec,MAY,-0.0553130728599747,FALSE,-0.250946915347594,0.126297808928756
13,prec,JUN,-0.0867209950061507,FALSE,-0.278173002957215,0.0994605928048518
14,prec,JUL,-0.0997689912834143,FALSE,-0.259383748732968,0.0841838974790125
15,prec,AUG,0.010283502614899,FALSE,-0.18576578710596,0.197325739358309
16,prec,SEP,-0.110243299967144,FALSE,-0.270795612787432,0.0865648668872797
17,temp,jun,0.0648495103789518,FALSE,-0.123853228760851,0.232540493554736
18,temp,jul,0.0116805276566529,FALSE,-0.134829347566215,0.152573724137645
19,temp,aug,0.049556897191497,FALSE,-0.137930438129512,0.277738403360938
20,temp,sep,-0.0711023787574946,FALSE,-0.260082771696671,0.10354505991841
21,temp,oct,-0.118217010740948,FALSE,-0.278788409698653,0.0348610981283343
22,temp,nov,-0.0830336453796243,FALSE,-0.257809496724587,0.105462855382436
23,temp,dec,-0.135490842785882,TRUE,-0.253098921126586,-0.00781667281737889
24,temp,JAN,-0.116204612739006,FALSE,-0.287920727637382,0.0769194715115926
25,temp,FEB,-0.196011405773038,FALSE,-0.400214062462283,-0.00276128835691254
26,temp,MAR,-0.0261127601375281,FALSE,-0.204839623977517,0.137296233944517
27,temp,APR,-0.000235353278073919,FALSE,-0.154406055558567,0.172243409725842
28,temp,MAY,0.0254526594212868,FALSE,-0.15083579923247,0.188933561729793
29,temp,JUN,0.133239145601937,FALSE,-0.0404036930670353,0.313201983776277
30,temp,JUL,-0.104400745523242,FALSE,-0.297071181957945,0.0806678459879979
31,temp,AUG,0.0417706860351803,FALSE,-0.139033230405962,0.22921606432941
32,temp,SEP,0.0520291186251165,FALSE,-0.102327163236958,0.257642516709801
