id,varname,month,coef,significant,ci_lower,ci_upper
1,prec,jun,0.0594295449341997,FALSE,-0.141947432431123,0.280976793576542
2,prec,jul,-0.149658380549322,FALSE,-0.337395384342033,0.0556349365657403
3,prec,aug,0.0699350681154773,FALSE,-0.14390706274689,0.262093791001185
4,prec,sep,-0.0674313987180744,FALSE,-0.247995919545803,0.15216146887021
5,prec,oct,0.010663408564359,FALSE,-0.168462011139949,0.202674205743394
6,prec,nov,0.0238643458580348,FALSE,-0.163011101642515,0.21113290322123
7,prec,dec,-0.018754881137219,FALSE,-0.196902519661072,0.159359148978043
8,prec,JAN,0.147227013208273,FALSE,-0.0955843639545504,0.363047205930929
9,prec,FEB,0.0639825721934265,FALSE,-0.123911445186522,0.272084925966883
10,prec,MAR,0.0118097697886432,FALSE,-0.186837949615931,0.21856448589053
11,prec,APR,-0.013532399919118,FALSE,-0.189559223088785,0.165336638416083
12,prec,MAY,0.0430779269963306,FALSE,-0.160613564884091,0.243995812646884
13,prec,JUN,0.150759609967131,FALSE,-0.0458476124400793,0.320676149933199
14,prec,JUL,-0.0188377911115427,FALSE,-0.193595024743355,0.170427232805925
15,prec,AUG,0.2585318039017,TRUE,0.0507913278564659,0.46830567584528
16,prec,SEP,-0.156411522676068,FALSE,-0.343085004180141,0.0181176538297573
17,temp,jun,0.101408025576887,FALSE,-0.104353873009487,0.318028133317744
18,temp,jul,-0.060572383125896,FALSE,-0.261309097783246,0.119084260965379
19,temp,aug,0.0142647241909546,FALSE,-0.188290025621279,0.189593879695323
20,temp,sep,0.00521702523786889,FALSE,-0.175618887292066,0.188475094642996
21,temp,oct,0.154546197484392,FALSE,-0.0385877330454535,0.334814390064804
22,temp,nov,0.0479260210535125,FALSE,-0.175443377740566,0.283106144361002
23,temp,dec,0.080521353923374,FALSE,-0.136371357796943,0.282376913177554
24,temp,JAN,-0.251565163499527,TRUE,-0.474019677068217,-0.0410034009376421
25,temp,FEB,-0.10445787538455,FALSE,-0.288230567763695,0.104541823714571
26,temp,MAR,-0.169849955876685,FALSE,-0.368569666773084,0.02685526077047
27,temp,APR,-0.0168244244819159,FALSE,-0.239261160119234,0.205004376343814
28,temp,MAY,-0.00799323753142629,FALSE,-0.180192145402977,0.17062814889209
29,temp,JUN,0.161138878904863,FALSE,-0.0405448170927168,0.347297388209703
30,temp,JUL,0.092318629354991,FALSE,-0.116754244120251,0.289829170817292
31,temp,AUG,0.124312842438787,FALSE,-0.0937594585079574,0.344536769676853
32,temp,SEP,0.036543032033007,FALSE,-0.15922378554083,0.230084248095952
