id,varname,month,coef,significant,ci_lower,ci_upper
1,prec,jun,0.21548430406656,TRUE,0.0294196701354705,0.410317501505377
2,prec,jul,-0.0274209401944311,FALSE,-0.219687700279051,0.154092582124086
3,prec,aug,-0.145852015643754,FALSE,-0.346545447715051,0.0445078128920251
4,prec,sep,-0.0261051005754435,FALSE,-0.207333412415582,0.184018138056755
5,prec,oct,-0.0866523111206658,FALSE,-0.27430713519694,0.0919611561662608
6,prec,nov,-0.0570127508946223,FALSE,-0.224217408497315,0.13413907910511
7,prec,dec,-0.0768827656860585,FALSE,-0.247424706132656,0.0958630372843484
8,prec,JAN,-0.0969481303636352,FALSE,-0.315424640082711,0.0928852708641735
9,prec,FEB,-0.0561801898452115,FALSE,-0.242075316938311,0.141154875643256
10,prec,MAR,0.131624025906314,FALSE,-0.128447509256962,0.372040943447019
11,prec,APR,-0.0660634095612066,FALSE,-0.234092457971564,0.0862637844343145
12,prec,MAY,-0.034733730598032,FALSE,-0.222441651655456,0.138390518615617
13,prec,JUN,0.0837277732589182,FALSE,-0.102394069720732,0.265076980062949
14,prec,JUL,-0.0230452183365097,FALSE,-0.192684323679364,0.161066378778223
15,prec,AUG,0.0944804187788597,FALSE,-0.110109935156907,0.289094644763702
16,prec,SEP,0.00600912095655103,FALSE,-0.170856264698753,0.164329307363936
17,temp,jun,0.0944877640742196,FALSE,-0.100190034915489,0.293180439077262
18,temp,jul,-0.0300271814533525,FALSE,-0.180828232290623,0.11486112349482
19,temp,aug,0.0638974560860997,FALSE,-0.139614946523546,0.243318822417348
20,temp,sep,0.13297671948703,FALSE,-0.0570887666667994,0.307819472721281
21,temp,oct,0.0735111323741456,FALSE,-0.0896071535012455,0.227088545942265
22,temp,nov,-0.0901372139041161,FALSE,-0.26088548266873,0.0842043394416047
23,temp,dec,-0.0762230976205248,FALSE,-0.254078892661328,0.0840343539132054
24,temp,JAN,-0.154508463122471,FALSE,-0.331566225099838,0.0166984126452294
25,temp,FEB,-0.0654928302673203,FALSE,-0.262113692687332,0.124166074500365
26,temp,MAR,-0.0565822314357893,FALSE,-0.236980145909953,0.123821027989727
27,temp,APR,-0.0247647394374604,FALSE,-0.186786080277513,0.133457932627935
28,temp,MAY,-0.0273249984077238,FALSE,-0.213921524757431,0.150333935890788
29,temp,JUN,0.196593912989449,TRUE,0.0303715915485595,0.352907772128942
30,temp,JUL,0.0707952882051734,FALSE,-0.123265081844807,0.265639072658749
31,temp,AUG,0.27358051257455,TRUE,0.0762459614304528,0.464260365557862
32,temp,SEP,0.00374554741385233,FALSE,-0.179616211141336,0.201736527456447
