id,varname,month,coef,significant,ci_lower,ci_upper
1,prec,jun,0.307053101875115,TRUE,0.130322713715056,0.50333823020835
2,prec,jul,-0.0289710203644962,FALSE,-0.221264666731439,0.159359765577549
3,prec,aug,0.00191834230377883,FALSE,-0.21518889002546,0.222140143276921
4,prec,sep,-0.130102871263361,FALSE,-0.295699213609024,0.0387692739089393
5,prec,oct,0.0419695533197313,FALSE,-0.124018663661001,0.226032991099792
6,prec,nov,-0.0292850302745941,FALSE,-0.183627873748774,0.137205872686752
7,prec,dec,0.0921925839667403,FALSE,-0.0462454475352543,0.263018921069867
8,prec,JAN,0.0399803331279691,FALSE,-0.141271674599407,0.210111263292166
9,prec,FEB,0.0912248662964664,FALSE,-0.0998524104978077,0.287955995879038
10,prec,MAR,0.0623269762997536,FALSE,-0.136492332691913,0.260484507944994
11,prec,APR,-0.0890746661328477,FALSE,-0.258506635189476,0.0610224544628803
12,prec,MAY,-0.102117546066772,FALSE,-0.272943777882933,0.061390305800464
13,prec,JUN,0.0977281584550144,FALSE,-0.0846487160857371,0.275233771500856
14,prec,JUL,-0.100780000774831,FALSE,-0.251937977630929,0.0712810232143651
15,prec,AUG,0.0416104470236599,FALSE,-0.140202746237173,0.229051469020122
16,prec,SEP,0.000650759844927355,FALSE,-0.15457200441013,0.148077961013104
17,temp,jun,0.0906296033118751,FALSE,-0.0805968567388768,0.263873727742585
18,temp,jul,-0.116477436965732,FALSE,-0.261540838834361,0.0278858304873728
19,temp,aug,0.0741585542607749,FALSE,-0.093808251589968,0.227735236288155
20,temp,sep,0.0678724899819166,FALSE,-0.103278202084697,0.248023300128504
21,temp,oct,0.037534518902198,FALSE,-0.134522087417928,0.224052351634649
22,temp,nov,-0.0387899367670367,FALSE,-0.2091050320753,0.134487379775461
23,temp,dec,-0.0778699794836444,FALSE,-0.214772658486436,0.0770122460259231
24,temp,JAN,-0.119150841220508,FALSE,-0.289192979469183,0.0568864507179377
25,temp,FEB,-0.144061923334927,FALSE,-0.304640059871004,0.0181643443881302
26,temp,MAR,-0.0428557228803992,FALSE,-0.193430331162465,0.0948340409975559
27,temp,APR,0.0550088534508158,FALSE,-0.0828458752345753,0.190203729244535
28,temp,MAY,0.0594681401985294,FALSE,-0.119665415793376,0.224096362939308
29,temp,JUN,0.140759447373588,FALSE,-0.011227740955374,0.279921354702474
30,temp,JUL,-0.0377069480663545,FALSE,-0.223456115638529,0.136334949796347
31,temp,AUG,0.0970362691587982,FALSE,-0.0874396291396374,0.269297699878654
32,temp,SEP,-0.0058413558832938,FALSE,-0.181097650898441,0.153720769713337
