id,varname,month,coef,significant,ci_lower,ci_upper
1,prec,jun,0.0916864133806234,FALSE,-0.0452161985061284,0.230966003019847
2,prec,jul,0.0344016872763613,FALSE,-0.0892800476545811,0.166958941785745
3,prec,aug,-0.0138764411099842,FALSE,-0.226376430254076,0.177826798309421
4,prec,sep,0.0702579472130588,FALSE,-0.0773033100197541,0.24420301189974
5,prec,oct,0.104579339539474,FALSE,-0.0567149415593332,0.269381744141375
6,prec,nov,0.11442694321533,FALSE,-0.013913607232425,0.256948625831534
7,prec,dec,0.0476326313522257,FALSE,-0.103406067518178,0.181896070211271
8,prec,JAN,0.136909310366083,FALSE,-0.0387905321320422,0.295858672464965
9,prec,FEB,0.19634036142037,TRUE,0.041759665539542,0.347653411693459
10,prec,MAR,0.1045163149567,FALSE,-0.0904799623679672,0.304884956938217
11,prec,APR,0.0878344986367803,FALSE,-0.069069215318827,0.208584199729328
12,prec,MAY,-0.0159214394737693,FALSE,-0.176073163910724,0.150093977030014
13,prec,JUN,-0.043414217077566,FALSE,-0.18206848180317,0.104588662505541
14,prec,JUL,0.050730926503895,FALSE,-0.086131943002361,0.183104308948903
15,prec,AUG,-0.108171083384281,FALSE,-0.267775548185696,0.035455191961976
16,prec,SEP,0.0248290863065699,FALSE,-0.166343368726962,0.228378034342692
17,temp,jun,0.148610239512526,TRUE,0.00950667362768622,0.296526291999202
18,temp,jul,0.111282045352685,FALSE,-0.0256286826816846,0.248540047334826
19,temp,aug,0.0445387690347537,FALSE,-0.109489419704212,0.212110958290347
20,temp,sep,0.0308375954776915,FALSE,-0.15680930985626,0.192574831227573
21,temp,oct,0.0396659374688161,FALSE,-0.0985886141817986,0.173797019086675
22,temp,nov,0.0507210644706498,FALSE,-0.0877248743219645,0.232175265681035
23,temp,dec,-0.0714912403079976,FALSE,-0.184775588070951,0.0655077419501882
24,temp,JAN,-0.0640486137626015,FALSE,-0.259000299356289,0.0829176833804065
25,temp,FEB,-0.173282285713851,TRUE,-0.336027606931348,-0.0363475737444003
26,temp,MAR,-0.0277456650100879,FALSE,-0.190873584341533,0.09865686175983
27,temp,APR,-0.00325054178658077,FALSE,-0.158562142100127,0.15062495703366
28,temp,MAY,0.0473518915074438,FALSE,-0.11730163822719,0.228800442104065
29,temp,JUN,0.144491528009495,FALSE,0.00709594437302563,0.300791549979791
30,temp,JUL,0.0640209270786078,FALSE,-0.0885083410631914,0.214912778129884
31,temp,AUG,0.0445193988702316,FALSE,-0.170124824330857,0.224506066046781
32,temp,SEP,0.0814564584047873,FALSE,-0.104818235446305,0.253105804569969
