id,varname,month,coef,significant,ci_lower,ci_upper
1,prec,jun,-0.0763403901039095,FALSE,-0.295827487309893,0.156769897329232
2,prec,jul,0.147087657989752,FALSE,-0.0411589347401942,0.321136738368589
3,prec,aug,-0.105458022791814,FALSE,-0.268691632229912,0.046795623108387
4,prec,sep,0.0423513733302459,FALSE,-0.119115131433119,0.23165585323169
5,prec,oct,0.0288958833919498,FALSE,-0.159975331812978,0.21784821419772
6,prec,nov,0.166443635459678,FALSE,-0.0336171802114305,0.36274916463065
7,prec,dec,0.19650767456356,TRUE,0.0104754283371575,0.379068445096553
8,prec,JAN,0.197952726233077,TRUE,0.069257356010771,0.340838536917066
9,prec,FEB,0.105104087727166,FALSE,-0.0686667137173291,0.287531292317959
10,prec,MAR,0.149911006099434,FALSE,-0.00457857556716795,0.31812770880284
11,prec,APR,-0.00447937957648497,FALSE,-0.181738887504033,0.167406896922876
12,prec,MAY,0.0354494042144041,FALSE,-0.11147752180178,0.176825774932752
13,prec,JUN,-0.0153552383383842,FALSE,-0.184916976250674,0.140860099674372
14,prec,JUL,0.18286542279858,TRUE,0.0181876918608154,0.350038600255838
15,prec,AUG,-0.181821245546757,TRUE,-0.362293815895123,-0.0119882781513993
16,prec,SEP,0.101268740085376,FALSE,-0.0823975470481571,0.280320876633623
17,temp,jun,0.0297072986732063,FALSE,-0.175748679907103,0.21436969236939
18,temp,jul,-0.0777706955542654,FALSE,-0.253458805403512,0.102554798629518
19,temp,aug,0.00834324266675951,FALSE,-0.161136284328015,0.192461916027724
20,temp,sep,-0.0465938937812353,FALSE,-0.244882491934147,0.134771914275333
21,temp,oct,-0.0936647955157624,FALSE,-0.25340607888621,0.0631888915119883
22,temp,nov,0.0292195115426006,FALSE,-0.138653250397266,0.165041664637627
23,temp,dec,-0.00459687974935719,FALSE,-0.158733304680138,0.167228068173033
24,temp,JAN,0.10361134442677,FALSE,-0.0861241879414401,0.294792150493274
25,temp,FEB,-0.00118633510033715,FALSE,-0.146139380005351,0.148166588745356
26,temp,MAR,0.0766148396434561,FALSE,-0.105301362703645,0.244549231547173
27,temp,APR,-0.143312311448618,FALSE,-0.328165195500068,0.0455810454472706
28,temp,MAY,-0.158156080871323,TRUE,-0.307564213759001,-0.00568289303106688
29,temp,JUN,0.228271753704843,TRUE,0.0414544076769474,0.400153982497881
30,temp,JUL,-0.0620170496631018,FALSE,-0.234525441450404,0.0869234910612477
31,temp,AUG,0.00616124087685405,FALSE,-0.189740957658599,0.176842910759617
32,temp,SEP,-0.0494476792241521,FALSE,-0.207457946626273,0.144353465408762
