id,varname,month,coef,significant,ci_lower,ci_upper
1,prec,jun,-0.0239340480298564,FALSE,-0.227273698373551,0.149951035597477
2,prec,jul,0.0843519340943329,FALSE,-0.0817581571533524,0.245138797380811
3,prec,aug,0.0393079104071939,FALSE,-0.174962566911439,0.207190675125692
4,prec,sep,0.0498450346658514,FALSE,-0.126776968998374,0.249048323195231
5,prec,oct,0.125744064301399,FALSE,-0.0830701663547069,0.328834597877143
6,prec,nov,0.121671038874643,FALSE,-0.0509395755831569,0.277301614105378
7,prec,dec,0.189923692649521,FALSE,-0.0105129792642362,0.412748540020961
8,prec,JAN,0.224658488998766,TRUE,0.0578997947165044,0.396750827567995
9,prec,FEB,0.0765310922141327,FALSE,-0.070334798556904,0.246976366697167
10,prec,MAR,0.116701011331823,FALSE,-0.0646479449585013,0.320164693986768
11,prec,APR,-0.0203206139138978,FALSE,-0.221192342061447,0.159879812886851
12,prec,MAY,0.13356552112273,FALSE,-0.0280534778881569,0.303420903531951
13,prec,JUN,0.127487034838001,FALSE,-0.0629692959146113,0.314514388598857
14,prec,JUL,0.112465755529343,FALSE,-0.0832785201323048,0.281692726565232
15,prec,AUG,-0.181772564879002,TRUE,-0.350761815091033,-0.00226670724632869
16,prec,SEP,0.0575991957191605,FALSE,-0.164125854250027,0.242760866221097
17,temp,jun,0.0424528220179671,FALSE,-0.162700339292262,0.241364868243563
18,temp,jul,-0.0540503199719698,FALSE,-0.23781084166995,0.119265116970323
19,temp,aug,0.000540557939172803,FALSE,-0.186630105241445,0.154830991012069
20,temp,sep,-0.00309500457776959,FALSE,-0.192163730582344,0.207866767800658
21,temp,oct,-0.11427142050937,FALSE,-0.278873834609337,0.069940661079701
22,temp,nov,-0.107352914068938,FALSE,-0.265454011948352,0.0627728265530711
23,temp,dec,-0.0568770265498752,FALSE,-0.230196367905949,0.136838650171373
24,temp,JAN,-0.0304302387117334,FALSE,-0.205960850266493,0.143632676069909
25,temp,FEB,-0.0432921764347663,FALSE,-0.224283534003638,0.0964182604392907
26,temp,MAR,0.0236160615037922,FALSE,-0.185963709462145,0.210736251860622
27,temp,APR,-0.116002995289896,FALSE,-0.29231698158285,0.0765142412555976
28,temp,MAY,-0.104523143342265,FALSE,-0.262989130735936,0.0672698506237292
29,temp,JUN,-0.0423892840350141,FALSE,-0.22038995226595,0.140321888432593
30,temp,JUL,-0.0116007164048728,FALSE,-0.194151803245871,0.175738659796055
31,temp,AUG,-0.0115682989831834,FALSE,-0.210557241926882,0.21624884131247
32,temp,SEP,-0.0135509603156397,FALSE,-0.172754681446825,0.141679248185919
