id,varname,month,coef,significant,ci_lower,ci_upper
1,prec,jun,-0.0145330509996497,FALSE,-0.187076292216374,0.136659110218379
2,prec,jul,-0.0256851842654445,FALSE,-0.21709491703703,0.176483999653102
3,prec,aug,-0.0276710469231341,FALSE,-0.23995170306447,0.206711136727785
4,prec,sep,0.0738730300172187,FALSE,-0.122763556651929,0.255278782506949
5,prec,oct,0.171907110641264,FALSE,-0.000622176745515162,0.36550348332802
6,prec,nov,0.0836446053443907,FALSE,-0.0901102147252059,0.267860240406789
7,prec,dec,0.282708586703107,TRUE,0.122738082577604,0.454450753087627
8,prec,JAN,0.133441058123469,FALSE,-0.0655264966359961,0.330198885315989
9,prec,FEB,0.129344122206449,FALSE,-0.0960243323927195,0.307577726675645
10,prec,MAR,0.030304198480941,FALSE,-0.157258087303857,0.198330579991265
11,prec,APR,-0.0170561783155217,FALSE,-0.213864111426992,0.173151663293274
12,prec,MAY,0.011706759837942,FALSE,-0.20001572924793,0.214718275330368
13,prec,JUN,0.0723811329043639,FALSE,-0.123980282156014,0.254490255645175
14,prec,JUL,0.0718285730975301,FALSE,-0.114392220865613,0.305367269243525
15,prec,AUG,-0.015025487681665,FALSE,-0.213621801426347,0.17392605650744
16,prec,SEP,0.0749978424922734,FALSE,-0.13623461847586,0.254766100412008
17,temp,jun,-0.123717578573501,FALSE,-0.344372591104368,0.0837074537843498
18,temp,jul,-0.0976423756379289,FALSE,-0.270959753530267,0.077334471284504
19,temp,aug,-0.0722697324388862,FALSE,-0.254584716836659,0.133164867553985
20,temp,sep,-0.0130448326357246,FALSE,-0.187145726248834,0.159761588462384
21,temp,oct,-0.0938451674428304,FALSE,-0.264497524301438,0.139583968772692
22,temp,nov,-0.208165506595248,TRUE,-0.418353313771599,-0.023142904194294
23,temp,dec,0.00329269147866745,FALSE,-0.177053266848539,0.177527887051447
24,temp,JAN,0.045503367927902,FALSE,-0.179778545772229,0.263505783046261
25,temp,FEB,0.000713382911612954,FALSE,-0.202279138057918,0.202747012851069
26,temp,MAR,-0.00174766423286948,FALSE,-0.19251675268752,0.22081848754908
27,temp,APR,-0.0801249974868969,FALSE,-0.270291786639604,0.112264750116214
28,temp,MAY,-0.057790643155145,FALSE,-0.245811501354783,0.125618460229619
29,temp,JUN,-0.128049153575911,FALSE,-0.336600811889571,0.115308586006836
30,temp,JUL,-0.120988697534145,FALSE,-0.330851456032341,0.084807662358784
31,temp,AUG,-0.0450032284036746,FALSE,-0.242948411839141,0.156665078202093
32,temp,SEP,0.0749673873916017,FALSE,-0.124748792590849,0.244586735490662
