id,varname,month,coef,significant,ci_lower,ci_upper
1,prec,jun,-0.0598556900810729,FALSE,-0.254670052885407,0.112467095693889
2,prec,jul,0.151048809468035,FALSE,-0.020355197153342,0.343753136750356
3,prec,aug,0.089119769166403,FALSE,-0.0740186889925647,0.282769145770583
4,prec,sep,0.140878850237784,FALSE,-0.0422614266199121,0.309019164382872
5,prec,oct,-0.0621404757197162,FALSE,-0.294060068556509,0.0970920533686136
6,prec,nov,-0.0263340506941633,FALSE,-0.217155253501166,0.154833699756327
7,prec,dec,0.0912618161614165,FALSE,-0.104214533827239,0.274933412516966
8,prec,JAN,0.0224805990664743,FALSE,-0.177152163442477,0.234284281520053
9,prec,FEB,0.178827219970848,FALSE,0.00121670535492589,0.376503486777978
10,prec,MAR,0.0286509561999766,FALSE,-0.155889501907979,0.222326371638658
11,prec,APR,0.0257596618969731,FALSE,-0.13256545825317,0.224471314947179
12,prec,MAY,-0.0209631027984374,FALSE,-0.223795125991379,0.16983693392696
13,prec,JUN,-0.0405258635168206,FALSE,-0.251923795766451,0.13186124076452
14,prec,JUL,0.0665475021855584,FALSE,-0.147745962074448,0.272994614650283
15,prec,AUG,-0.0336970654083307,FALSE,-0.198118205503599,0.149710174640794
16,prec,SEP,0.123827201723798,FALSE,-0.0682578952924594,0.308206935118043
17,temp,jun,0.06803839241342,FALSE,-0.129559587399009,0.320080234917352
18,temp,jul,-0.0824355873284348,FALSE,-0.272689469902534,0.137414930303731
19,temp,aug,-0.110712622390861,FALSE,-0.336982252339913,0.0823152198109698
20,temp,sep,-0.10326861913806,FALSE,-0.282348838237591,0.0927043399377975
21,temp,oct,-0.125139622760351,FALSE,-0.267548440273461,0.01495189129659
22,temp,nov,0.0990084946555418,FALSE,-0.0932829782194157,0.290655403803649
23,temp,dec,-0.0747888218880646,FALSE,-0.268078169416375,0.113295304827969
24,temp,JAN,0.0529005181233397,FALSE,-0.123006530192755,0.225741024691417
25,temp,FEB,-0.0746394002063608,FALSE,-0.240382491728446,0.096100472242764
26,temp,MAR,0.13869281357218,FALSE,-0.0759229069340655,0.346052136217742
27,temp,APR,-0.123977896235181,FALSE,-0.359139445006043,0.0770869143797994
28,temp,MAY,-0.0162101683652214,FALSE,-0.169311508129873,0.156648113304205
29,temp,JUN,-0.0225052736852494,FALSE,-0.222076687138946,0.158618837906193
30,temp,JUL,-0.0874488912947003,FALSE,-0.259709400820665,0.0743510489176569
31,temp,AUG,-0.114670347963853,FALSE,-0.309364251967407,0.0725197625049159
32,temp,SEP,-0.168398508042674,TRUE,-0.327786744171687,-0.025191993480114
