id,varname,month,coef,significant,ci_lower,ci_upper
1,prec,jun,-0.00855660231944585,FALSE,-0.158654761100544,0.145082687538871
2,prec,jul,0.0557436420283536,FALSE,-0.110009992675918,0.217856959722819
3,prec,aug,-0.00566021182942053,FALSE,-0.192092675575489,0.181754330556201
4,prec,sep,0.0620047981699593,FALSE,-0.124197255534745,0.237226373425979
5,prec,oct,0.126101817294491,FALSE,-0.0561269546423963,0.303138118472621
6,prec,nov,0.106441385869164,FALSE,-0.0598617420231569,0.26762100084375
7,prec,dec,0.25396461475152,TRUE,0.088052753491039,0.407579733843837
8,prec,JAN,0.160035671866179,FALSE,-0.0332282209712426,0.371449751693003
9,prec,FEB,0.114551700580082,FALSE,-0.0831780315206089,0.274162885162233
10,prec,MAR,0.0316117892397671,FALSE,-0.158558483281119,0.190767763190763
11,prec,APR,0.0583017153440239,FALSE,-0.107725543731023,0.221337474936685
12,prec,MAY,0.0812853513008265,FALSE,-0.08515813609109,0.260361482003081
13,prec,JUN,0.0707871774859099,FALSE,-0.111422033980352,0.205052054936687
14,prec,JUL,0.166861041497935,FALSE,-0.0187063364840254,0.375127606882095
15,prec,AUG,0.0575874763989718,FALSE,-0.121502339204425,0.24099780744753
16,prec,SEP,0.0754480333257454,FALSE,-0.0954418769992679,0.248962132998179
17,temp,jun,-0.0138255924308363,FALSE,-0.227402938223804,0.18450369360662
18,temp,jul,-0.10110559825015,FALSE,-0.264122620761228,0.0644388574164149
19,temp,aug,-0.148875712750997,FALSE,-0.294372920418406,0.0204458419496707
20,temp,sep,-0.0502801920766374,FALSE,-0.182943834070611,0.0799108652894714
21,temp,oct,-0.212095563989877,TRUE,-0.370815341619119,-0.0359833289342915
22,temp,nov,-0.128069448581752,FALSE,-0.302194116775903,0.0268911082218037
23,temp,dec,0.055243572082534,FALSE,-0.120198551016192,0.231924261830546
24,temp,JAN,0.0454829259775921,FALSE,-0.184867229586613,0.237914366369629
25,temp,FEB,-0.0407959055695874,FALSE,-0.215901830645554,0.116446697911935
26,temp,MAR,0.0525475327680198,FALSE,-0.114142851494491,0.227714314521816
27,temp,APR,-0.0139159133806079,FALSE,-0.185586693164991,0.145835048985751
28,temp,MAY,-0.0495111781534194,FALSE,-0.225395097981074,0.127370997475967
29,temp,JUN,-0.0700269259296877,FALSE,-0.25500306603153,0.130201608852787
30,temp,JUL,-0.11411644729944,FALSE,-0.305120993190992,0.0812321574254523
31,temp,AUG,-0.0525460030258205,FALSE,-0.229932556488804,0.138657812580547
32,temp,SEP,-0.00824777731025946,FALSE,-0.190957309485251,0.14463677021617
