id,varname,month,coef,significant,ci_lower,ci_upper
1,prec,jun,-0.0979993573680168,FALSE,-0.240402289198053,0.0507924400620894
2,prec,jul,0.169187802982847,FALSE,-0.023348943207893,0.351674746017277
3,prec,aug,-0.0220993581013891,FALSE,-0.17992564209864,0.137870078698731
4,prec,sep,-0.0027419376453702,FALSE,-0.164552192993561,0.165388675941911
5,prec,oct,0.078971639824697,FALSE,-0.0908172845820273,0.230299991537215
6,prec,nov,0.151233748588655,FALSE,-0.0136596272768782,0.277389766924075
7,prec,dec,0.204346155442459,TRUE,0.0371396105839623,0.376296535174024
8,prec,JAN,0.109403807218351,FALSE,-0.0467545979803228,0.251719429750582
9,prec,FEB,0.170680038562452,FALSE,-0.0115095932725076,0.343388347943558
10,prec,MAR,0.0946376628697209,FALSE,-0.0632038328356052,0.247107269870301
11,prec,APR,0.0684745908504114,FALSE,-0.120386364021205,0.233616944111241
12,prec,MAY,0.0470003364772219,FALSE,-0.109065571595225,0.207623818541464
13,prec,JUN,-0.0287516599317503,FALSE,-0.16105224328917,0.126100567460185
14,prec,JUL,0.29140343299568,TRUE,0.133928336848015,0.435873782139278
15,prec,AUG,-0.124275343201799,FALSE,-0.291503682194921,0.0225632389071504
16,prec,SEP,0.0177535007795027,FALSE,-0.130599786911252,0.166080049326891
17,temp,jun,-0.0103127226198613,FALSE,-0.182785183282724,0.160782327817716
18,temp,jul,-0.0755680382353204,FALSE,-0.213539296890316,0.0791396620608215
19,temp,aug,0.0379529858756772,FALSE,-0.107761516596743,0.185481134924268
20,temp,sep,-0.0510717485808851,FALSE,-0.220757610333578,0.119704738916235
21,temp,oct,-0.156999941654692,TRUE,-0.314099347448233,-0.0167921805150134
22,temp,nov,-0.0581205840593255,FALSE,-0.213424999787951,0.0863425055360004
23,temp,dec,0.0473451668860843,FALSE,-0.130882865149439,0.212521581730671
24,temp,JAN,-0.0284047059831976,FALSE,-0.216978363102254,0.151666748981991
25,temp,FEB,0.0401253420476947,FALSE,-0.103434362821797,0.164155363211846
26,temp,MAR,0.140645876530958,FALSE,-0.0375387081702335,0.294371488922047
27,temp,APR,-0.0948025804875044,FALSE,-0.266411055938507,0.0708121964184583
28,temp,MAY,-0.0384703502003017,FALSE,-0.220976386181924,0.131720821765408
29,temp,JUN,-0.0870786837460539,FALSE,-0.255554528878943,0.067787135998178
30,temp,JUL,-0.0694117362731593,FALSE,-0.259213294800443,0.113800190262602
31,temp,AUG,0.117938671414943,FALSE,-0.0268126481210265,0.247861293313869
32,temp,SEP,0.0313183528813379,FALSE,-0.114355529138123,0.186839996125094
