id,varname,month,coef,significant,ci_lower,ci_upper
1,prec,jun,-0.0793779215112267,FALSE,-0.28015532689851,0.101399787543425
2,prec,jul,-0.0504249020449239,FALSE,-0.243947671211585,0.119395482137804
3,prec,aug,0.0448421099538821,FALSE,-0.177121372542589,0.236560768331373
4,prec,sep,0.128126636565813,FALSE,-0.0694148792825926,0.313195087479891
5,prec,oct,-0.0120081738708041,FALSE,-0.202924333187121,0.209920510306472
6,prec,nov,0.0117845075725644,FALSE,-0.156196737173451,0.156494286938421
7,prec,dec,0.0991363869972881,FALSE,-0.0856673049625909,0.307410902238002
8,prec,JAN,0.208627388363454,FALSE,-0.0281085799365411,0.426098334176006
9,prec,FEB,0.148974754890105,FALSE,-0.0316654870015513,0.316939266086247
10,prec,MAR,0.0215592935997393,FALSE,-0.139916592942529,0.181343446331394
11,prec,APR,0.0421606350342095,FALSE,-0.142308028220924,0.210547605437921
12,prec,MAY,-0.0205360590414724,FALSE,-0.215545080672295,0.182502893735896
13,prec,JUN,-0.10780796591126,FALSE,-0.292910568337542,0.0759259297764381
14,prec,JUL,0.0758091740981417,FALSE,-0.157231546702499,0.27922815379707
15,prec,AUG,0.0458114426407868,FALSE,-0.165128709259881,0.227685572381846
16,prec,SEP,0.127344150239846,FALSE,-0.048161080784492,0.318809855409341
17,temp,jun,-0.0143233836086621,FALSE,-0.194015864121409,0.197897794384038
18,temp,jul,-0.104107991301145,FALSE,-0.270520836508387,0.0923820077305468
19,temp,aug,-0.152582745670003,FALSE,-0.362605522234627,0.0248890208349658
20,temp,sep,-0.0796123542711978,FALSE,-0.260544073453577,0.127974009929993
21,temp,oct,-0.0679830903552859,FALSE,-0.261299655829699,0.100558069683826
22,temp,nov,-0.0497977355990591,FALSE,-0.231838317048909,0.112723136358176
23,temp,dec,0.044203273650461,FALSE,-0.157454149220393,0.225657610883894
24,temp,JAN,0.041083955586716,FALSE,-0.162270865069501,0.231870823006009
25,temp,FEB,-0.0887465578231144,FALSE,-0.247283453477088,0.0722183579888804
26,temp,MAR,0.014296191199728,FALSE,-0.186221111894262,0.226893923788079
27,temp,APR,0.0353336047386745,FALSE,-0.15358765869209,0.247874069099109
28,temp,MAY,-0.120886119682303,FALSE,-0.305983601117291,0.0471792452400077
29,temp,JUN,0.0377912166250071,FALSE,-0.175710650964322,0.247964858762462
30,temp,JUL,-0.102400969891923,FALSE,-0.271902190527558,0.112924712744414
31,temp,AUG,-0.0948350532988596,FALSE,-0.271374255868613,0.0727063942226761
32,temp,SEP,-0.0662970397500122,FALSE,-0.209266245510148,0.107361519911703
