id,varname,month,coef,significant,ci_lower,ci_upper
1,prec,jun,-0.0326665638780582,FALSE,-0.228007336838672,0.146906205246525
2,prec,jul,0.151432291816947,FALSE,-0.0149185607844369,0.329643577717181
3,prec,aug,0.0637531812052183,FALSE,-0.128237314046597,0.275684772890316
4,prec,sep,0.00428876392171096,FALSE,-0.174287497437956,0.187861959328502
5,prec,oct,0.029512687335154,FALSE,-0.167691716373727,0.228942533865639
6,prec,nov,0.0709270293848741,FALSE,-0.0869123296720185,0.241343247381227
7,prec,dec,0.101566526292343,FALSE,-0.0790146319653029,0.290666065192773
8,prec,JAN,0.13561826700135,FALSE,-0.0192360111746472,0.312814659724396
9,prec,FEB,0.0600433869869934,FALSE,-0.111946344769561,0.264328470710155
10,prec,MAR,0.0618703916693376,FALSE,-0.114513054929774,0.231632827642895
11,prec,APR,-0.00245078925994078,FALSE,-0.239383033055966,0.225004371231302
12,prec,MAY,0.0438252101058997,FALSE,-0.11740360375271,0.197792836616986
13,prec,JUN,0.0568307381840752,FALSE,-0.106348697964356,0.2253578727581
14,prec,JUL,0.198205961690022,TRUE,0.0157782556517612,0.366577278289401
15,prec,AUG,-0.17451891132178,FALSE,-0.35755362891444,0.00838402949479158
16,prec,SEP,0.172058946915386,TRUE,0.0300805609972653,0.322608164496104
17,temp,jun,-0.0716222166493014,FALSE,-0.249414997107159,0.118081253464447
18,temp,jul,-0.0184255474717573,FALSE,-0.173160770400852,0.146811834135312
19,temp,aug,-0.137211510086149,FALSE,-0.315713545462132,0.0578933538047581
20,temp,sep,-0.139739638160323,FALSE,-0.302188334286411,0.0314339853378036
21,temp,oct,-0.203647583894237,TRUE,-0.352477376374517,-0.0262654674732651
22,temp,nov,-0.0474438348722474,FALSE,-0.222798878455763,0.156233708696882
23,temp,dec,0.0130840089109297,FALSE,-0.169707186919423,0.203951864403531
24,temp,JAN,0.0261466746937789,FALSE,-0.14229364473189,0.227560942092018
25,temp,FEB,0.109285920675727,FALSE,-0.0676435036837219,0.26449823570989
26,temp,MAR,0.0726810769712122,FALSE,-0.125106061922045,0.237233411384752
27,temp,APR,-0.0597091390070727,FALSE,-0.254418988139642,0.137192406674454
28,temp,MAY,-0.0522794228250258,FALSE,-0.235168521262482,0.125434054989155
29,temp,JUN,0.0080585661896952,FALSE,-0.175853349545161,0.198518997832906
30,temp,JUL,0.0296285323657605,FALSE,-0.141649122411193,0.184251751407778
31,temp,AUG,-0.0647278284638103,FALSE,-0.297866228901793,0.150939406945115
32,temp,SEP,-0.136766155594094,FALSE,-0.282303609450157,0.0145986851277653
