id,varname,month,coef,significant,ci_lower,ci_upper
1,prec,jun,-0.114252900877937,FALSE,-0.280239448587164,0.0544199265469948
2,prec,jul,0.0941614677719901,FALSE,-0.0716202531552601,0.257271052797774
3,prec,aug,0.0615069384110833,FALSE,-0.0922658616677394,0.206906573230605
4,prec,sep,0.0890962375072408,FALSE,-0.0717258619562081,0.251014010428974
5,prec,oct,0.0152008949545028,FALSE,-0.151356525439657,0.165999773526336
6,prec,nov,0.0408451033321499,FALSE,-0.119340787933592,0.185556871278453
7,prec,dec,0.123805678789059,FALSE,-0.0682574533053144,0.307691704146902
8,prec,JAN,0.0988892451905194,FALSE,-0.078346119994756,0.266915620359853
9,prec,FEB,0.239166724392513,TRUE,0.0971307609209143,0.39496463140631
10,prec,MAR,0.0150969849727661,FALSE,-0.14386472795444,0.163718116626548
11,prec,APR,-0.0114046803582925,FALSE,-0.179823733904831,0.153633772116699
12,prec,MAY,0.011267135617651,FALSE,-0.175191148792768,0.210015945374038
13,prec,JUN,-0.0137848551099477,FALSE,-0.195323245106797,0.156367491612137
14,prec,JUL,0.190123850815041,FALSE,-0.00333562740586479,0.370222616599931
15,prec,AUG,-0.0376004379897704,FALSE,-0.218193474230875,0.139050580187679
16,prec,SEP,0.0534144112484357,FALSE,-0.150814386916899,0.23549225339958
17,temp,jun,0.0914337457640265,FALSE,-0.0965707986959167,0.298007894526718
18,temp,jul,-0.0204333132110797,FALSE,-0.170610635685244,0.156410303159997
19,temp,aug,-0.0379905619875361,FALSE,-0.200419097057042,0.126194848662994
20,temp,sep,-0.132645145296194,FALSE,-0.313445762893362,0.0230140738381934
21,temp,oct,-0.0997626331152505,FALSE,-0.229345033063053,0.0471138845297405
22,temp,nov,0.00233628946950517,FALSE,-0.15443041003667,0.177835988435991
23,temp,dec,-0.0742467946573499,FALSE,-0.226307056558817,0.0733516890693733
24,temp,JAN,0.0469785755255024,FALSE,-0.133220605872722,0.209740011231736
25,temp,FEB,-0.0958726112346257,FALSE,-0.231021778478098,0.0520727284407028
26,temp,MAR,0.11091897744495,FALSE,-0.0694076099386872,0.294473580502376
27,temp,APR,-0.143265385771468,FALSE,-0.345638775126581,0.0584547595174681
28,temp,MAY,-0.0790609835957601,FALSE,-0.223027301276391,0.0813487739812601
29,temp,JUN,-0.0636666680482113,FALSE,-0.233323746622916,0.135368059127556
30,temp,JUL,-0.127240576309808,FALSE,-0.303458982305944,0.0356008046058981
31,temp,AUG,-0.0160080987187647,FALSE,-0.198738480010828,0.14866468066835
32,temp,SEP,-0.127830666157579,FALSE,-0.267889264276752,0.00251197838605024
