id,varname,month,coef,significant,ci_lower,ci_upper
1,prec,jun,-0.0777228294158007,FALSE,-0.232834371780355,0.0936637193537034
2,prec,jul,0.187050203653786,TRUE,0.0072744966410191,0.361211423287626
3,prec,aug,0.110973674029689,FALSE,-0.0478454465702944,0.280766512912747
4,prec,sep,0.175834783559413,FALSE,0.00176231598302547,0.356529013048869
5,prec,oct,0.164320102465696,FALSE,-0.05228952615425,0.368577878016496
6,prec,nov,0.181859520958691,FALSE,-0.0209491848548939,0.348492012133618
7,prec,dec,0.197768913056678,TRUE,0.0497161005449318,0.343756770957269
8,prec,JAN,0.201552596577869,FALSE,-0.0140748044229513,0.371922513652247
9,prec,FEB,0.246189210626592,TRUE,0.0601273148624839,0.431974651114719
10,prec,MAR,-0.0198968927273994,FALSE,-0.162089697366293,0.139689985038645
11,prec,APR,0.0192670870682313,FALSE,-0.154805757350033,0.179332748251014
12,prec,MAY,-0.0605642129410279,FALSE,-0.247692470293318,0.10728425652662
13,prec,JUN,-0.0289793039914146,FALSE,-0.192789790630182,0.148594947230954
14,prec,JUL,0.184614778506054,TRUE,0.0255273097081639,0.326958149876173
15,prec,AUG,-0.0459061665556315,FALSE,-0.176275580726992,0.091968311619358
16,prec,SEP,0.0364613537917255,FALSE,-0.136425898299835,0.191776638872743
17,temp,jun,-0.140629546532311,FALSE,-0.32744692430897,0.0267858412830827
18,temp,jul,-0.0547861601182137,FALSE,-0.195489419400769,0.111293699221431
19,temp,aug,-0.050693555287348,FALSE,-0.19739646766061,0.123743718029582
20,temp,sep,-0.00509992164308626,FALSE,-0.183995478715985,0.141740146833775
21,temp,oct,-0.0547452135533447,FALSE,-0.238905265645373,0.0893506806901951
22,temp,nov,-0.082854399914607,FALSE,-0.242229802248609,0.0807838464049508
23,temp,dec,0.0997548079587555,FALSE,-0.061109494588984,0.278665277206605
24,temp,JAN,0.0520333734942924,FALSE,-0.135267126758606,0.237981804407792
25,temp,FEB,0.00469197187843437,FALSE,-0.146444695674109,0.160359480053903
26,temp,MAR,0.056492639434114,FALSE,-0.144728149276914,0.246871254966182
27,temp,APR,-0.0263164210407493,FALSE,-0.184479444494111,0.153189203731546
28,temp,MAY,-0.204231765829903,TRUE,-0.397554766708661,-0.0197551047450074
29,temp,JUN,0.0603459853687225,FALSE,-0.118993904727901,0.230668916496369
30,temp,JUL,0.136502378795924,FALSE,-0.0451762764781999,0.324017450118243
31,temp,AUG,0.0264616742569685,FALSE,-0.144200756053899,0.189912007071503
32,temp,SEP,0.0566868823617792,FALSE,-0.142368130948449,0.226858627705369
