id,varname,month,coef,significant,ci_lower,ci_upper
1,prec,jun,-0.0721759676644998,FALSE,-0.219692513711406,0.0947298484242482
2,prec,jul,0.20490602375416,TRUE,0.0295998952721687,0.349578179453609
3,prec,aug,0.0440162816368353,FALSE,-0.107689966664618,0.183625246169344
4,prec,sep,0.057309050784651,FALSE,-0.0961677182394869,0.208230033881117
5,prec,oct,0.209462447045365,TRUE,0.0489994621040601,0.359497810824151
6,prec,nov,0.199212919170599,TRUE,0.0214598255897496,0.358348418395305
7,prec,dec,0.222167933193172,TRUE,0.0674188232127352,0.359558064480353
8,prec,JAN,0.132316685835737,FALSE,-0.0196936377346181,0.267272376527364
9,prec,FEB,0.161919446562316,TRUE,0.0171263250290062,0.305083566995452
10,prec,MAR,0.0356221026237025,FALSE,-0.098312936683941,0.163579074044332
11,prec,APR,0.0891206209741379,FALSE,-0.0583617440565766,0.242288034558983
12,prec,MAY,0.186688183933443,TRUE,0.0205720348398029,0.366353997553725
13,prec,JUN,0.134287764562092,FALSE,-0.00343925739654824,0.280219109010543
14,prec,JUL,0.111477515467877,FALSE,-0.0552457737775939,0.263568966705151
15,prec,AUG,-0.10790351235592,FALSE,-0.240760007648183,0.0190989171469856
16,prec,SEP,0.0124858162234401,FALSE,-0.118631910546635,0.13884276389636
17,temp,jun,-0.0280149487737166,FALSE,-0.184016600806475,0.115290967841314
18,temp,jul,-0.11010167795753,FALSE,-0.241683081513818,0.0232520972156666
19,temp,aug,-0.0329643910012201,FALSE,-0.161063012500585,0.112703717654388
20,temp,sep,0.0626362891198905,FALSE,-0.097720314640232,0.194116557278909
21,temp,oct,-0.00900998611154311,FALSE,-0.154425994649122,0.149806064500322
22,temp,nov,-0.108291357017388,FALSE,-0.250018921984121,0.0311601798479803
23,temp,dec,0.00622150020035839,FALSE,-0.142045412312009,0.153455463132614
24,temp,JAN,-0.0115580259962053,FALSE,-0.174678237349693,0.152914444802792
25,temp,FEB,-0.0337864241806976,FALSE,-0.171374580004087,0.119152371377657
26,temp,MAR,0.098765924173814,FALSE,-0.0424522415887337,0.251251995195117
27,temp,APR,-0.0397111053053629,FALSE,-0.206224932262165,0.115135759848687
28,temp,MAY,-0.083315242623738,FALSE,-0.228117788584411,0.0531948036103287
29,temp,JUN,0.0345262547570884,FALSE,-0.108010508084156,0.159724740600179
30,temp,JUL,-0.0454821742496775,FALSE,-0.187946317313096,0.106800184066419
31,temp,AUG,0.0300249642682304,FALSE,-0.128151671377111,0.198594729248433
32,temp,SEP,0.0970465827082691,FALSE,-0.0615660521313973,0.261865204549991
