id,varname,month,coef,significant,ci_lower,ci_upper
1,prec,jun,-0.0847001238047424,FALSE,-0.213841707591345,0.0487214773243844
2,prec,jul,0.119472751477355,FALSE,-0.0319911174296667,0.270397039348407
3,prec,aug,0.0884834565480338,FALSE,-0.0656668669786253,0.229533557138207
4,prec,sep,-0.0246152979554837,FALSE,-0.156573387540353,0.103280912580181
5,prec,oct,0.0519332915934911,FALSE,-0.0895529090160677,0.199726667619118
6,prec,nov,0.263249837333615,TRUE,0.0776055303871678,0.442377403864232
7,prec,dec,0.130156984523741,FALSE,-0.018441296226029,0.280741421045117
8,prec,JAN,0.255949879559653,TRUE,0.124338955194275,0.385079031687769
9,prec,FEB,0.193553639421997,TRUE,0.0770602812827251,0.317908352721953
10,prec,MAR,0.249740229683288,TRUE,0.094497540709295,0.399983703291034
11,prec,APR,-0.0017496362656276,FALSE,-0.114464342796926,0.129690085578789
12,prec,MAY,0.117381655282488,FALSE,-0.0230697970153197,0.265392369474167
13,prec,JUN,0.0483211169149787,FALSE,-0.102600169917877,0.186133258735995
14,prec,JUL,0.0896344460664296,FALSE,-0.0567731391867599,0.227790397716698
15,prec,AUG,-0.0820519863507958,FALSE,-0.261705950727463,0.0726675686409685
16,prec,SEP,0.00259730768966952,FALSE,-0.125505372609087,0.133786255714604
17,temp,jun,0.0016899381530123,FALSE,-0.128897329560041,0.156341308753726
18,temp,jul,-0.112687440536142,FALSE,-0.255588215054113,0.00387260418436045
19,temp,aug,-0.111362855618955,FALSE,-0.249706503810526,0.0172041621473988
20,temp,sep,-0.0583048682289146,FALSE,-0.189413437370725,0.0711467528435985
21,temp,oct,-0.033568659848773,FALSE,-0.17682676834192,0.106324637046926
22,temp,nov,-0.0460954523048729,FALSE,-0.171980369523804,0.0870180572516423
23,temp,dec,-0.0345099842974087,FALSE,-0.20867985254895,0.122741447964821
24,temp,JAN,0.00544166700305526,FALSE,-0.165548650910114,0.169850773879775
25,temp,FEB,-0.0539214801532024,FALSE,-0.181630180161427,0.0828491454238764
26,temp,MAR,0.161490177808444,FALSE,-0.0309968267937734,0.332577521908614
27,temp,APR,-0.0320155428647503,FALSE,-0.167440060722676,0.123825525996134
28,temp,MAY,-0.124959225668928,FALSE,-0.259719155585116,0.00551073873295238
29,temp,JUN,-0.00223530692115537,FALSE,-0.157628526313425,0.135758934840923
30,temp,JUL,-0.0854481258110537,FALSE,-0.232689192261922,0.0489651956057299
31,temp,AUG,-0.0116725399324359,FALSE,-0.152171597305491,0.153206219518207
32,temp,SEP,-0.114519498600562,FALSE,-0.248751605158134,0.0264255587116781
