id,varname,month,coef,significant,ci_lower,ci_upper
1,prec,jun,-0.109151486546015,FALSE,-0.25644825073604,0.049877193054835
2,prec,jul,0.159589452386905,TRUE,0.0189532780995831,0.305811635619217
3,prec,aug,-0.0126342531551142,FALSE,-0.133311915426351,0.113350912570096
4,prec,sep,0.162479519654886,FALSE,-0.0296868179652338,0.324544968567086
5,prec,oct,0.130851925580224,FALSE,-0.0897496438086135,0.303137535975458
6,prec,nov,0.196834923696314,TRUE,0.0548949978917225,0.344043407998391
7,prec,dec,0.143447206536328,FALSE,-0.0133976544393649,0.302976388711709
8,prec,JAN,0.111197689796137,FALSE,-0.0670747210079116,0.246887215179628
9,prec,FEB,0.257471173097696,TRUE,0.0778267999899134,0.422317275373435
10,prec,MAR,0.131454207115871,FALSE,-0.0157390161353941,0.262892507889306
11,prec,APR,0.0632567049000118,FALSE,-0.113192792075636,0.238779566767106
12,prec,MAY,0.221075568577414,TRUE,0.0717622217855162,0.360088973624426
13,prec,JUN,0.0631474928785061,FALSE,-0.0908325827077354,0.218355559127397
14,prec,JUL,0.216357103450054,TRUE,0.0400869985932541,0.372986340572508
15,prec,AUG,0.047428880230076,FALSE,-0.0899034012014106,0.183242958468485
16,prec,SEP,0.0324574510995968,FALSE,-0.116200702156489,0.178018357785539
17,temp,jun,0.0949887537756427,FALSE,-0.0806018512700086,0.262643750109693
18,temp,jul,-0.0499294873176949,FALSE,-0.175814215487374,0.082488378079519
19,temp,aug,0.0435036865176298,FALSE,-0.120464729608851,0.196745952050491
20,temp,sep,-0.0228854772926166,FALSE,-0.188457971149365,0.124221459283587
21,temp,oct,-0.0680927081403061,FALSE,-0.204322084819686,0.0686746562979683
22,temp,nov,-0.0438816993214561,FALSE,-0.203842568973834,0.103353311084973
23,temp,dec,-0.0595494522294809,FALSE,-0.194029629964517,0.0720595038133322
24,temp,JAN,0.0421517801649358,FALSE,-0.131410759559765,0.198775185392041
25,temp,FEB,0.0706970966308702,FALSE,-0.0668757467712954,0.206832708091591
26,temp,MAR,-0.0823258259601744,FALSE,-0.238070101849303,0.0759098435241289
27,temp,APR,-0.033991089007258,FALSE,-0.179641070371933,0.144200149390959
28,temp,MAY,-0.113272290838343,FALSE,-0.277889341860465,0.049806488834515
29,temp,JUN,0.0764986603426353,FALSE,-0.0978563929209013,0.215181010234911
30,temp,JUL,-0.0180040494288788,FALSE,-0.155963383717364,0.116082625462278
31,temp,AUG,0.157006373277924,TRUE,0.0276682738655223,0.288584275553401
32,temp,SEP,-0.0091033020446409,FALSE,-0.168133921525097,0.159796578182665
