id,varname,month,coef,significant,ci_lower,ci_upper
1,prec,jun,-0.108536196808041,FALSE,-0.291478363114891,0.0635740802648291
2,prec,jul,0.103001694195086,FALSE,-0.0923408605262545,0.286920033778109
3,prec,aug,0.0708767417443622,FALSE,-0.119477321053832,0.229201424686366
4,prec,sep,-0.111036404959063,FALSE,-0.319827384601188,0.0755791952187446
5,prec,oct,0.0728794410578116,FALSE,-0.115496197350463,0.266770362877993
6,prec,nov,0.0820965592996808,FALSE,-0.105956612308727,0.26737715819758
7,prec,dec,0.0994662926899992,FALSE,-0.0935195111623026,0.278436474647743
8,prec,JAN,0.0479087285847742,FALSE,-0.142229145563487,0.232257574223777
9,prec,FEB,0.0145296369398967,FALSE,-0.157672066543286,0.175040385082108
10,prec,MAR,0.0265333811715354,FALSE,-0.109471453371753,0.171161407018313
11,prec,APR,0.0821390585147425,FALSE,-0.0808148975032693,0.24426762060795
12,prec,MAY,0.00805704994499356,FALSE,-0.17066555438117,0.158299761654551
13,prec,JUN,0.188120142750304,FALSE,-0.00864563425547389,0.378433932844989
14,prec,JUL,0.219522355832676,TRUE,0.02318980056697,0.397125681708156
15,prec,AUG,0.0134186776396903,FALSE,-0.184220990636148,0.182836433648095
16,prec,SEP,-0.0830501639020228,FALSE,-0.275281302299312,0.105968102953823
17,temp,jun,0.00698095094107513,FALSE,-0.173681192117593,0.189786920963755
18,temp,jul,-0.0670175999467163,FALSE,-0.240674287203841,0.0734237334020866
19,temp,aug,-0.0540596086383648,FALSE,-0.238880723763683,0.102685061394045
20,temp,sep,-0.115182576085854,FALSE,-0.287390422956248,0.049463486834488
21,temp,oct,-0.0891576879034848,FALSE,-0.248916884736663,0.0722922256016106
22,temp,nov,0.0480767733085897,FALSE,-0.13252738562858,0.212029234991057
23,temp,dec,-0.0168957792114595,FALSE,-0.201402242744288,0.172930362877856
24,temp,JAN,0.140120152817187,FALSE,-0.0607578290782128,0.335784663658075
25,temp,FEB,-0.0097686325963097,FALSE,-0.192112348448809,0.171374848021828
26,temp,MAR,0.133903540697871,FALSE,-0.0748370593733278,0.307882051203319
27,temp,APR,-0.0410196837882654,FALSE,-0.213962089117652,0.133361959082069
28,temp,MAY,-0.139383979489383,FALSE,-0.307832331223303,0.0375377784716435
29,temp,JUN,-0.146929437977605,FALSE,-0.312377674330153,0.0107276194036941
30,temp,JUL,9.46014305149654e-05,FALSE,-0.189661302973389,0.205274934489134
31,temp,AUG,-0.00589920794441178,FALSE,-0.210353787559111,0.167206346044026
32,temp,SEP,-0.148082900956791,FALSE,-0.304723999041159,0.0226917841631624
