id,varname,month,coef,significant,ci_lower,ci_upper
1,prec,jun,-0.140089351777572,FALSE,-0.306933868838431,0.0219997902696748
2,prec,jul,0.0609002906774435,FALSE,-0.0865901869881886,0.215487557451269
3,prec,aug,0.0408672443120005,FALSE,-0.0923195647025939,0.18447891169784
4,prec,sep,0.122097180080692,FALSE,-0.0363985215571224,0.270415332406452
5,prec,oct,0.0721343624078271,FALSE,-0.132940302217067,0.22635585226238
6,prec,nov,0.162353090433056,TRUE,0.0146386204787769,0.309504738840881
7,prec,dec,0.147393613887148,FALSE,-0.0162446696759363,0.315338185985541
8,prec,JAN,0.112190574049825,FALSE,-0.0423530431196338,0.246049975001739
9,prec,FEB,0.247804537729442,TRUE,0.0307910165332846,0.446439830983876
10,prec,MAR,0.0824719388318274,FALSE,-0.0476902986413608,0.208180057172944
11,prec,APR,-0.0271832944044668,FALSE,-0.1951525415832,0.132669852265292
12,prec,MAY,0.200729850651009,TRUE,0.0166558172340907,0.366714088551667
13,prec,JUN,-0.0669052563081858,FALSE,-0.210334404220861,0.0789583546962922
14,prec,JUL,0.0614440389901029,FALSE,-0.087137240168367,0.205409318648692
15,prec,AUG,-0.0739643743188009,FALSE,-0.215610202021065,0.0816983016526873
16,prec,SEP,0.0669629698204383,FALSE,-0.10558949277468,0.214072648124092
17,temp,jun,0.0362673224327889,FALSE,-0.13754814327385,0.207043529975232
18,temp,jul,0.0542560309543457,FALSE,-0.071075773573607,0.18611598945643
19,temp,aug,0.147051645586076,FALSE,-0.00660694198518071,0.293217790321517
20,temp,sep,-0.0416063347302615,FALSE,-0.221167006612909,0.138959910977107
21,temp,oct,-0.0153919120372728,FALSE,-0.169201804449435,0.149360386194061
22,temp,nov,0.0669162777311321,FALSE,-0.0956389928599518,0.234323334787391
23,temp,dec,-0.0339192658915725,FALSE,-0.178894909828689,0.120436737973894
24,temp,JAN,0.146870753198309,TRUE,0.00671007628097055,0.286368103610409
25,temp,FEB,0.00780611956792516,FALSE,-0.154329617434683,0.165443594492934
26,temp,MAR,0.0149241139763769,FALSE,-0.140360568204001,0.149643262965868
27,temp,APR,-0.103861363964996,FALSE,-0.267375992867413,0.0610951951518143
28,temp,MAY,-0.15132011328873,FALSE,-0.283059222165766,0.00105474500792951
29,temp,JUN,0.0714980181413296,FALSE,-0.107506266219768,0.232349435165206
30,temp,JUL,0.0117994762401455,FALSE,-0.1250811871448,0.161981478792574
31,temp,AUG,0.152460019230104,TRUE,0.03046395323088,0.294664330678724
32,temp,SEP,-0.0884921611575936,FALSE,-0.24746036866665,0.0751994137569745
