id,varname,month,coef,significant,ci_lower,ci_upper
1,prec,jun,-0.011398418546608,FALSE,-0.175967494686175,0.146819427314326
2,prec,jul,0.0185366999754449,FALSE,-0.116999273231252,0.163891685745626
3,prec,aug,0.068313052804698,FALSE,-0.0709767488397823,0.208228452493245
4,prec,sep,0.0246964262691568,FALSE,-0.132502487476321,0.1605681155288
5,prec,oct,0.0932379902805262,FALSE,-0.0621395420947038,0.235807159833374
6,prec,nov,0.270835873286365,TRUE,0.13506956042895,0.410592056534018
7,prec,dec,0.170338660407738,TRUE,0.0404708508619274,0.30598171410364
8,prec,JAN,0.126671023970634,FALSE,-0.0129753742281027,0.258769359153494
9,prec,FEB,0.115571556227484,FALSE,-0.0553912608435845,0.255318855922767
10,prec,MAR,0.0440432796325806,FALSE,-0.0886763519652841,0.181163462881075
11,prec,APR,0.0833179775864399,FALSE,-0.0648518561025516,0.222304035358882
12,prec,MAY,0.0803793804253168,FALSE,-0.0726803942146187,0.22641005599167
13,prec,JUN,0.0422272557674688,FALSE,-0.0931956937879487,0.17878915250539
14,prec,JUL,0.0892536352654496,FALSE,-0.0422888062905882,0.228508425251837
15,prec,AUG,-0.0592831816574824,FALSE,-0.188064346384377,0.0912318189388184
16,prec,SEP,-0.0317764294197261,FALSE,-0.164727189682621,0.100978588925844
17,temp,jun,0.000261218705024461,FALSE,-0.156609374401366,0.160839577841508
18,temp,jul,-0.0846208177522739,FALSE,-0.204501994411155,0.0636773670857675
19,temp,aug,-0.119703544840491,FALSE,-0.257030088600618,0.0222748356661933
20,temp,sep,0.0582319539870894,FALSE,-0.0876512370724558,0.20214512857589
21,temp,oct,-0.0946306312578442,FALSE,-0.279922906727971,0.0503421748866103
22,temp,nov,-0.0500472133062676,FALSE,-0.176558002132042,0.0923169837166
23,temp,dec,0.0361328173017437,FALSE,-0.12501343615727,0.207223373882642
24,temp,JAN,-0.0361541579726674,FALSE,-0.190958232357568,0.13906089592143
25,temp,FEB,-0.0119617912002241,FALSE,-0.149953299106656,0.129460570896528
26,temp,MAR,-0.127944631653428,FALSE,-0.27326448772268,0.0288698086072934
27,temp,APR,-0.131612620638795,FALSE,-0.298630194950566,0.0131253772089999
28,temp,MAY,-0.0970926255771678,FALSE,-0.258371869141429,0.0503423919674456
29,temp,JUN,-0.0501849848314676,FALSE,-0.192076070233858,0.104949541832744
30,temp,JUL,-0.0650461975228372,FALSE,-0.205304803802101,0.0719112544939227
31,temp,AUG,-0.01355556691707,FALSE,-0.167141792922342,0.119959474976814
32,temp,SEP,0.0164629953430925,FALSE,-0.131817942076375,0.1544805302136
