id,varname,month,coef,significant,ci_lower,ci_upper
1,prec,jun,-0.0414483666947694,FALSE,-0.187651700523628,0.11024880306823
2,prec,jul,0.0678871907315572,FALSE,-0.0982159006769914,0.234008364548326
3,prec,aug,-0.0310276389281454,FALSE,-0.190821619218215,0.130991902015272
4,prec,sep,0.114113759074642,FALSE,-0.0581667186203462,0.276452816796417
5,prec,oct,0.0573452098354151,FALSE,-0.122416570482239,0.24320205221583
6,prec,nov,0.143872243355037,FALSE,-0.0206607860294152,0.27413672246893
7,prec,dec,0.193167944058504,TRUE,0.0852340819113005,0.321555560606029
8,prec,JAN,0.138844245573879,FALSE,-0.0466290409233157,0.304637281451704
9,prec,FEB,0.268843158048185,TRUE,0.101116123913167,0.437873267039295
10,prec,MAR,0.00183943396621826,FALSE,-0.141007932221712,0.14433472845415
11,prec,APR,0.0892297665004623,FALSE,-0.080780089763127,0.263200148957765
12,prec,MAY,0.135205109705685,FALSE,-0.0194255793035335,0.298661232493175
13,prec,JUN,-0.00988604431692785,FALSE,-0.174236180212907,0.148514809132654
14,prec,JUL,0.12817512542224,FALSE,-0.0553558957312909,0.303324733445465
15,prec,AUG,-0.0714169941302952,FALSE,-0.233153402109864,0.0998813733022058
16,prec,SEP,0.0720528000871735,FALSE,-0.0910488692519409,0.223016758926179
17,temp,jun,-0.0566928068386249,FALSE,-0.22638503731505,0.103782281790415
18,temp,jul,-0.111405304006707,FALSE,-0.260817457622457,0.0370952577807477
19,temp,aug,0.034893543997308,FALSE,-0.08897069237411,0.188139300562902
20,temp,sep,-0.000496223297638721,FALSE,-0.165299736671638,0.161771880994525
21,temp,oct,-0.0672183004226442,FALSE,-0.217735426127551,0.0786367012191761
22,temp,nov,-0.041585497903431,FALSE,-0.2043045879862,0.13107343721396
23,temp,dec,0.00383112404956201,FALSE,-0.153215243521108,0.188514564911358
24,temp,JAN,-0.000106905165570815,FALSE,-0.169185786485375,0.181917791767005
25,temp,FEB,0.0340364744170015,FALSE,-0.130135187942717,0.179000783081708
26,temp,MAR,0.071086547797015,FALSE,-0.0792273838026642,0.219188193436557
27,temp,APR,0.0176647395256043,FALSE,-0.140133280733839,0.179487427174955
28,temp,MAY,-0.106708304794861,FALSE,-0.280599422365156,0.0796575023716929
29,temp,JUN,-0.0561619656096749,FALSE,-0.21624301370561,0.0847645222859306
30,temp,JUL,-0.120539656143357,FALSE,-0.272340143733545,0.0399812469465517
31,temp,AUG,0.0198429762221015,FALSE,-0.125668199970681,0.181157712737979
32,temp,SEP,0.0149770978416792,FALSE,-0.151628073294987,0.176745249212528
