id,varname,month,coef,significant,ci_lower,ci_upper
1,prec,jun,-0.127822309708509,FALSE,-0.292419081897269,0.0330885444279685
2,prec,jul,0.0311249859937621,FALSE,-0.137585928046366,0.204454363485815
3,prec,aug,0.0189712466792302,FALSE,-0.186329830060337,0.211866975913236
4,prec,sep,-0.0106607216468705,FALSE,-0.174345161658738,0.16452183052068
5,prec,oct,0.085639010097124,FALSE,-0.127790949375077,0.302259209566092
6,prec,nov,0.0842944186133737,FALSE,-0.0948425155242149,0.262429480258163
7,prec,dec,-0.00524804970634996,FALSE,-0.21538704581732,0.173502289787872
8,prec,JAN,-0.207863222621466,TRUE,-0.389196237143389,-0.00363622559336671
9,prec,FEB,0.0213409399867251,FALSE,-0.142994990916068,0.193030352273393
10,prec,MAR,0.195942717986635,FALSE,-0.0241787647823437,0.404242411403037
11,prec,APR,-0.150069166584559,FALSE,-0.343920876110638,0.0396932865454178
12,prec,MAY,-0.10214018797457,FALSE,-0.257452642918692,0.0645464524244749
13,prec,JUN,0.0783453834595894,FALSE,-0.0993071585572175,0.288658845782602
14,prec,JUL,0.125794602734635,FALSE,-0.0573272225439356,0.297335189399359
15,prec,AUG,0.0490260003885691,FALSE,-0.132133956409447,0.248101271724674
16,prec,SEP,0.097897380106777,FALSE,-0.0845335094048056,0.27933711441637
17,temp,jun,0.144428521127828,FALSE,-0.0131727587218598,0.311351255176414
18,temp,jul,-0.114002943954264,FALSE,-0.268265480064298,0.0510205012990146
19,temp,aug,-0.102790009741578,FALSE,-0.258523896210256,0.042477541417744
20,temp,sep,-0.0298465114010908,FALSE,-0.206485466172295,0.133851784315525
21,temp,oct,0.0459779369141606,FALSE,-0.111259382872238,0.198277686580586
22,temp,nov,0.0501147442300395,FALSE,-0.138156119892903,0.195983428871192
23,temp,dec,-0.00106856420360317,FALSE,-0.17154656958802,0.184021280048512
24,temp,JAN,-0.124222420834532,FALSE,-0.300805008529636,0.0404483254750089
25,temp,FEB,-0.095616735379087,FALSE,-0.281124986325216,0.073498374593499
26,temp,MAR,-0.0881256756198025,FALSE,-0.260695003564414,0.100457634005941
27,temp,APR,0.00317335254187505,FALSE,-0.188031553383217,0.176932125234961
28,temp,MAY,0.134122774383778,FALSE,-0.027145009587735,0.282957778365222
29,temp,JUN,0.0507976192132824,FALSE,-0.099292196996665,0.209277029203008
30,temp,JUL,-0.0307097330773714,FALSE,-0.18902689588019,0.124886821505987
31,temp,AUG,0.0169509439999389,FALSE,-0.123405402926764,0.164971343923219
32,temp,SEP,0.15400237177849,FALSE,-0.0328360425097601,0.322251341822865
