id,varname,month,coef,significant,ci_lower,ci_upper
1,prec,jun,-0.12774454068089,FALSE,-0.283055069582101,0.0484692954849051
2,prec,jul,-0.0825991777930747,FALSE,-0.264896689724074,0.0946276159286769
3,prec,aug,0.0337639935918822,FALSE,-0.151913259604699,0.209146518229632
4,prec,sep,0.0615509615037501,FALSE,-0.122571552585872,0.259143683534233
5,prec,oct,0.0330891627059518,FALSE,-0.187504934920028,0.236533268077573
6,prec,nov,0.0950401200643233,FALSE,-0.116326599416796,0.321948618578831
7,prec,dec,-0.0677137918475877,FALSE,-0.246476113539428,0.0982631581237283
8,prec,JAN,0.00694329117403453,FALSE,-0.173290502611484,0.19765035581122
9,prec,FEB,0.0760459606356593,FALSE,-0.117223207267434,0.258004126376732
10,prec,MAR,0.173303272959058,FALSE,-0.04113749069918,0.363416522644231
11,prec,APR,-0.0350077932629598,FALSE,-0.208905990788236,0.127996913274352
12,prec,MAY,-0.0690146981246531,FALSE,-0.237397495863909,0.113296272637854
13,prec,JUN,0.047227786262873,FALSE,-0.147499207454461,0.257101930455176
14,prec,JUL,-0.0397818904117852,FALSE,-0.225948212875877,0.166118225055705
15,prec,AUG,0.128816336185659,FALSE,-0.0324079676262346,0.288455254061512
16,prec,SEP,0.0271207750085561,FALSE,-0.172920535221016,0.223469000133537
17,temp,jun,0.00536202295711528,FALSE,-0.168342725859164,0.182495520709395
18,temp,jul,-0.0829494087733777,FALSE,-0.264026068630333,0.079466882355272
19,temp,aug,-0.119250443416887,FALSE,-0.277356046118613,0.0408281837531621
20,temp,sep,-0.056869935085759,FALSE,-0.218897736102792,0.109601458501673
21,temp,oct,0.0448916431087886,FALSE,-0.132144441531034,0.250744423780319
22,temp,nov,0.0238244841251656,FALSE,-0.157922175147368,0.199533669170603
23,temp,dec,-0.0672977211794888,FALSE,-0.265942852440386,0.12816217570849
24,temp,JAN,-0.0458886746225891,FALSE,-0.245160156249791,0.134314691765222
25,temp,FEB,0.0398027017396008,FALSE,-0.154151031162799,0.216153276834742
26,temp,MAR,0.0326657572661343,FALSE,-0.151064550771589,0.233038150403079
27,temp,APR,0.121081848509938,FALSE,-0.0721197759643696,0.303977688447887
28,temp,MAY,0.0437111970880388,FALSE,-0.12511489103494,0.207810278799284
29,temp,JUN,0.120040045422565,FALSE,-0.0671188810186201,0.286736870595779
30,temp,JUL,0.0190625837536528,FALSE,-0.166744765298445,0.209394232183456
31,temp,AUG,-0.0269514651826978,FALSE,-0.163384423135728,0.114951402452414
32,temp,SEP,-0.0707906752270086,FALSE,-0.273670661980224,0.119870158904429
