id,varname,month,coef,significant,ci_lower,ci_upper
1,prec,jun,0.143197917009754,FALSE,-0.0987860391966196,0.343524069722829
2,prec,jul,-0.0223294053103538,FALSE,-0.204195658598681,0.162294370828769
3,prec,aug,0.0777946205835495,FALSE,-0.150570147596317,0.292966466959453
4,prec,sep,0.0776574058775422,FALSE,-0.127819690524362,0.244441528687375
5,prec,oct,-0.171788656918615,FALSE,-0.371684938380217,0.033581391011653
6,prec,nov,-0.0513889162875521,FALSE,-0.241187885848214,0.149440774446536
7,prec,dec,-0.0185762952435105,FALSE,-0.255146097160797,0.180117190944946
8,prec,JAN,0.00876155129657737,FALSE,-0.194055052665337,0.240148656430192
9,prec,FEB,0.063876807610212,FALSE,-0.128812840947897,0.270416179327581
10,prec,MAR,-0.119797234069469,FALSE,-0.347798430709556,0.10016050283875
11,prec,APR,0.0417383197898852,FALSE,-0.144510537423415,0.231893337263434
12,prec,MAY,0.0861947305188779,FALSE,-0.123957863634928,0.283125227844763
13,prec,JUN,0.0351117851636419,FALSE,-0.158960280619342,0.236155093097769
14,prec,JUL,-0.0588564659194326,FALSE,-0.245639243498397,0.138000030580665
15,prec,AUG,-0.029286191622301,FALSE,-0.224410525447606,0.195023772030959
16,prec,SEP,0.037756441742431,FALSE,-0.168650192804601,0.233795523029941
17,temp,jun,-0.0520200933215014,FALSE,-0.250426328685387,0.141456362244973
18,temp,jul,0.0944581489754778,FALSE,-0.0871056089416433,0.287025596694898
19,temp,aug,-0.0122488532500644,FALSE,-0.215291772547255,0.134357312078739
20,temp,sep,-0.0894192168958521,FALSE,-0.295771852918627,0.0983200375345053
21,temp,oct,-0.0673312582194963,FALSE,-0.284779208473582,0.14568252190454
22,temp,nov,0.0287988914314447,FALSE,-0.160831276635544,0.213852510415669
23,temp,dec,0.103377612751346,FALSE,-0.150837544579885,0.31371655670686
24,temp,JAN,0.0188473488449393,FALSE,-0.160262487332687,0.193222072789073
25,temp,FEB,0.0846085471882344,FALSE,-0.162421105570749,0.279875125070803
26,temp,MAR,0.185032882853927,FALSE,0.00394563044422716,0.40722951240054
27,temp,APR,0.0647074282553171,FALSE,-0.144035766331326,0.253496117162846
28,temp,MAY,0.0639723279450139,FALSE,-0.117860775242196,0.253111188252123
29,temp,JUN,0.0599387246944366,FALSE,-0.127442228199179,0.25635853964224
30,temp,JUL,0.145301374807533,FALSE,-0.0126028108101551,0.315301875770571
31,temp,AUG,0.0677501923356702,FALSE,-0.114099678809047,0.228345475194142
32,temp,SEP,0.113755199999809,FALSE,-0.0932686662396905,0.301441107899889
