id,varname,month,coef,significant,ci_lower,ci_upper
1,prec,jun,-0.101519145636899,FALSE,-0.27897726441525,0.0674195001886035
2,prec,jul,0.0170358976511169,FALSE,-0.156851841156315,0.202277396741419
3,prec,aug,-0.0066663358100284,FALSE,-0.170730044181021,0.164463422045927
4,prec,sep,0.0602786072492851,FALSE,-0.125631482024064,0.230141035924236
5,prec,oct,0.0658380713445644,FALSE,-0.0892227534058212,0.229492973762614
6,prec,nov,0.138960772151512,FALSE,-0.0234230474389368,0.321256410368681
7,prec,dec,-0.00400180626088049,FALSE,-0.176922468152685,0.170146632294076
8,prec,JAN,0.0304821676616621,FALSE,-0.172570738007536,0.234145857186301
9,prec,FEB,-0.107864986259937,FALSE,-0.317354189095211,0.0825386169094222
10,prec,MAR,0.0304544288876627,FALSE,-0.142113983165114,0.200746724556296
11,prec,APR,0.0230237895529779,FALSE,-0.132121155609312,0.186622884626006
12,prec,MAY,0.0458734164042436,FALSE,-0.146336149402249,0.244668598968538
13,prec,JUN,0.00799112841290641,FALSE,-0.183165151424117,0.200368034584663
14,prec,JUL,-0.00397720491486611,FALSE,-0.162761041149076,0.147097077274839
15,prec,AUG,0.0739487407375459,FALSE,-0.0964277223243249,0.271873379011697
16,prec,SEP,0.0601761378347499,FALSE,-0.14210259778126,0.244637763564393
17,temp,jun,-0.0472008265171124,FALSE,-0.284245879084575,0.170489872276851
18,temp,jul,-0.0392031635355049,FALSE,-0.199233988778497,0.130365321403014
19,temp,aug,-0.0163075634273773,FALSE,-0.180078626642889,0.181527621194766
20,temp,sep,-0.0277632970437186,FALSE,-0.213423812079657,0.141598671878175
21,temp,oct,-0.0664017802304525,FALSE,-0.263644399841843,0.134249850462447
22,temp,nov,0.213924683232994,FALSE,-0.0266213007175528,0.471764911173115
23,temp,dec,-0.0597348320365561,FALSE,-0.247121873235175,0.114121506179711
24,temp,JAN,-0.00459832277557695,FALSE,-0.172990496052977,0.181733924927297
25,temp,FEB,0.19613274604912,TRUE,0.0286909437501116,0.353768471272774
26,temp,MAR,0.0116511564037533,FALSE,-0.176682714558842,0.206201040986084
27,temp,APR,-0.0221250207868509,FALSE,-0.189281849840367,0.137837685331484
28,temp,MAY,-0.0258190656968928,FALSE,-0.196834560440053,0.138294421502803
29,temp,JUN,-0.0767255617148568,FALSE,-0.328852789448681,0.137878370235152
30,temp,JUL,0.0764332866251047,FALSE,-0.0921435096796263,0.236531263974569
31,temp,AUG,0.0720373647632414,FALSE,-0.103324277126987,0.252534242176274
32,temp,SEP,-0.0459337119402869,FALSE,-0.213530932468009,0.136164036403373
