id,varname,month,coef,significant,ci_lower,ci_upper
1,prec,jun,0.0116650507927524,FALSE,-0.16467541794583,0.167137158651991
2,prec,jul,0.119358221384392,FALSE,-0.0558485644716035,0.274192351454449
3,prec,aug,-0.072094249881616,FALSE,-0.280140250003632,0.16723605156673
4,prec,sep,0.0826628255461196,FALSE,-0.0574603707726234,0.243301622072208
5,prec,oct,0.0805492667285974,FALSE,-0.101064898922033,0.241276905752886
6,prec,nov,0.136320119678349,FALSE,-0.015195148712654,0.31969188510682
7,prec,dec,0.0935385107582269,FALSE,-0.0636746131008368,0.232145218744796
8,prec,JAN,0.137281034634188,FALSE,-0.0403114482702009,0.319463340825774
9,prec,FEB,0.108554717747661,FALSE,-0.059901256880161,0.263418076571355
10,prec,MAR,0.124810737912036,FALSE,-0.0784264162403095,0.299492703457554
11,prec,APR,-0.0536295756169635,FALSE,-0.232954522930849,0.168818791601009
12,prec,MAY,0.0604071234837653,FALSE,-0.0907959240541701,0.196188560836137
13,prec,JUN,-0.0107419770864708,FALSE,-0.175971346797862,0.144144097373685
14,prec,JUL,0.0432225603257021,FALSE,-0.150138736649992,0.211542640543267
15,prec,AUG,-0.0811173921137107,FALSE,-0.207603726678286,0.0754837879130014
16,prec,SEP,0.0173389367819274,FALSE,-0.144430403821939,0.153585535081814
17,temp,jun,-0.156015423848976,FALSE,-0.317833408123982,0.0112525797351194
18,temp,jul,-0.0850796368419333,FALSE,-0.243736629146873,0.0659049041793742
19,temp,aug,-0.0873848354654841,FALSE,-0.256269096510844,0.0779094131925245
20,temp,sep,-0.209474073793128,TRUE,-0.357185408289993,-0.0602292075496677
21,temp,oct,0.0122273724277475,FALSE,-0.132095955793869,0.174021753042888
22,temp,nov,-0.0270273275399762,FALSE,-0.199498716627847,0.121179177941153
23,temp,dec,0.0779068854641324,FALSE,-0.0964199197242949,0.26422745110021
24,temp,JAN,0.09867669455114,FALSE,-0.0583949612895556,0.247359471107498
25,temp,FEB,0.118259257754246,FALSE,-0.0469483569315307,0.257290492025293
26,temp,MAR,-0.015852589475619,FALSE,-0.155349229609335,0.140178154759176
27,temp,APR,0.0855363601582513,FALSE,-0.0735094612605456,0.23369038726296
28,temp,MAY,-0.0597042033015287,FALSE,-0.213486798615778,0.0933334036235534
29,temp,JUN,-0.242693337042742,TRUE,-0.397501433198152,-0.0906051120851443
30,temp,JUL,-0.105011517090593,FALSE,-0.255990948856733,0.0615398626443029
31,temp,AUG,-0.112959919902651,FALSE,-0.262344476087286,0.053564792461681
32,temp,SEP,-0.116625883824906,FALSE,-0.240354191881255,0.0213398700813232
