id,varname,month,coef,significant,ci_lower,ci_upper
1,prec,jun,0.0455278256582953,FALSE,-0.0780988768228421,0.195682229034143
2,prec,jul,0.0891385720357584,FALSE,-0.0419704126657137,0.239180683699482
3,prec,aug,0.173428425157612,FALSE,-0.0131987573108429,0.323961506738779
4,prec,sep,-0.0136709470601064,FALSE,-0.161952900440026,0.155007034632753
5,prec,oct,0.02267751265378,FALSE,-0.161164391978593,0.182947835331619
6,prec,nov,0.16390500333743,TRUE,0.0266392308142077,0.290160735083045
7,prec,dec,0.0976776039953612,FALSE,-0.0316496265760326,0.248183820113308
8,prec,JAN,0.138080583625635,FALSE,-0.00669380280335176,0.29133103828488
9,prec,FEB,0.0336051417037636,FALSE,-0.115276723641957,0.178381959598462
10,prec,MAR,0.0596128151271349,FALSE,-0.0768603368079292,0.199499901493743
11,prec,APR,-0.0733265467912651,FALSE,-0.220999216749887,0.0827633379688525
12,prec,MAY,0.0610250293902956,FALSE,-0.0982491879945756,0.208000451579954
13,prec,JUN,0.0198477844960442,FALSE,-0.113342846534745,0.15382870534369
14,prec,JUL,0.0802668492650785,FALSE,-0.0825217068775312,0.233398626378448
15,prec,AUG,-0.00170362422379513,FALSE,-0.18079025293233,0.130912086708146
16,prec,SEP,-0.0315016378494412,FALSE,-0.194683279493719,0.129754749130578
17,temp,jun,-0.169274908530696,TRUE,-0.315124189476888,-0.0172929096907804
18,temp,jul,-0.0590187145697785,FALSE,-0.216116354317087,0.102150249123581
19,temp,aug,-0.0970369352875217,FALSE,-0.276266884998096,0.0774647168707506
20,temp,sep,-0.243893961693372,TRUE,-0.411776680637654,-0.0761340515228554
21,temp,oct,-0.178268778155546,TRUE,-0.339687003392727,-0.0237087073653546
22,temp,nov,-0.0908947724157489,FALSE,-0.276255435696083,0.0687007562477123
23,temp,dec,0.0390033961515817,FALSE,-0.120719137779832,0.19998177662569
24,temp,JAN,0.0341582644344777,FALSE,-0.120296914326346,0.172203336334127
25,temp,FEB,0.178769044299782,TRUE,0.0122343015144282,0.32415208071968
26,temp,MAR,-0.0131438077401822,FALSE,-0.138883764719235,0.152516078641428
27,temp,APR,0.0023547520304275,FALSE,-0.14192377957225,0.141371699046
28,temp,MAY,-0.0496616134273187,FALSE,-0.198314206201302,0.106205033054223
29,temp,JUN,-0.220611659824876,TRUE,-0.391177893582046,-0.0624703566920355
30,temp,JUL,-0.133813816089148,FALSE,-0.271819291453095,0.0224682533108752
31,temp,AUG,-0.036855898424649,FALSE,-0.197351888086461,0.126742226692939
32,temp,SEP,0.0255767450791606,FALSE,-0.1173040211213,0.181637005007673
