id,varname,month,coef,significant,ci_lower,ci_upper
1,prec,jun,0.0523473894291476,FALSE,-0.159059817872752,0.268293944907647
2,prec,jul,0.174356872528775,FALSE,-0.026124301071353,0.341454815537458
3,prec,aug,0.237649013957614,TRUE,0.0520335874901422,0.399809560571669
4,prec,sep,0.064159523790662,FALSE,-0.128478275604764,0.213482324132776
5,prec,oct,-0.0253983399286761,FALSE,-0.192728950099915,0.141383083958969
6,prec,nov,-0.048201272530813,FALSE,-0.224865613720214,0.13507265504867
7,prec,dec,0.0687591432545368,FALSE,-0.147104523204681,0.273311490020317
8,prec,JAN,0.116893606887462,FALSE,-0.04652129364021,0.281576797683661
9,prec,FEB,0.094877347538832,FALSE,-0.0839045409749167,0.259371086486432
10,prec,MAR,0.089328833517157,FALSE,-0.122785181733061,0.29062301993585
11,prec,APR,-0.0547023290096396,FALSE,-0.245252429706961,0.14827239637448
12,prec,MAY,0.0329779311293651,FALSE,-0.119502143753778,0.209084034521233
13,prec,JUN,-0.00185610338784562,FALSE,-0.178238947809157,0.165456290283459
14,prec,JUL,0.0433716715430678,FALSE,-0.16766907088643,0.274477295539574
15,prec,AUG,0.0913725741428653,FALSE,-0.0969486454550157,0.255942604282097
16,prec,SEP,0.0191725236965875,FALSE,-0.160882673417284,0.205885304262842
17,temp,jun,-0.0264274134270647,FALSE,-0.212995900654259,0.175137883081094
18,temp,jul,-0.138555809407746,FALSE,-0.301865124482924,0.0468426433360929
19,temp,aug,-0.223059244153947,TRUE,-0.386563429482092,-0.0557439757625436
20,temp,sep,-0.227923764075089,TRUE,-0.42062051597112,-0.0296939684710457
21,temp,oct,0.0957725743150989,FALSE,-0.117966395641582,0.310600180208255
22,temp,nov,0.0901268886833198,FALSE,-0.110762704905296,0.301963493955922
23,temp,dec,0.0262282432862724,FALSE,-0.174725307472665,0.198697543517158
24,temp,JAN,0.11643002014315,FALSE,-0.0812605309973449,0.282318663675692
25,temp,FEB,0.104260334540207,FALSE,-0.0672322992530581,0.287514332049232
26,temp,MAR,0.0152145407654464,FALSE,-0.152883440392996,0.189875424149824
27,temp,APR,0.062644243108627,FALSE,-0.102927241639323,0.224496023225357
28,temp,MAY,0.0724719504280076,FALSE,-0.0751602521863599,0.229049111014661
29,temp,JUN,-0.135196772485038,FALSE,-0.307180650074509,0.0532199294684642
30,temp,JUL,-0.129380244409134,FALSE,-0.334654162999123,0.0759997470593465
31,temp,AUG,0.0368768282704749,FALSE,-0.118449590500868,0.207812945643745
32,temp,SEP,-0.0532557986583895,FALSE,-0.216880664942667,0.135675493740618
