id,varname,month,coef,significant,ci_lower,ci_upper
1,prec,jun,0.119690327943378,FALSE,-0.0751576451533252,0.311257085420305
2,prec,jul,-0.0822357357007494,FALSE,-0.237154828282401,0.0998861539117032
3,prec,aug,-0.0551505480590479,FALSE,-0.20978712293339,0.0946855182444064
4,prec,sep,0.138393120450458,FALSE,-0.0994548925634716,0.3458641550001
5,prec,oct,-0.0129244317141717,FALSE,-0.175867169771089,0.151906766110893
6,prec,nov,-0.00824337371806324,FALSE,-0.185548886879952,0.186771746837896
7,prec,dec,0.010295321479084,FALSE,-0.204487259345924,0.178340437991237
8,prec,JAN,0.0731276831587539,FALSE,-0.116042398162551,0.297663952105454
9,prec,FEB,0.0517852831768768,FALSE,-0.121180008010345,0.236058485161405
10,prec,MAR,0.0577400927195923,FALSE,-0.159088144566729,0.266117778253197
11,prec,APR,-0.0650529074103649,FALSE,-0.227893532769642,0.0987524296438091
12,prec,MAY,0.138753039759756,FALSE,-0.00489611502073804,0.287417407707498
13,prec,JUN,0.106447437728232,FALSE,-0.0441493390539905,0.255067583961871
14,prec,JUL,-0.00323795869343469,FALSE,-0.192070996267583,0.181571150409194
15,prec,AUG,-0.0467689874778113,FALSE,-0.198949145609559,0.133263859008247
16,prec,SEP,-0.00190355814510123,FALSE,-0.188960633663557,0.184949549337458
17,temp,jun,-0.108917634574872,FALSE,-0.232583695009824,0.0340152381280722
18,temp,jul,-0.0285795194888867,FALSE,-0.223088554987562,0.184136024765997
19,temp,aug,-0.171107793377612,TRUE,-0.358102777453906,-0.0181238646732521
20,temp,sep,-0.21409934352315,TRUE,-0.387470119292898,-0.0492536385768961
21,temp,oct,-0.125113331918786,FALSE,-0.330359538887653,0.0372172210900272
22,temp,nov,-0.0784215883561004,FALSE,-0.251395559000128,0.0698206914592379
23,temp,dec,0.0458121462885408,FALSE,-0.137757147557239,0.231728570529341
24,temp,JAN,-0.00888415368694521,FALSE,-0.19051016554634,0.16878905740256
25,temp,FEB,0.136076128285681,FALSE,-0.0805604626873262,0.308475397138059
26,temp,MAR,0.0131844991456211,FALSE,-0.167288835344639,0.217202847860605
27,temp,APR,0.219240616932323,TRUE,0.0413175847152396,0.375091253080768
28,temp,MAY,-0.07227997098642,FALSE,-0.229617081363806,0.0779917957762159
29,temp,JUN,-0.213938976732116,TRUE,-0.398640837205208,-0.0349688394706376
30,temp,JUL,-0.118901645197818,FALSE,-0.292285779156007,0.0622255272807981
31,temp,AUG,-0.0112805789641795,FALSE,-0.197517386984761,0.174558077302799
32,temp,SEP,-0.0419776766602749,FALSE,-0.232139994272019,0.172107916256584
