id,varname,month,coef,significant,ci_lower,ci_upper
1,prec,jun,0.0480945316094023,FALSE,-0.0913018935140069,0.191651264310196
2,prec,jul,0.212271710340909,TRUE,0.0399529518630945,0.360805164019581
3,prec,aug,0.0612277100988958,FALSE,-0.0873658799675709,0.211585107596337
4,prec,sep,0.13892886729388,FALSE,-0.0223103071235404,0.322248757936235
5,prec,oct,0.123917087065452,FALSE,-0.0572063992626888,0.280602104837454
6,prec,nov,0.150854092559183,FALSE,-0.0518531201065459,0.339031096210304
7,prec,dec,0.0538826557628383,FALSE,-0.205759291819271,0.286347949149851
8,prec,JAN,0.140980341691609,FALSE,-0.03979379680655,0.329016578459353
9,prec,FEB,0.185692038683166,FALSE,-0.01494692536139,0.377810956994958
10,prec,MAR,0.0413816631042765,FALSE,-0.172404130089267,0.237355231981868
11,prec,APR,0.0950613773060865,FALSE,-0.081205933056995,0.251733072591499
12,prec,MAY,-0.11679003057964,FALSE,-0.269722251460421,0.0181690454986522
13,prec,JUN,0.102351723959708,FALSE,-0.0617694054266245,0.263584955247522
14,prec,JUL,0.152468348175769,FALSE,-0.00625104049791778,0.330870061491161
15,prec,AUG,0.0171158515041724,FALSE,-0.187182793469916,0.186327767613402
16,prec,SEP,0.0496007008880642,FALSE,-0.107480003709112,0.199685315833098
17,temp,jun,0.0973266628370986,FALSE,-0.0959160118976043,0.248180370075739
18,temp,jul,-0.0871107346385908,FALSE,-0.281217654839097,0.0991183907345039
19,temp,aug,0.0252517517938236,FALSE,-0.178873227331039,0.213622085996704
20,temp,sep,-0.0215340347790172,FALSE,-0.213497390114481,0.158297437458477
21,temp,oct,-0.0176485789408628,FALSE,-0.19779256466125,0.160608089410737
22,temp,nov,0.100804047793734,FALSE,-0.0874976243479445,0.280828929514659
23,temp,dec,0.103329002717248,FALSE,-0.064768523995814,0.266647057188966
24,temp,JAN,0.0138159313697123,FALSE,-0.180525380778701,0.177969336268352
25,temp,FEB,-0.0257168765695095,FALSE,-0.199265756035613,0.153217295457715
26,temp,MAR,-0.0736577313261916,FALSE,-0.247406551395938,0.0943650509761917
27,temp,APR,-0.0367138705078178,FALSE,-0.263055141385512,0.172959017485828
28,temp,MAY,0.028730663009655,FALSE,-0.144269997599851,0.206324564212247
29,temp,JUN,0.0768189200327122,FALSE,-0.101928924281855,0.270399970816583
30,temp,JUL,-0.0117713085540411,FALSE,-0.17890437577787,0.160189909400591
31,temp,AUG,0.105427208674251,FALSE,-0.0659930931244291,0.274193492835863
32,temp,SEP,-0.0191606234311932,FALSE,-0.194636442157189,0.142691416741913
