id,varname,month,coef,significant,ci_lower,ci_upper
1,prec,jun,0.0721179693929628,FALSE,-0.0761410084963724,0.232359149390543
2,prec,jul,0.159413160922788,FALSE,-0.0286786567431632,0.349180549033503
3,prec,aug,0.177023726146409,FALSE,-0.0087412560374182,0.340648049343893
4,prec,sep,-0.0415789406845019,FALSE,-0.198753081740815,0.140284757928786
5,prec,oct,0.0862528518948363,FALSE,-0.0984306876179918,0.259894314348213
6,prec,nov,0.0685249188058703,FALSE,-0.123457079711325,0.220374529040082
7,prec,dec,0.0227860394900197,FALSE,-0.179475603025071,0.206227990365936
8,prec,JAN,0.111545100176911,FALSE,-0.0657316271022669,0.288313429320777
9,prec,FEB,0.109014950266038,FALSE,-0.0467061177267312,0.272418348029213
10,prec,MAR,0.0432219302457884,FALSE,-0.128593694311037,0.250578609091473
11,prec,APR,0.0559294810119921,FALSE,-0.134652078924388,0.273818607704045
12,prec,MAY,0.0241538319435756,FALSE,-0.126009418180529,0.161023066383595
13,prec,JUN,0.0847091610820406,FALSE,-0.0836488556936747,0.235981438909067
14,prec,JUL,0.28226711173357,TRUE,0.101933469796347,0.451563223926197
15,prec,AUG,0.0135215703173326,FALSE,-0.181645690152187,0.202517994824091
16,prec,SEP,-0.0407167766095121,FALSE,-0.217702430868191,0.119966995613841
17,temp,jun,-0.13674406050347,FALSE,-0.295833363810125,0.0122842447571156
18,temp,jul,-0.0204641302375138,FALSE,-0.21579828156401,0.159578838945133
19,temp,aug,-0.154019788134225,FALSE,-0.318428635612523,0.0217564493991533
20,temp,sep,-0.135226792145792,FALSE,-0.311540826494773,0.0376218276646904
21,temp,oct,-0.0179687479683734,FALSE,-0.190681141043414,0.167109767257082
22,temp,nov,-0.219394843716512,TRUE,-0.410045698620808,-0.0478377480457009
23,temp,dec,0.133549868464412,FALSE,-0.0214201178942555,0.322912784282902
24,temp,JAN,-0.0312165323150376,FALSE,-0.194481813052147,0.120918952500566
25,temp,FEB,0.0607906652788942,FALSE,-0.108771473322522,0.21061036136228
26,temp,MAR,0.0489182795908674,FALSE,-0.0975896080312011,0.258288336540261
27,temp,APR,0.0724375465806338,FALSE,-0.131949963988956,0.251790731542653
28,temp,MAY,0.0970875552961904,FALSE,-0.0544676488940927,0.251115012630685
29,temp,JUN,-0.149125984541087,FALSE,-0.329328341721229,0.0319070834507824
30,temp,JUL,-0.0877604019692219,FALSE,-0.243293273437301,0.0900546914523605
31,temp,AUG,-0.0254085848798159,FALSE,-0.196320303527267,0.179659222755358
32,temp,SEP,0.0686594892783652,FALSE,-0.132670358645005,0.231616280502597
