id,varname,month,coef,significant,ci_lower,ci_upper
1,prec,jun,-0.0933012727898725,FALSE,-0.240349368994135,0.0772830896158316
2,prec,jul,0.162622518864649,FALSE,-0.101031305843313,0.383076836308223
3,prec,aug,-0.00474183830122003,FALSE,-0.190448628922532,0.160755559566559
4,prec,sep,0.104390857740854,FALSE,-0.0545532912348557,0.260479087206841
5,prec,oct,0.114697601698177,FALSE,-0.0806524709797909,0.296944404514602
6,prec,nov,0.0757453001797263,FALSE,-0.0757076264011913,0.222431496760562
7,prec,dec,0.113370826685099,FALSE,-0.0569596862497419,0.278834409682477
8,prec,JAN,0.166816617970171,FALSE,-0.00497486665005076,0.332733920377496
9,prec,FEB,0.129147823031676,FALSE,-0.0296213741566281,0.301076975934265
10,prec,MAR,0.165678487635711,FALSE,-0.0242983713063609,0.339331862710354
11,prec,APR,0.0569468675569069,FALSE,-0.138014136468799,0.201540197616296
12,prec,MAY,0.037334553940257,FALSE,-0.145200611391723,0.194241790973201
13,prec,JUN,-0.128513532093586,FALSE,-0.305830014502872,0.0591243017441383
14,prec,JUL,0.0858397978356892,FALSE,-0.0968963026522677,0.302942796215624
15,prec,AUG,0.117945078096083,FALSE,-0.104782471991477,0.314252310162747
16,prec,SEP,0.0143320068729342,FALSE,-0.16892110728798,0.200292192601634
17,temp,jun,-0.0248615371629402,FALSE,-0.24518405726908,0.193657945005057
18,temp,jul,-0.188747023087841,FALSE,-0.412643763975151,0.0410039480093685
19,temp,aug,-0.128174912493429,FALSE,-0.298952673553597,0.0463720785172577
20,temp,sep,0.0400970410806478,FALSE,-0.151139005865683,0.240655560287684
21,temp,oct,-0.123799115337102,FALSE,-0.313570582686117,0.0571341395865534
22,temp,nov,-0.119567560801669,FALSE,-0.312062534332182,0.0407613596209751
23,temp,dec,-0.000462885934369231,FALSE,-0.205966029711035,0.195267434220315
24,temp,JAN,0.106109299627341,FALSE,-0.0600758479361899,0.281434226983251
25,temp,FEB,0.109643449201833,FALSE,-0.0585264527979943,0.308126249773331
26,temp,MAR,0.0326874210963445,FALSE,-0.152209652426998,0.218523881863328
27,temp,APR,0.00622653268849949,FALSE,-0.16304281925113,0.188602773946911
28,temp,MAY,-0.021798461662327,FALSE,-0.217864150487085,0.146987003541006
29,temp,JUN,0.00491667852575122,FALSE,-0.176793043212727,0.196527586410485
30,temp,JUL,-0.106375046621827,FALSE,-0.300523677169021,0.0821112758219504
31,temp,AUG,-0.0543844210003276,FALSE,-0.235820578577694,0.14590711042625
32,temp,SEP,-0.134532639349576,FALSE,-0.336605085718897,0.0824603705475886
