id,varname,month,coef,significant,ci_lower,ci_upper
1,prec,jun,0.0769676099802178,FALSE,-0.0683336124198712,0.263909877205865
2,prec,jul,-0.108229465431429,FALSE,-0.291893228709158,0.0465185681409417
3,prec,aug,-0.0558543479058103,FALSE,-0.223386681384435,0.0881776947076961
4,prec,sep,-0.000124506693840956,FALSE,-0.201985125927303,0.162925063860713
5,prec,oct,0.128004899530357,FALSE,-0.0403926600832471,0.273412620105384
6,prec,nov,-0.0469101272648785,FALSE,-0.18037120962469,0.0887432587114794
7,prec,dec,0.0343154904506194,FALSE,-0.155632107614587,0.208509209041098
8,prec,JAN,-0.0169428156484643,FALSE,-0.1865465278009,0.159330366605152
9,prec,FEB,0.0152188213718052,FALSE,-0.177572461994174,0.186569325499644
10,prec,MAR,0.089919765851262,FALSE,-0.0813035048871801,0.27960304315764
11,prec,APR,-0.0793183717248696,FALSE,-0.234910571097919,0.084418386171702
12,prec,MAY,-0.0110479862409129,FALSE,-0.194009595976281,0.137077471819249
13,prec,JUN,-0.0489108136060022,FALSE,-0.21629332020394,0.139567894748874
14,prec,JUL,0.0811783664489185,FALSE,-0.0845810868747381,0.249538437637071
15,prec,AUG,-0.0194319033562831,FALSE,-0.179334964964788,0.137669161534118
16,prec,SEP,0.000105701658184648,FALSE,-0.203584099460017,0.182929641286567
17,temp,jun,-0.0849041838058025,FALSE,-0.249733021114529,0.0921259303203464
18,temp,jul,0.108402998772234,FALSE,-0.0574528810222618,0.282508626582407
19,temp,aug,0.0570012174226564,FALSE,-0.10334272175497,0.225928491609646
20,temp,sep,-0.0725429993793511,FALSE,-0.268840022575974,0.107217193095185
21,temp,oct,-0.021149101061463,FALSE,-0.212221354389886,0.165270323309142
22,temp,nov,0.0319540168193583,FALSE,-0.134852706592293,0.182830160503659
23,temp,dec,0.0416347404896773,FALSE,-0.150185706504515,0.240543609082695
24,temp,JAN,-0.0431429624555343,FALSE,-0.242304854599039,0.130429851530349
25,temp,FEB,0.168348618168265,FALSE,-0.012203478392767,0.332116441436094
26,temp,MAR,-0.0225288874186044,FALSE,-0.213569675807873,0.151559166597796
27,temp,APR,-0.106803052796745,FALSE,-0.298700795529555,0.0837040882836048
28,temp,MAY,0.047538615483739,FALSE,-0.108316323091167,0.213361065737084
29,temp,JUN,0.0305332380915689,FALSE,-0.125022571109651,0.205847470481516
30,temp,JUL,0.072811897084007,FALSE,-0.108938912138942,0.270076274558187
31,temp,AUG,-0.220420357618279,TRUE,-0.397124209633558,-0.0409979118808999
32,temp,SEP,-0.0847984057304292,FALSE,-0.232154436216189,0.0644683424155753
