id,varname,month,coef,significant,ci_lower,ci_upper
1,prec,jun,-0.099443028722228,FALSE,-0.283401301466191,0.0607233115028392
2,prec,jul,0.0720536040517877,FALSE,-0.164072423296578,0.284934254934252
3,prec,aug,0.0158463562922186,FALSE,-0.183693828126872,0.201627655578968
4,prec,sep,0.077273786249616,FALSE,-0.09317230267717,0.230054634462054
5,prec,oct,0.221980770599547,TRUE,0.0731331254102516,0.372432973270535
6,prec,nov,0.0956413822474005,FALSE,-0.0694523009311055,0.264990437966428
7,prec,dec,0.180756311290116,FALSE,-0.00833413932864678,0.378848945006682
8,prec,JAN,0.0305352508279165,FALSE,-0.144277293986234,0.209051236836602
9,prec,FEB,0.0675509039153714,FALSE,-0.103320250335438,0.263842813167573
10,prec,MAR,0.153333099990658,FALSE,-0.0135027223685628,0.319497930422764
11,prec,APR,0.0349262866791765,FALSE,-0.137008790956099,0.181011738935349
12,prec,MAY,0.044763698550917,FALSE,-0.121397576596766,0.20636125332046
13,prec,JUN,-0.0129815306530643,FALSE,-0.210900296070887,0.172019841123378
14,prec,JUL,0.14943806027527,FALSE,-0.064318425681553,0.337214414549621
15,prec,AUG,0.168829164089909,FALSE,-9.49910879056454e-05,0.342306527572318
16,prec,SEP,-0.0741728106378286,FALSE,-0.315498042194799,0.228854439250727
17,temp,jun,-0.0861074916823804,FALSE,-0.276866826895274,0.113633933130348
18,temp,jul,-0.149425881879528,FALSE,-0.341179405027715,0.0584807198358915
19,temp,aug,-0.131034270596381,FALSE,-0.299813662630456,0.0394733830989791
20,temp,sep,0.0423118883601121,FALSE,-0.146948793472705,0.231841647288872
21,temp,oct,0.019100228107408,FALSE,-0.180427265479708,0.185262447670221
22,temp,nov,-0.0777748055120109,FALSE,-0.257665557834652,0.0888959671007545
23,temp,dec,0.00982845813448831,FALSE,-0.204215082868377,0.197419678571652
24,temp,JAN,0.0646635659573648,FALSE,-0.0915347140608097,0.24965739831769
25,temp,FEB,0.0212251371565518,FALSE,-0.184328105697443,0.225475515691311
26,temp,MAR,0.021201022089236,FALSE,-0.132573286596408,0.211082432186247
27,temp,APR,-0.0158370180522326,FALSE,-0.198930418095602,0.193929878213357
28,temp,MAY,0.000421965593708538,FALSE,-0.184500619148005,0.151397934608461
29,temp,JUN,-0.0182142517272729,FALSE,-0.203389110776382,0.173934076020911
30,temp,JUL,0.0576838337015299,FALSE,-0.12751722377059,0.234826045409937
31,temp,AUG,-0.108174794799377,FALSE,-0.282417739931742,0.0665502284546449
32,temp,SEP,-0.0127680536877235,FALSE,-0.197540278937754,0.19224467562691
