id,varname,month,coef,significant,ci_lower,ci_upper
1,prec,jun,0.111244991509859,FALSE,-0.0552283195982963,0.262283405471811
2,prec,jul,0.106461201806737,FALSE,-0.0559007285126049,0.278625851530619
3,prec,aug,0.0812584273811162,FALSE,-0.0894525137291682,0.258639876732786
4,prec,sep,0.179185283165585,FALSE,-0.00889276725462401,0.370155300394279
5,prec,oct,0.00735682345582088,FALSE,-0.158565216424659,0.175946015447774
6,prec,nov,-0.00447528854597353,FALSE,-0.221718697073215,0.22342549868307
7,prec,dec,0.0973189246794549,FALSE,-0.0844618738026902,0.276154202586084
8,prec,JAN,0.166864247286016,TRUE,0.00859752657312077,0.339882354971606
9,prec,FEB,0.0906151879813966,FALSE,-0.105936075423989,0.300905237851545
10,prec,MAR,0.184971708540084,FALSE,-0.0107007423060296,0.340873165863717
11,prec,APR,0.100977317649901,FALSE,-0.0690730852991543,0.259159426127578
12,prec,MAY,0.0965629878218713,FALSE,-0.0785945838845526,0.253727417029021
13,prec,JUN,0.0602580303814277,FALSE,-0.130082768107029,0.2353004187027
14,prec,JUL,-0.0134276742114588,FALSE,-0.197823722779314,0.152526329688952
15,prec,AUG,0.00646361625996592,FALSE,-0.16977301093801,0.179208375643998
16,prec,SEP,-0.0148192918234939,FALSE,-0.223845467795669,0.16411180535584
17,temp,jun,-0.037830168670291,FALSE,-0.252138460109022,0.211484359605434
18,temp,jul,0.0560989252215779,FALSE,-0.151959514773362,0.25099332922794
19,temp,aug,-0.0661134873856893,FALSE,-0.222093267171875,0.102528266806875
20,temp,sep,-0.167120641876865,FALSE,-0.38161670132941,0.0348594237346603
21,temp,oct,0.0312609188494066,FALSE,-0.172576308851447,0.230486670308604
22,temp,nov,0.0495123586977228,FALSE,-0.137282270269888,0.243223997032929
23,temp,dec,0.0356982952331812,FALSE,-0.152717256284315,0.236202997632906
24,temp,JAN,0.0548552636952429,FALSE,-0.123305149661654,0.243448682848501
25,temp,FEB,0.11859653349261,FALSE,-0.0673869999345213,0.284496270205239
26,temp,MAR,-0.0483557982370138,FALSE,-0.211445681221028,0.135620238445187
27,temp,APR,0.123798522649805,FALSE,-0.0611742618253685,0.345424510299825
28,temp,MAY,0.00275890429777917,FALSE,-0.166543437534805,0.167407205620758
29,temp,JUN,-0.11291332058752,FALSE,-0.315373040675966,0.0828827405676955
30,temp,JUL,-0.0382447131339095,FALSE,-0.207855305846743,0.158343945884422
31,temp,AUG,-0.0136928812063184,FALSE,-0.204525697538096,0.179039888014582
32,temp,SEP,-0.0646632759152354,FALSE,-0.244554503762122,0.117539028556684
