id,varname,month,coef,significant,ci_lower,ci_upper
1,prec,jun,0.0387921927736898,FALSE,-0.0954780825687677,0.164605161048729
2,prec,jul,0.128108844229196,FALSE,-0.0137284694563417,0.272456775277487
3,prec,aug,0.244336294429317,TRUE,0.0898213440565693,0.397122684236617
4,prec,sep,0.156526375024403,TRUE,0.0286378134179599,0.293274524728054
5,prec,oct,0.0693556477413459,FALSE,-0.0855391392979436,0.203489808990109
6,prec,nov,0.114244890273537,FALSE,-0.0489330323658205,0.272063369442562
7,prec,dec,-0.0437438061350701,FALSE,-0.194081005390187,0.0996834920120153
8,prec,JAN,0.229043392461118,TRUE,0.0517435724178283,0.381626991705717
9,prec,FEB,0.1871322085566,TRUE,0.0376346910960686,0.313760780903019
10,prec,MAR,0.208610497206305,TRUE,0.0593827221641351,0.349365725185766
11,prec,APR,0.00887529296845554,FALSE,-0.161583980987569,0.190149663420888
12,prec,MAY,0.0534860550332513,FALSE,-0.0889664456970923,0.18112223893044
13,prec,JUN,0.193808500479692,TRUE,0.0396450818218507,0.332820140732064
14,prec,JUL,0.0243224770368165,FALSE,-0.157455858884097,0.197265466580365
15,prec,AUG,0.0312705727854549,FALSE,-0.125927412496309,0.172207967126235
16,prec,SEP,-0.0508043408350472,FALSE,-0.180342680070625,0.0870938424800245
17,temp,jun,0.0937398111571289,FALSE,-0.0520473345656907,0.218609178799046
18,temp,jul,-0.161667742655036,FALSE,-0.339269114528145,-0.0101123452261746
19,temp,aug,-0.040991993825444,FALSE,-0.201685589201099,0.141830644922291
20,temp,sep,-0.0878045255313363,FALSE,-0.255729615099686,0.0706647728436466
21,temp,oct,0.00537333198137958,FALSE,-0.139068909946784,0.154194165386579
22,temp,nov,0.00756761900416898,FALSE,-0.139779283229608,0.151719799005034
23,temp,dec,-0.113921614392692,FALSE,-0.272941156957706,0.0364997622103057
24,temp,JAN,0.19312964639872,TRUE,0.0166294297740796,0.349123069763067
25,temp,FEB,-0.047442692007904,FALSE,-0.182586152587124,0.100569035907366
26,temp,MAR,-0.120410062942575,FALSE,-0.263347753402327,0.036783093836826
27,temp,APR,-0.116347595415316,FALSE,-0.286727664997074,0.0355101694697084
28,temp,MAY,0.12798849618083,FALSE,-0.0196946715975168,0.263192941206292
29,temp,JUN,0.0817035008816545,FALSE,-0.0879367735308656,0.231862149649921
30,temp,JUL,-0.0587599204092628,FALSE,-0.236697377548088,0.111657704500528
31,temp,AUG,0.103103441955895,FALSE,-0.0336099299878312,0.232497583772571
32,temp,SEP,-0.00750296873907318,FALSE,-0.145492254535972,0.124801380103088
