id,varname,month,coef,significant,ci_lower,ci_upper
1,prec,jun,-0.0345079421449343,FALSE,-0.19217935756907,0.123069588977237
2,prec,jul,0.204999300953571,TRUE,0.0149479317631707,0.380680100765238
3,prec,aug,0.0402172748354953,FALSE,-0.129967928959543,0.214816715767513
4,prec,sep,0.193922595571525,TRUE,0.0122401566343803,0.368172699753717
5,prec,oct,0.127165826132646,FALSE,-0.0561731892396304,0.311613764057226
6,prec,nov,0.189690913812561,TRUE,0.0265913563581851,0.3674287830973
7,prec,dec,0.105867415530548,FALSE,-0.0509283061098549,0.280268979600425
8,prec,JAN,0.130169208225817,FALSE,-0.0492927629839816,0.297706747924052
9,prec,FEB,0.0996698812738408,FALSE,-0.0681064658593856,0.262197570443175
10,prec,MAR,0.20409270702933,TRUE,0.0614664761782901,0.357117948833108
11,prec,APR,0.20803584028799,TRUE,0.039233885759525,0.390735347165692
12,prec,MAY,0.111120475798827,FALSE,-0.125404857292637,0.331714342195082
13,prec,JUN,-0.116361404235982,FALSE,-0.277661492626887,0.0739417063299027
14,prec,JUL,0.170673081822149,FALSE,-0.0068368543487687,0.343664067093836
15,prec,AUG,0.0964372870508662,FALSE,-0.0496119259089945,0.229581027478373
16,prec,SEP,0.00100161766144075,FALSE,-0.158427940521334,0.182919267531788
17,temp,jun,0.0308048188034302,FALSE,-0.163546898450011,0.200445874988349
18,temp,jul,-0.1575020055542,FALSE,-0.323965179511087,0.0243858920661374
19,temp,aug,0.027256966307676,FALSE,-0.156111784189605,0.246353493207296
20,temp,sep,-0.0329413626869546,FALSE,-0.21218820864963,0.171582611221525
21,temp,oct,0.0134872490626185,FALSE,-0.165365207870693,0.208190380701547
22,temp,nov,-0.128515757296602,FALSE,-0.281680093286104,0.0410709738518925
23,temp,dec,0.0332051564518764,FALSE,-0.187876197602763,0.225632889689121
24,temp,JAN,0.0339687611981466,FALSE,-0.121025434956037,0.196363363588728
25,temp,FEB,0.0107316371177249,FALSE,-0.168988944036425,0.181242388115414
26,temp,MAR,-0.0150919528938497,FALSE,-0.189044572986836,0.165483500382647
27,temp,APR,-0.0874377449450538,FALSE,-0.245751135164664,0.104323679256133
28,temp,MAY,0.00837771150845681,FALSE,-0.175678848247323,0.16129508157139
29,temp,JUN,0.0146402250102273,FALSE,-0.148031752718736,0.177709195306597
30,temp,JUL,-0.153469577473164,FALSE,-0.338788402358812,0.0371204396662057
31,temp,AUG,-0.0371053021294871,FALSE,-0.205036860470577,0.172651143243279
32,temp,SEP,0.0384564522486869,FALSE,-0.152672175168989,0.20523265037469
