id,varname,month,coef,significant,ci_lower,ci_upper
1,prec,jun,-0.0223384194384144,FALSE,-0.188034770817029,0.127216478270425
2,prec,jul,0.10937493938898,FALSE,-0.0633983820205984,0.270927963046085
3,prec,aug,0.115311827385618,FALSE,-0.0903687695720895,0.327960148106081
4,prec,sep,0.132256227359236,FALSE,-0.02420396731848,0.274800536856724
5,prec,oct,0.101808125711258,FALSE,-0.0570577553045883,0.271463546144821
6,prec,nov,0.144147908616404,FALSE,-0.00373214139446188,0.291242879311564
7,prec,dec,0.146789416856302,TRUE,0.00481828771489427,0.295408248763254
8,prec,JAN,0.140330553721062,FALSE,-0.00449523129240185,0.296676085169435
9,prec,FEB,0.197910215941964,TRUE,0.0463058126184459,0.344014756351653
10,prec,MAR,0.188225483311034,TRUE,0.0198514433839913,0.330586015140649
11,prec,APR,0.171917967811881,FALSE,0.003847494906265,0.355084249605602
12,prec,MAY,0.0238789779630389,FALSE,-0.142049912756558,0.192069702790716
13,prec,JUN,-0.0323740576368423,FALSE,-0.191872073093661,0.141565846239575
14,prec,JUL,0.116144018730882,FALSE,-0.100047497670319,0.342648193143664
15,prec,AUG,0.195932812655263,TRUE,0.00120236038591288,0.348709625173831
16,prec,SEP,0.0152997094741742,FALSE,-0.1780289330922,0.237988422570076
17,temp,jun,-0.0555856636184372,FALSE,-0.235103096269496,0.131802663226839
18,temp,jul,-0.0297562320596435,FALSE,-0.195257998232417,0.161940145466057
19,temp,aug,0.0456787701529005,FALSE,-0.149076735783066,0.238205438155761
20,temp,sep,0.0169621112224047,FALSE,-0.149732353832312,0.200156607064337
21,temp,oct,-0.0722938975674927,FALSE,-0.248541448117067,0.0724922775372797
22,temp,nov,-0.153035696531789,FALSE,-0.316122538425896,0.0136584648561703
23,temp,dec,0.0554965042109399,FALSE,-0.145771348770347,0.252578125526016
24,temp,JAN,0.010602488510636,FALSE,-0.139901119341812,0.177412078309501
25,temp,FEB,-0.040875640179192,FALSE,-0.221322324523259,0.118772867705798
26,temp,MAR,0.038881964894293,FALSE,-0.120449653394574,0.205899809517151
27,temp,APR,-0.110882449359261,FALSE,-0.27819347973533,0.0712057610282857
28,temp,MAY,-0.00902191311074484,FALSE,-0.19353958239713,0.136404547506406
29,temp,JUN,-0.0972824036125959,FALSE,-0.276739102690107,0.112378827871576
30,temp,JUL,-0.0982956430457812,FALSE,-0.28180407926894,0.0457257406885689
31,temp,AUG,0.0337459103743867,FALSE,-0.137329139724753,0.235329036354654
32,temp,SEP,-0.00302300405536026,FALSE,-0.201960869125084,0.182246422629427
