id,varname,month,coef,significant,ci_lower,ci_upper
1,prec,jun,-0.0633028764467762,FALSE,-0.208804650061225,0.0766205401144831
2,prec,jul,0.0685054039857466,FALSE,-0.130120154803369,0.306017653433658
3,prec,aug,0.097584331443665,FALSE,-0.0804431157642718,0.293864280506643
4,prec,sep,0.200511143603714,TRUE,0.0390769774004869,0.352676845306529
5,prec,oct,0.158379197995212,FALSE,-0.00340946382780752,0.340028073476619
6,prec,nov,0.160893292980964,FALSE,0.00835989368843172,0.331610001744027
7,prec,dec,0.111777383589192,FALSE,-0.0595216643350118,0.278063002727877
8,prec,JAN,0.176309209257923,TRUE,0.0254603098734958,0.325645143533996
9,prec,FEB,0.15021098563905,FALSE,-0.0118969186409646,0.305876118375465
10,prec,MAR,0.233930790520507,TRUE,0.094661893783091,0.392586878767037
11,prec,APR,0.086331358813193,FALSE,-0.0808412415049062,0.252469558532256
12,prec,MAY,-0.0663937075851683,FALSE,-0.246403446591825,0.090368471795697
13,prec,JUN,-0.111473278526428,FALSE,-0.274569181755897,0.0669154020489006
14,prec,JUL,0.0329650922313288,FALSE,-0.156777460214859,0.215530939203511
15,prec,AUG,0.161441538756131,TRUE,0.00946983532306042,0.30063953787003
16,prec,SEP,0.0483083031713079,FALSE,-0.122029649300833,0.251689458857034
17,temp,jun,0.0386906624165404,FALSE,-0.175055126405295,0.238310738363105
18,temp,jul,-0.0150462407456118,FALSE,-0.22085105732219,0.173645998012764
19,temp,aug,-0.00312976114343449,FALSE,-0.204386987092884,0.178841244271884
20,temp,sep,-0.0192079069933473,FALSE,-0.220761211659599,0.165205840197735
21,temp,oct,-0.0658930115124462,FALSE,-0.229029010581404,0.0974336966311064
22,temp,nov,-0.171183546643256,TRUE,-0.320070979261473,-0.0293496109241049
23,temp,dec,0.091497293156054,FALSE,-0.0913324438870474,0.26488338206787
24,temp,JAN,0.0278504445477169,FALSE,-0.142102467067371,0.200683642643537
25,temp,FEB,0.0223370581028901,FALSE,-0.146204878248021,0.188434237959903
26,temp,MAR,-0.0163940796681561,FALSE,-0.160770082850803,0.169355763856047
27,temp,APR,-0.00917316155511259,FALSE,-0.187322784993098,0.173511028685578
28,temp,MAY,0.0237238578215497,FALSE,-0.155001695988544,0.170360289241427
29,temp,JUN,-0.0200312122999401,FALSE,-0.190907336666391,0.175577131542929
30,temp,JUL,-0.0896222215598646,FALSE,-0.283158964177279,0.0899642113574435
31,temp,AUG,-0.014297846435168,FALSE,-0.184730253164494,0.176506554339663
32,temp,SEP,-0.0647631871636135,FALSE,-0.257231131593167,0.135889558488213
