id,varname,month,coef,significant,ci_lower,ci_upper
1,prec,jun,0.0706666897166462,FALSE,-0.0824356439078873,0.238846443044462
2,prec,jul,0.0959041271278069,FALSE,-0.136451422252948,0.30219078636153
3,prec,aug,0.139025997078324,FALSE,-0.0747133936672438,0.309943309337282
4,prec,sep,-0.0417425631630161,FALSE,-0.250061574061427,0.140714819239119
5,prec,oct,0.038324275348159,FALSE,-0.136516268756661,0.216140205490674
6,prec,nov,-0.122890416252767,FALSE,-0.321211774483604,0.0880735976275819
7,prec,dec,-0.175295862205283,FALSE,-0.37449687964697,0.0390846783393091
8,prec,JAN,0.0136103019932781,FALSE,-0.204257207161097,0.212330351556452
9,prec,FEB,0.0983443329734651,FALSE,-0.0912878219840007,0.268531429585243
10,prec,MAR,0.0356103553177411,FALSE,-0.176797397464596,0.266329827679633
11,prec,APR,-0.042599623425172,FALSE,-0.203440919854952,0.122698418484214
12,prec,MAY,-0.0243670504551599,FALSE,-0.181702064971096,0.141448664741887
13,prec,JUN,-0.0358070608060153,FALSE,-0.21264536360051,0.139822598373809
14,prec,JUL,-0.053198719025168,FALSE,-0.235839154010997,0.137509025625834
15,prec,AUG,0.028842577007328,FALSE,-0.212427845775842,0.187774294091805
16,prec,SEP,-0.116899307618714,FALSE,-0.308819073816004,0.0879241542191935
17,temp,jun,-0.101384963998633,FALSE,-0.267289089932793,0.0736171300494927
18,temp,jul,-0.181333520730987,FALSE,-0.398728493996509,0.0467722487225639
19,temp,aug,-0.187940832930047,FALSE,-0.359950998416861,0.00337664810648516
20,temp,sep,0.0124006345400487,FALSE,-0.1804040914304,0.179550555469174
21,temp,oct,0.0512553560754523,FALSE,-0.160555439675294,0.246767745192851
22,temp,nov,-0.0142309357604307,FALSE,-0.225447297940074,0.212674016535835
23,temp,dec,-0.0274434668261725,FALSE,-0.212500842375981,0.192394016534375
24,temp,JAN,0.132144255130159,FALSE,-0.0700122225113386,0.298436524524161
25,temp,FEB,-0.0542743246894087,FALSE,-0.238187308077891,0.0992673271088129
26,temp,MAR,-0.028670190606344,FALSE,-0.212040568539908,0.155447768709092
27,temp,APR,0.0189680327243367,FALSE,-0.157552447654636,0.193372217810024
28,temp,MAY,0.198648735868382,TRUE,0.025494692918123,0.371983663964334
29,temp,JUN,-0.0730522340519193,FALSE,-0.249273151387625,0.108895109547159
30,temp,JUL,0.0710578365428578,FALSE,-0.124226074770622,0.239755579215442
31,temp,AUG,0.0277624440733453,FALSE,-0.123793243949149,0.225642410148958
32,temp,SEP,0.0906149976670629,FALSE,-0.113261833349795,0.267992752461653
