id,varname,month,coef,significant,ci_lower,ci_upper
1,prec,jun,0.110467143036242,FALSE,-0.0572963260153342,0.309629193920462
2,prec,jul,-0.0541009927336655,FALSE,-0.252359942037187,0.265556228940697
3,prec,aug,-0.181075147154627,FALSE,-0.344721824331332,0.0474704056652321
4,prec,sep,-0.0398757340906816,FALSE,-0.208740561516601,0.123040186893413
5,prec,oct,0.0876318871925477,FALSE,-0.0865755508180308,0.235471902883132
6,prec,nov,-0.0358840970597598,FALSE,-0.230367512574916,0.175113784737194
7,prec,dec,-0.153732246368311,FALSE,-0.377427672071814,0.0424867395009228
8,prec,JAN,0.0575709471617143,FALSE,-0.130173596256544,0.244999278300307
9,prec,FEB,0.188382718837836,TRUE,0.0119923250527077,0.360308227245279
10,prec,MAR,0.0657247361948173,FALSE,-0.115205516024706,0.246928119460181
11,prec,APR,0.0243740721805366,FALSE,-0.140168855888524,0.210537691954607
12,prec,MAY,0.109529668653245,FALSE,-0.0495455642387084,0.245919275268605
13,prec,JUN,-0.0199479929941952,FALSE,-0.186967737226145,0.128968982446551
14,prec,JUL,-0.0654059209431274,FALSE,-0.232608928755754,0.162540556344735
15,prec,AUG,-0.243573254282224,FALSE,-0.427741415603872,0.00994149171831657
16,prec,SEP,-0.0110265929472983,FALSE,-0.229198537022658,0.191513297589335
17,temp,jun,-0.122766245429345,FALSE,-0.310999069572571,0.0366778147642963
18,temp,jul,-0.0688563674677001,FALSE,-0.277340472142032,0.149585373845787
19,temp,aug,-0.121138683179513,FALSE,-0.312529338560874,0.0649137953120881
20,temp,sep,0.0695165139365068,FALSE,-0.109109387679591,0.239236980060222
21,temp,oct,-0.0376502307134848,FALSE,-0.244531108554044,0.133546237379968
22,temp,nov,0.019514702645673,FALSE,-0.181534538708846,0.20824796821545
23,temp,dec,0.162133343512582,FALSE,-0.0321234580732457,0.337479210790575
24,temp,JAN,0.146503872886765,FALSE,-0.0353474182902395,0.345318192886798
25,temp,FEB,0.0170030411966143,FALSE,-0.14391099761413,0.179853822603805
26,temp,MAR,-0.0324053287531984,FALSE,-0.204622922479278,0.175267895398663
27,temp,APR,0.203141209717209,TRUE,0.00546449999992519,0.371741451789768
28,temp,MAY,0.0509058536106827,FALSE,-0.111521311919793,0.199054053791033
29,temp,JUN,-0.134747313713813,FALSE,-0.337993870434728,0.0667020514855261
30,temp,JUL,-0.0305443789158389,FALSE,-0.21480415426193,0.154385303157003
31,temp,AUG,-0.0334997680406356,FALSE,-0.220920506661195,0.18265245509437
32,temp,SEP,0.164468435214011,FALSE,-0.00830147832350332,0.372858329018668
