id,varname,month,coef,significant,ci_lower,ci_upper
1,prec,jun,0.0150726486382032,FALSE,-0.17646888936775,0.194076093106466
2,prec,jul,0.0353506753416778,FALSE,-0.182333505485601,0.240457776687752
3,prec,aug,0.117990632015444,FALSE,-0.0640894464719579,0.292124386440072
4,prec,sep,0.173070725832921,TRUE,0.0166008223257855,0.331464676287568
5,prec,oct,0.166661171672953,TRUE,0.0189154584867092,0.331803055291792
6,prec,nov,0.178613223311434,FALSE,-0.00209830474224293,0.362778713739481
7,prec,dec,0.0540609180885335,FALSE,-0.102521504515965,0.229882760916883
8,prec,JAN,0.0814849480702613,FALSE,-0.154864615300958,0.290210791806407
9,prec,FEB,0.0948066152441931,FALSE,-0.0935047415622446,0.284123438887427
10,prec,MAR,0.118616802610465,FALSE,-0.0354783172991537,0.285925766839471
11,prec,APR,0.0691894328853138,FALSE,-0.0808953289394484,0.230642148267055
12,prec,MAY,-0.023666724753479,FALSE,-0.199853733626762,0.13665867189885
13,prec,JUN,0.036451982343013,FALSE,-0.174376538322666,0.271471142364205
14,prec,JUL,0.0435725721949074,FALSE,-0.19959828810924,0.275450931007116
15,prec,AUG,0.106327411852615,FALSE,-0.0701439063805035,0.274980429335729
16,prec,SEP,-0.0163432926546979,FALSE,-0.151994459345304,0.147058815117054
17,temp,jun,-0.0591431206441463,FALSE,-0.24432301748717,0.129548244186232
18,temp,jul,-0.167322622132516,FALSE,-0.343936821957637,0.0083295747008578
19,temp,aug,-0.091312181584147,FALSE,-0.27796343266414,0.0676769623406697
20,temp,sep,-0.0599634872326033,FALSE,-0.264409245625256,0.115865738919802
21,temp,oct,0.0666809778115367,FALSE,-0.103846012530234,0.253427696781339
22,temp,nov,-0.128702975167735,FALSE,-0.286307275762163,0.0454761827164694
23,temp,dec,-0.00151985597624408,FALSE,-0.209200984552212,0.20139140660793
24,temp,JAN,0.128622001532071,FALSE,-0.0347908727402136,0.284641213227241
25,temp,FEB,0.112756693855976,FALSE,-0.0391495434878481,0.280977421373628
26,temp,MAR,0.0801232283770678,FALSE,-0.0999791094979071,0.264824684591365
27,temp,APR,-0.0305870567125734,FALSE,-0.183109008760951,0.149785182527564
28,temp,MAY,-0.0502927205780858,FALSE,-0.20260144463174,0.0892547577777723
29,temp,JUN,-0.111443872650889,FALSE,-0.27780590521074,0.0785033386806114
30,temp,JUL,-0.132334020111859,FALSE,-0.338812754412945,0.0611689545669419
31,temp,AUG,0.0094595651659538,FALSE,-0.161491917509193,0.22110732777902
32,temp,SEP,-0.0345501684963556,FALSE,-0.205556483907227,0.131187697161975
