id,varname,month,coef,significant,ci_lower,ci_upper
1,prec,jun,0.069972093478098,FALSE,-0.0638857986767205,0.21815625931917
2,prec,jul,0.0818002220073887,FALSE,-0.0890974903422986,0.24402734529602
3,prec,aug,0.031172538119618,FALSE,-0.120473261638575,0.220713261249004
4,prec,sep,0.0726777560204119,FALSE,-0.110307220423222,0.217218577557771
5,prec,oct,0.132038985613588,FALSE,-0.0200531120927469,0.282466393242429
6,prec,nov,0.0920806299149102,FALSE,-0.0820010959906022,0.254852369249364
7,prec,dec,-0.123795845738715,FALSE,-0.283126209060293,0.034772674393814
8,prec,JAN,-0.176918144035536,TRUE,-0.340241160025496,-0.0118993070674016
9,prec,FEB,0.0535413226253271,FALSE,-0.112195406668279,0.218297700131391
10,prec,MAR,0.0261048755720563,FALSE,-0.145324163637185,0.232179806868785
11,prec,APR,-0.0658796591316805,FALSE,-0.205074633050005,0.0807916574012166
12,prec,MAY,-0.0948357824588758,FALSE,-0.241483446752247,0.0454798338674054
13,prec,JUN,-0.0686896756500789,FALSE,-0.207444441957522,0.0662853559782174
14,prec,JUL,-0.0658947973789957,FALSE,-0.210361295121783,0.0636632181685986
15,prec,AUG,-0.115340347783977,FALSE,-0.250954457059038,0.0433133263701829
16,prec,SEP,-0.00383042404788987,FALSE,-0.162215617960488,0.144080954980405
17,temp,jun,-0.172665285535109,TRUE,-0.334863899590692,-0.00150193686242829
18,temp,jul,-0.265961461627826,TRUE,-0.413474035434691,-0.118737946550846
19,temp,aug,-0.0545850598614315,FALSE,-0.193475251005948,0.113969444473448
20,temp,sep,-0.0399292886752832,FALSE,-0.218205265110374,0.10583267799908
21,temp,oct,-0.108581739135824,FALSE,-0.275000984100933,0.0404588220474199
22,temp,nov,-0.0322355238885441,FALSE,-0.187906568381244,0.12898739367019
23,temp,dec,0.0932244224721981,FALSE,-0.0795905092876631,0.258500966298449
24,temp,JAN,0.106715131873041,FALSE,-0.0154661323111981,0.230423870134333
25,temp,FEB,-0.030587362568781,FALSE,-0.185403351423214,0.117086231686018
26,temp,MAR,-0.000301438600367584,FALSE,-0.165681282758947,0.151778937417769
27,temp,APR,0.00755885771242827,FALSE,-0.141196028951763,0.164519033718854
28,temp,MAY,0.214168011972386,TRUE,0.0576646928794493,0.347341472675551
29,temp,JUN,0.077753125879256,FALSE,-0.0700819395367435,0.225784494326693
30,temp,JUL,-0.043424735656144,FALSE,-0.204584845522444,0.105734046970705
31,temp,AUG,0.0686931280955526,FALSE,-0.0738827013430394,0.211909655092295
32,temp,SEP,0.175503930596217,TRUE,0.0400386254275767,0.344142897499965
