id,varname,month,coef,significant,ci_lower,ci_upper
1,prec,jun,-0.067913965045001,FALSE,-0.251829876456063,0.0952548078943772
2,prec,jul,0.0275507734809442,FALSE,-0.132130376140911,0.211302781378927
3,prec,aug,-0.0455677567199496,FALSE,-0.230821061753222,0.189362299634224
4,prec,sep,-0.00511116930309628,FALSE,-0.176788789605217,0.148815055553488
5,prec,oct,0.0923662244732042,FALSE,-0.0879155238546259,0.26464788091599
6,prec,nov,0.206045114305986,TRUE,0.0231952566276184,0.38451821407615
7,prec,dec,0.00879125538599672,FALSE,-0.204563196182184,0.164442503187224
8,prec,JAN,-0.0158517540378302,FALSE,-0.280857464021962,0.236083768724972
9,prec,FEB,-0.103461105114378,FALSE,-0.275944139082446,0.0827024303346951
10,prec,MAR,0.0547377741158264,FALSE,-0.106906475159542,0.238014090765875
11,prec,APR,0.00539597354129377,FALSE,-0.166690321546785,0.188354506428036
12,prec,MAY,-0.0218222387222574,FALSE,-0.179833032179501,0.121093785664203
13,prec,JUN,0.00480511343370867,FALSE,-0.225536533757879,0.193722131066518
14,prec,JUL,0.0951672354713507,FALSE,-0.100736319462568,0.275176673490939
15,prec,AUG,-0.0923376351565165,FALSE,-0.269942959678613,0.087791181110013
16,prec,SEP,0.0608106395660212,FALSE,-0.127544998820206,0.213608396673978
17,temp,jun,-0.11389574792889,FALSE,-0.294604205841363,0.067208441311562
18,temp,jul,-0.0603040911254482,FALSE,-0.246466222953426,0.14930555853275
19,temp,aug,-0.0942591569775289,FALSE,-0.297942128841536,0.109554328813636
20,temp,sep,-0.0854876327731478,FALSE,-0.228233954635295,0.0833078741245183
21,temp,oct,-0.164438980685372,FALSE,-0.332043712929619,0.0105435869824791
22,temp,nov,-0.155536288254235,FALSE,-0.33749371219227,0.0222046778985805
23,temp,dec,0.14765262344705,FALSE,-0.00687737993245802,0.328889467224459
24,temp,JAN,0.0872849696671069,FALSE,-0.11537272645926,0.264448593744682
25,temp,FEB,0.0490712335045976,FALSE,-0.120535848628701,0.22662154305265
26,temp,MAR,0.165915937354776,TRUE,0.0104307494432939,0.339301497856435
27,temp,APR,0.101440855891194,FALSE,-0.0704522763299953,0.279076774935765
28,temp,MAY,0.121155362995729,FALSE,-0.0558535839288255,0.277171102563244
29,temp,JUN,-0.155294284257014,FALSE,-0.416147948741406,0.0504582436047255
30,temp,JUL,-0.0597939769032807,FALSE,-0.205657076077375,0.124684303350936
31,temp,AUG,0.0641798040263376,FALSE,-0.125891518661057,0.254771552100136
32,temp,SEP,0.0455547385482222,FALSE,-0.155384648907728,0.220335857231969
