id,varname,month,coef,significant,ci_lower,ci_upper
1,prec,jun,0.0959014426209167,FALSE,-0.0854416077682269,0.265100762592857
2,prec,jul,0.0626331456884118,FALSE,-0.1096032993468,0.226849583328278
3,prec,aug,-0.164940656569458,FALSE,-0.31618175717365,0.0448428940847852
4,prec,sep,0.0483843866172563,FALSE,-0.16637909719351,0.218918535107619
5,prec,oct,0.0858004248375367,FALSE,-0.0926926170805311,0.245511104935691
6,prec,nov,0.109340318517533,FALSE,-0.0795673316073652,0.280371674405232
7,prec,dec,0.0345717113062188,FALSE,-0.111860369144356,0.189739983925698
8,prec,JAN,0.208924493217058,TRUE,0.0489678059888181,0.379396115186152
9,prec,FEB,0.0277009978039647,FALSE,-0.128522196620321,0.17609818550686
10,prec,MAR,0.219845898639375,TRUE,0.0186713096671586,0.396802482184259
11,prec,APR,0.184134209203704,TRUE,0.0280717459438143,0.375309583950895
12,prec,MAY,0.151581346226729,FALSE,-0.0395602169199378,0.356948197249905
13,prec,JUN,-0.0235780011857664,FALSE,-0.206931702516649,0.146060815750272
14,prec,JUL,0.106454132910958,FALSE,-0.0486659227070042,0.259729830171358
15,prec,AUG,-0.0519151627713358,FALSE,-0.25507922641902,0.170745357267507
16,prec,SEP,0.0277540489603368,FALSE,-0.183188340893647,0.20490818413576
17,temp,jun,0.0595185669394638,FALSE,-0.119680047381845,0.25375299401427
18,temp,jul,0.0549005273352584,FALSE,-0.120072354352137,0.250880444543303
19,temp,aug,-0.114674865099071,FALSE,-0.276284293599503,0.0451117987500164
20,temp,sep,0.0190805816821454,FALSE,-0.119302895802885,0.156391164505592
21,temp,oct,-0.0532665799850505,FALSE,-0.25130667889758,0.124581790225365
22,temp,nov,0.0455005965097634,FALSE,-0.146096670908842,0.223225428716105
23,temp,dec,-0.156249685542337,FALSE,-0.314352327434833,0.0402753426398509
24,temp,JAN,-0.128015271967388,FALSE,-0.301255748310856,0.0479159131453923
25,temp,FEB,-0.0925710260667102,FALSE,-0.294463260015414,0.107877306126427
26,temp,MAR,-0.018773078555722,FALSE,-0.190920300991852,0.172577021791351
27,temp,APR,-0.0502517168399441,FALSE,-0.219023595948774,0.12615818870972
28,temp,MAY,0.161280660617969,FALSE,-0.00852403712770591,0.327847349757526
29,temp,JUN,-0.162421444741682,FALSE,-0.344831240413854,0.0277631471317695
30,temp,JUL,-0.0532115280075981,FALSE,-0.217214132299093,0.116791321819877
31,temp,AUG,-0.0543417345573447,FALSE,-0.221068505332264,0.115982135224455
32,temp,SEP,0.122285527749004,FALSE,-0.0405233074323761,0.299914355937035
