id,varname,month,coef,significant,ci_lower,ci_upper
1,prec,jun,-0.0515199472435567,FALSE,-0.219192208653017,0.0897545830833323
2,prec,jul,0.21204751297817,TRUE,0.046372964626524,0.373948758223129
3,prec,aug,0.0277189509357011,FALSE,-0.162443964456707,0.272705415839728
4,prec,sep,-0.0372342579903523,FALSE,-0.184302425818666,0.112035893931226
5,prec,oct,0.0803442302902487,FALSE,-0.0906435896847495,0.241541988053466
6,prec,nov,0.232731051906206,TRUE,0.0636000589681207,0.366776370192383
7,prec,dec,0.0505278210401146,FALSE,-0.111546494190277,0.191773173191539
8,prec,JAN,0.0524579289119242,FALSE,-0.117147282331912,0.229585493556979
9,prec,FEB,-0.0393909576552611,FALSE,-0.207028222870771,0.112874399610996
10,prec,MAR,0.0633903345209085,FALSE,-0.0792853940301374,0.219620016845944
11,prec,APR,-0.0212825196443725,FALSE,-0.159504926118911,0.116257029118166
12,prec,MAY,-0.0259706916014066,FALSE,-0.177682938575555,0.123936055761069
13,prec,JUN,-0.128783187366534,FALSE,-0.31585524596585,0.0779727195871175
14,prec,JUL,0.0708943202344468,FALSE,-0.136486825270633,0.236243021037311
15,prec,AUG,-0.116140037390114,FALSE,-0.303841866126051,0.0644406384705874
16,prec,SEP,0.0173850689762019,FALSE,-0.10991018424671,0.135696267265236
17,temp,jun,-0.0753803662101424,FALSE,-0.236463543632724,0.0516671868977139
18,temp,jul,-0.164852534720149,TRUE,-0.329062602107994,-0.00970287231697691
19,temp,aug,-0.0186386242806247,FALSE,-0.205448730209532,0.142883275687228
20,temp,sep,-0.115674230744129,FALSE,-0.250374623587845,0.0239671178193466
21,temp,oct,-0.248085575233159,TRUE,-0.402511014580689,-0.0863807390325806
22,temp,nov,-0.250480264867851,TRUE,-0.420015348949861,-0.0809203670034906
23,temp,dec,0.012934382232334,FALSE,-0.137081737722279,0.180968290096213
24,temp,JAN,0.0385202017507997,FALSE,-0.150862079687275,0.181121856740331
25,temp,FEB,0.0431875096803678,FALSE,-0.121638653944879,0.207632781996573
26,temp,MAR,0.135138138575823,FALSE,-0.0301264680526476,0.309413634519162
27,temp,APR,0.0741463988833739,FALSE,-0.0750089558181073,0.254952366629898
28,temp,MAY,0.209519777476203,TRUE,0.0566481223924562,0.336367557438973
29,temp,JUN,-0.0129845628061876,FALSE,-0.194146333071177,0.163467027229413
30,temp,JUL,-0.0817438441552646,FALSE,-0.210299945001771,0.0697352934030628
31,temp,AUG,0.0393009855457094,FALSE,-0.130459873133729,0.199357383183565
32,temp,SEP,0.0317482342917837,FALSE,-0.120721754573638,0.178124715630791
