id,varname,month,coef,significant,ci_lower,ci_upper
1,prec,jun,-0.0450480507953899,FALSE,-0.218637502711931,0.115600273894878
2,prec,jul,0.0508192734352972,FALSE,-0.115515484456617,0.208391757520734
3,prec,aug,-0.018274000264754,FALSE,-0.174762872155793,0.143896040729117
4,prec,sep,-0.0146693112067518,FALSE,-0.182075031456422,0.144477473888698
5,prec,oct,0.0342508761112764,FALSE,-0.129417030745331,0.214734780431531
6,prec,nov,0.0236629930270005,FALSE,-0.13986889144263,0.208851287052199
7,prec,dec,0.145825887612623,FALSE,-0.0838473398138461,0.320441795036801
8,prec,JAN,0.0808899454893202,FALSE,-0.107898963936816,0.265669233644831
9,prec,FEB,0.102479694664091,FALSE,-0.0912725366572654,0.308051666496586
10,prec,MAR,0.171547292980549,FALSE,-0.0393152654271841,0.3629134841106
11,prec,APR,0.0122730524700657,FALSE,-0.168652787932284,0.224683937450056
12,prec,MAY,0.0682417147098383,FALSE,-0.112939619212063,0.244488516808809
13,prec,JUN,-0.104850103283334,FALSE,-0.268409057698269,0.0929585824785611
14,prec,JUL,0.048978514119451,FALSE,-0.17517017975155,0.245571207728702
15,prec,AUG,-0.0291592952560175,FALSE,-0.195351359550929,0.142983367444572
16,prec,SEP,0.08288477613117,FALSE,-0.131609260743678,0.24835759870856
17,temp,jun,-0.0362725129483342,FALSE,-0.249884148319879,0.177198298902243
18,temp,jul,0.033163486724138,FALSE,-0.132610390027564,0.207035430312186
19,temp,aug,-0.105082943268181,FALSE,-0.272770933701851,0.0776797027565533
20,temp,sep,0.0405842680441213,FALSE,-0.129861513452987,0.236707590726237
21,temp,oct,-0.17616516382712,FALSE,-0.362460359951692,-0.00983912102772306
22,temp,nov,0.107700798744982,FALSE,-0.112923444723244,0.29678342164821
23,temp,dec,0.177256250314884,TRUE,0.0273259460004663,0.326690845214541
24,temp,JAN,0.125256601327261,FALSE,-0.0590935462578502,0.294772916451182
25,temp,FEB,-0.0120156952370579,FALSE,-0.202231134410164,0.189745398173322
26,temp,MAR,0.078425728059493,FALSE,-0.0882651054203239,0.284433073340707
27,temp,APR,0.085428273653945,FALSE,-0.102678077898691,0.298539244750124
28,temp,MAY,0.163153892865628,FALSE,-0.0308725079752748,0.348927966170494
29,temp,JUN,0.00648518937627225,FALSE,-0.18094558920233,0.191080629223424
30,temp,JUL,-0.084718409381727,FALSE,-0.275111488111075,0.110680217311488
31,temp,AUG,0.0975994602714442,FALSE,-0.0773675883514077,0.25793866763979
32,temp,SEP,0.0852416234875629,FALSE,-0.0817812944215099,0.238838226329805
