id,varname,month,coef,significant,ci_lower,ci_upper
1,prec,jun,-0.0733405472184109,FALSE,-0.263765508040911,0.101824757574688
2,prec,jul,0.0865638629561776,FALSE,-0.0928360987526518,0.260433853541349
3,prec,aug,0.0123263717421192,FALSE,-0.170982258911426,0.21893126513878
4,prec,sep,-0.102072849953882,FALSE,-0.280511633820123,0.0811366930690668
5,prec,oct,-0.0102581854583033,FALSE,-0.193890560505324,0.155352773075742
6,prec,nov,0.0781550308043999,FALSE,-0.0981614725760536,0.229073897114346
7,prec,dec,-0.0222063006069945,FALSE,-0.20498398863313,0.134873204669007
8,prec,JAN,0.0323528558984775,FALSE,-0.173267931943372,0.215016556272982
9,prec,FEB,-0.0502987273703528,FALSE,-0.264164125976556,0.178919586786188
10,prec,MAR,-0.0240153143295951,FALSE,-0.182124850221123,0.136216034600725
11,prec,APR,-0.0275328990806532,FALSE,-0.202731099299782,0.144244225785271
12,prec,MAY,-0.00973041742419858,FALSE,-0.176427884747755,0.1528273103286
13,prec,JUN,0.036359862136218,FALSE,-0.178674542682035,0.206406557269443
14,prec,JUL,0.0226080873359499,FALSE,-0.187150278299109,0.202623598646005
15,prec,AUG,-0.0811025584508757,FALSE,-0.28810382149852,0.111864332705554
16,prec,SEP,0.102134802358199,FALSE,-0.0499767692330397,0.250104896571531
17,temp,jun,-0.115486954617799,FALSE,-0.30575766740724,0.0498511219582016
18,temp,jul,-0.109071101387487,FALSE,-0.279299062232091,0.063957671551057
19,temp,aug,-0.0743993876321264,FALSE,-0.258618996158353,0.0842245680531296
20,temp,sep,-0.0381429779858802,FALSE,-0.200040563284485,0.157758060147818
21,temp,oct,-0.226500404177152,TRUE,-0.421911488117477,-0.0499929062736219
22,temp,nov,-0.115490909617593,FALSE,-0.298340683669679,0.0750377379173221
23,temp,dec,0.118174405065862,FALSE,-0.0563094709796654,0.316466940964325
24,temp,JAN,0.0911236536189745,FALSE,-0.105857414519183,0.250887548059826
25,temp,FEB,0.131612546602001,FALSE,-0.0378703933780622,0.308835133540493
26,temp,MAR,0.197840516949688,TRUE,0.0162618176032008,0.370242208164215
27,temp,APR,0.119648000461717,FALSE,-0.0547916654004038,0.290272241024792
28,temp,MAY,0.147469374202768,FALSE,-0.0424508952441955,0.331759883202396
29,temp,JUN,-0.108361743272206,FALSE,-0.318778374501085,0.0508378720765968
30,temp,JUL,-0.0372304490001872,FALSE,-0.195685305062123,0.139695639623822
31,temp,AUG,0.0242258387578926,FALSE,-0.129186234473388,0.195729127307232
32,temp,SEP,-0.0289339668700748,FALSE,-0.200561538758051,0.155193108719461
