id,varname,month,coef,significant,ci_lower,ci_upper
1,prec,jun,0.0311396688989796,FALSE,-0.142755449492055,0.193039273303339
2,prec,jul,-0.0121458503679916,FALSE,-0.181929843624647,0.169353933899949
3,prec,aug,0.0940369583247116,FALSE,-0.100011906952449,0.283950905966116
4,prec,sep,-0.0208388584468614,FALSE,-0.188240684704344,0.140859368384473
5,prec,oct,0.0610609937423943,FALSE,-0.117492684528625,0.225664308397372
6,prec,nov,-0.0506680983416269,FALSE,-0.224976739804528,0.127978772913556
7,prec,dec,0.124712339566719,FALSE,-0.0570992149416007,0.310850095489443
8,prec,JAN,0.0869332035181594,FALSE,-0.0968133723394202,0.275423154898391
9,prec,FEB,0.179591521385459,FALSE,-0.0364747388197993,0.367346902016739
10,prec,MAR,0.109888640857698,FALSE,-0.0720242334364867,0.293292761791698
11,prec,APR,-0.116493040272959,FALSE,-0.294095235327928,0.0306389436553949
12,prec,MAY,-0.0255142793371869,FALSE,-0.218818665402633,0.151559367128151
13,prec,JUN,-0.121081815938474,FALSE,-0.313662444944731,0.0813943176535743
14,prec,JUL,-0.130485791015925,FALSE,-0.326606874213906,0.0648406763086734
15,prec,AUG,-0.097185528698129,FALSE,-0.267678396541835,0.098273097861032
16,prec,SEP,-0.100637959793753,FALSE,-0.266552992779995,0.0777199281805707
17,temp,jun,-0.0960152666980754,FALSE,-0.283170243643353,0.0825123470070954
18,temp,jul,-0.0208787463867846,FALSE,-0.228677751620098,0.156721419663235
19,temp,aug,-0.0694119201118283,FALSE,-0.271435590718145,0.101389082300782
20,temp,sep,0.128745553418034,FALSE,-0.034707545887186,0.275153176342256
21,temp,oct,-0.00824794242491392,FALSE,-0.210911271327753,0.159639012954375
22,temp,nov,0.0304611155758626,FALSE,-0.183501917565682,0.204527667471468
23,temp,dec,0.0837844548056964,FALSE,-0.0834225105189057,0.263136482866514
24,temp,JAN,0.099876807925728,FALSE,-0.0578037754868477,0.249013581509376
25,temp,FEB,-0.0958905133057253,FALSE,-0.277009119392168,0.102494810411829
26,temp,MAR,-0.13325916237183,FALSE,-0.315275670915275,0.0333255759684748
27,temp,APR,0.0857461188442969,FALSE,-0.0995935400192851,0.279455872568465
28,temp,MAY,0.036593585906743,FALSE,-0.114161315634979,0.198381983487599
29,temp,JUN,0.0609158336566172,FALSE,-0.116788854230666,0.262321556132413
30,temp,JUL,0.0892951076599199,FALSE,-0.0968518463985425,0.27226290122067
31,temp,AUG,0.0230965907757116,FALSE,-0.145967141252423,0.201049983091706
32,temp,SEP,-0.023902073300401,FALSE,-0.198615137238491,0.123217695421734
