id,varname,month,coef,significant,ci_lower,ci_upper
1,prec,jun,0.034159729267962,FALSE,-0.136159653892483,0.203331437756618
2,prec,jul,-0.0511971051853754,FALSE,-0.267150789049513,0.149324622852855
3,prec,aug,-0.00654626020208649,FALSE,-0.247311323105874,0.188820325928221
4,prec,sep,-0.0949738856588793,FALSE,-0.279197987769127,0.0993978834569687
5,prec,oct,0.158327004488619,FALSE,-0.0333222249708013,0.314626243508558
6,prec,nov,0.104325382123005,FALSE,-0.0960278210989258,0.272219100605567
7,prec,dec,-0.0196653884008679,FALSE,-0.212172248851093,0.169468366584564
8,prec,JAN,0.0281695788431061,FALSE,-0.144098124170116,0.225762961475016
9,prec,FEB,0.0526873915530168,FALSE,-0.127668613765799,0.225005394582175
10,prec,MAR,0.0584392966737333,FALSE,-0.10269385906161,0.213571375806543
11,prec,APR,-0.0714763728980841,FALSE,-0.239430612882112,0.0720613168941835
12,prec,MAY,-0.120233580627979,FALSE,-0.274201874142121,0.0463833484569266
13,prec,JUN,-0.0469592597266759,FALSE,-0.234277448592009,0.163593974769512
14,prec,JUL,-0.227525095592399,FALSE,-0.433522762486493,0.0310953672208778
15,prec,AUG,-0.0237192657543592,FALSE,-0.207667210308962,0.18134096452612
16,prec,SEP,-0.138581684905161,FALSE,-0.317891387087321,0.0336050312553849
17,temp,jun,0.106177418015107,FALSE,-0.0677100244622507,0.283287918761534
18,temp,jul,0.00897054521627083,FALSE,-0.205546871328812,0.193864504391222
19,temp,aug,-0.128043536289309,FALSE,-0.332402977200262,0.0622009409101513
20,temp,sep,0.15857160954657,FALSE,-0.0334148506946461,0.311245391283492
21,temp,oct,0.113538642800855,FALSE,-0.0540087707084574,0.267190577604827
22,temp,nov,0.182245655378114,FALSE,-0.00420102251145696,0.355916890305279
23,temp,dec,0.0165115784209466,FALSE,-0.192469172859834,0.209158943381919
24,temp,JAN,0.0841913722325048,FALSE,-0.0797758018622557,0.237011983765432
25,temp,FEB,-0.0506814783768864,FALSE,-0.222523826028449,0.142184482838813
26,temp,MAR,-0.0170257744892759,FALSE,-0.181400863833347,0.165535273320971
27,temp,APR,-0.19252868909198,TRUE,-0.361663118666274,-0.00902038831180348
28,temp,MAY,0.0201539651123965,FALSE,-0.147466771165642,0.17717786422706
29,temp,JUN,0.141656145530582,FALSE,-0.0220782140697247,0.321983910748711
30,temp,JUL,0.171241964546936,FALSE,-0.0229072051270258,0.331528791097272
31,temp,AUG,-0.0462867284374987,FALSE,-0.232757275808096,0.169119501128771
32,temp,SEP,-0.0240036791921885,FALSE,-0.207223719098857,0.173483142291165
