id,varname,month,coef,significant,ci_lower,ci_upper
1,prec,jun,-0.00825085076559866,FALSE,-0.216342463917607,0.217340559567265
2,prec,jul,0.143566106316367,FALSE,-0.0599593331659996,0.328886700850285
3,prec,aug,0.120055014798636,FALSE,-0.0753169612269652,0.332361236489413
4,prec,sep,0.0276681354191802,FALSE,-0.185280866266585,0.241640808516075
5,prec,oct,-0.0251705829604407,FALSE,-0.207246169466827,0.176705416957135
6,prec,nov,0.187823486096745,FALSE,-0.0350478189122046,0.412063535302096
7,prec,dec,0.0940756340491908,FALSE,-0.101125935471798,0.278591455333571
8,prec,JAN,0.194841585514386,TRUE,0.0089418091761064,0.376124632056181
9,prec,FEB,0.108446772467824,FALSE,-0.0806224193653159,0.299710606601111
10,prec,MAR,0.20594540917062,TRUE,0.020932389396023,0.38360318165228
11,prec,APR,-0.0572019904689808,FALSE,-0.257227932358763,0.117346924207226
12,prec,MAY,-0.062074064323321,FALSE,-0.253198456638831,0.125159283088479
13,prec,JUN,-0.154329005863997,FALSE,-0.355793202506746,0.0906110841216826
14,prec,JUL,-0.0426083549815691,FALSE,-0.253339049109461,0.140556654505127
15,prec,AUG,-0.0340681050289787,FALSE,-0.213400828789537,0.124172978784897
16,prec,SEP,-0.0799461254177639,FALSE,-0.269104078942307,0.119917289823675
17,temp,jun,-0.0500498908581739,FALSE,-0.241432435377972,0.143622059013617
18,temp,jul,-0.149443033178687,FALSE,-0.353448302887161,0.0633063548760361
19,temp,aug,-0.0554619968166635,FALSE,-0.241264056712259,0.116714924727693
20,temp,sep,-0.0835217516744374,FALSE,-0.244788869166237,0.0835134019911698
21,temp,oct,-0.0810926418203751,FALSE,-0.254656212125413,0.121530826316553
22,temp,nov,0.135040332438075,FALSE,-0.0370863701763143,0.303995985419508
23,temp,dec,-0.202429048628936,TRUE,-0.384427158101363,-0.0257851705495014
24,temp,JAN,0.0421240507670595,FALSE,-0.141413970125695,0.198867586136123
25,temp,FEB,0.144131052334602,FALSE,-0.0411834094526332,0.321972834262412
26,temp,MAR,-0.0498179806988737,FALSE,-0.21970067300661,0.123661203093552
27,temp,APR,-0.0624013742719616,FALSE,-0.308066889782546,0.13407078346627
28,temp,MAY,0.0400251482207077,FALSE,-0.107568635068359,0.191195519301341
29,temp,JUN,0.0702838514983033,FALSE,-0.106297421870015,0.28840658659232
30,temp,JUL,0.051359217546383,FALSE,-0.133039112218105,0.227212619286508
31,temp,AUG,0.0664460822160289,FALSE,-0.110607599675094,0.263892865295191
32,temp,SEP,-0.0467064419649245,FALSE,-0.224890238537548,0.119074136477497
