id,varname,month,coef,significant,ci_lower,ci_upper
1,prec,jun,0.136202339398217,FALSE,-0.0278350436357471,0.291575497733091
2,prec,jul,0.047623823461104,FALSE,-0.122007546997475,0.232386298917039
3,prec,aug,-0.0796426450529972,FALSE,-0.24885438440985,0.101480551731225
4,prec,sep,-0.0288369627962857,FALSE,-0.166961113241293,0.120213820056277
5,prec,oct,-0.0341442004140018,FALSE,-0.229446544955778,0.160684830419539
6,prec,nov,-0.0877903432021039,FALSE,-0.232824473621705,0.0589298847346515
7,prec,dec,0.0891346185465659,FALSE,-0.0968541385746295,0.267363514673107
8,prec,JAN,0.0575516115386071,FALSE,-0.134005293237144,0.227257166161687
9,prec,FEB,0.140294155654698,FALSE,-0.0287554167671904,0.307340531929574
10,prec,MAR,0.120285436109668,FALSE,-0.0347741076483579,0.294816497657947
11,prec,APR,0.247714189568678,TRUE,0.0576229901570309,0.444136866853619
12,prec,MAY,0.246666504790878,TRUE,0.111486541870758,0.383771131759186
13,prec,JUN,0.0466864719438616,FALSE,-0.11041201522486,0.188259730431699
14,prec,JUL,0.0571535883138262,FALSE,-0.117960238566092,0.200193683417318
15,prec,AUG,-0.0605995942507495,FALSE,-0.232687438739474,0.123513285248306
16,prec,SEP,-0.0721951422454815,FALSE,-0.238254291884937,0.0996453767740562
17,temp,jun,-0.0157799213775119,FALSE,-0.179739603650844,0.13030649736081
18,temp,jul,0.0902097141160716,FALSE,-0.070614524800904,0.254329066196527
19,temp,aug,-0.0345198727807342,FALSE,-0.23276371929909,0.122852921248015
20,temp,sep,-0.0175882672679269,FALSE,-0.162113360019983,0.139235598521758
21,temp,oct,-0.0499566870047731,FALSE,-0.24280952381295,0.112534053857136
22,temp,nov,-0.14082719399993,FALSE,-0.293309955787794,0.0371485838511941
23,temp,dec,0.0144039955892871,FALSE,-0.154964227038737,0.169704486676515
24,temp,JAN,0.0780751509796546,FALSE,-0.103912007515177,0.265621287401838
25,temp,FEB,-0.0524916088533883,FALSE,-0.224399380471751,0.117426972175628
26,temp,MAR,0.173789164562583,TRUE,0.0175101165180091,0.34018109740457
27,temp,APR,-0.0280678431467703,FALSE,-0.197353349721343,0.113569495972053
28,temp,MAY,-0.0732328058998965,FALSE,-0.197930247535821,0.069132235179503
29,temp,JUN,-0.00723850394631606,FALSE,-0.149809027114822,0.1554268248938
30,temp,JUL,0.168556612589911,TRUE,0.0107569858059017,0.332378500671265
31,temp,AUG,-0.034981730185839,FALSE,-0.21617988246058,0.134888395928915
32,temp,SEP,0.0938750016233578,FALSE,-0.0780524345333174,0.261601862586227
