id,varname,month,coef,significant,ci_lower,ci_upper
1,prec,jun,0.042733554829929,FALSE,-0.164615606023687,0.25534203381553
2,prec,jul,0.0740969256491577,FALSE,-0.13575897123641,0.282034026461537
3,prec,aug,0.207467254153257,FALSE,-0.0184073517135539,0.374824253998825
4,prec,sep,0.0514942014527405,FALSE,-0.15415599829654,0.250855809392944
5,prec,oct,0.00303853107505434,FALSE,-0.16953247885515,0.174872127990429
6,prec,nov,0.201754634124068,TRUE,0.030604953951474,0.373965461425511
7,prec,dec,-0.0612170375773815,FALSE,-0.234679159580705,0.119958120428743
8,prec,JAN,0.0652315883217448,FALSE,-0.127949255662681,0.289582214316009
9,prec,FEB,0.0384743264240419,FALSE,-0.159068856639185,0.265514791360167
10,prec,MAR,0.0634561163788374,FALSE,-0.133632637996432,0.260805073588608
11,prec,APR,-0.00841064863166015,FALSE,-0.215014816813123,0.148868955821414
12,prec,MAY,0.0529341312524264,FALSE,-0.0963987618466422,0.233368932500416
13,prec,JUN,-0.00370535078713011,FALSE,-0.213646013841061,0.223812303621839
14,prec,JUL,-0.0320422351047425,FALSE,-0.238558723103072,0.174515424847242
15,prec,AUG,0.1746972312305,FALSE,-0.0339901457310777,0.381105562072373
16,prec,SEP,0.0352201640613568,FALSE,-0.159725728500843,0.242743446843174
17,temp,jun,0.115171357206645,FALSE,-0.0684779829558278,0.302761252355032
18,temp,jul,-0.0586497889371588,FALSE,-0.237351771316841,0.13395702833815
19,temp,aug,-0.108892405861142,FALSE,-0.319158279854287,0.0795542546031961
20,temp,sep,-0.00900745533951853,FALSE,-0.17130201446016,0.148425665991451
21,temp,oct,0.0880493960093604,FALSE,-0.0882143835527849,0.282543392007489
22,temp,nov,-0.0023632255316218,FALSE,-0.206780331503114,0.191473973895477
23,temp,dec,-0.00599380119095353,FALSE,-0.197827498415563,0.185529811780016
24,temp,JAN,0.0629057894315516,FALSE,-0.111296224685884,0.226993192331159
25,temp,FEB,0.13089773476058,FALSE,-0.0343210722135837,0.298081636390903
26,temp,MAR,-0.0304048995907937,FALSE,-0.211565064841063,0.131130379969079
27,temp,APR,-0.0775063345852166,FALSE,-0.270044579642076,0.0876201429350772
28,temp,MAY,0.066949658112443,FALSE,-0.090478529591584,0.237704373530928
29,temp,JUN,0.119551712769322,FALSE,-0.0474085524345197,0.32286258746707
30,temp,JUL,0.00346759155978574,FALSE,-0.169755865529012,0.166537321879997
31,temp,AUG,0.071089488951577,FALSE,-0.103085073138436,0.254121314874562
32,temp,SEP,0.126901982035539,FALSE,-0.0502002256892714,0.299375362804468
