id,varname,month,coef,significant,ci_lower,ci_upper
1,prec,jun,-0.054222115146857,FALSE,-0.2444099442251,0.114023143696178
2,prec,jul,0.0976747683965898,FALSE,-0.097764847931232,0.27315685521369
3,prec,aug,0.104237869518786,FALSE,-0.08906015412098,0.281942151688718
4,prec,sep,0.0543643487930896,FALSE,-0.108559485835681,0.218531825340813
5,prec,oct,-0.0739233595120021,FALSE,-0.258420088502635,0.0960708228666306
6,prec,nov,0.170006578300263,FALSE,-0.0103869457179121,0.347475362605519
7,prec,dec,0.011859670323248,FALSE,-0.166473422781593,0.189601342248627
8,prec,JAN,0.311033629031382,TRUE,0.108965261776254,0.511732619085068
9,prec,FEB,0.0478419556791667,FALSE,-0.156648816686845,0.262022395614465
10,prec,MAR,0.169147472568238,FALSE,-0.0224083360724254,0.340647953982707
11,prec,APR,0.0957814089523413,FALSE,-0.0813652207020079,0.274820178136116
12,prec,MAY,0.09891344843422,FALSE,-0.0626832789397834,0.247149988030717
13,prec,JUN,-0.0121475359144455,FALSE,-0.207112136047003,0.172989183337718
14,prec,JUL,0.150653748619775,FALSE,-0.0773709396344205,0.325505239158436
15,prec,AUG,0.0183783819182885,FALSE,-0.137556317943696,0.18263611584074
16,prec,SEP,0.020951925456241,FALSE,-0.165595949139834,0.195119701319354
17,temp,jun,0.128395856045259,FALSE,-0.0600231078002406,0.298390865898501
18,temp,jul,-0.081528185592153,FALSE,-0.255077245444788,0.1138653313231
19,temp,aug,-0.176313355125322,TRUE,-0.338544623043951,-0.00714987733377685
20,temp,sep,-0.0988757273699343,FALSE,-0.261430534576828,0.0674180471623319
21,temp,oct,0.0429309364688206,FALSE,-0.150764221066656,0.222856771166193
22,temp,nov,0.13783839867133,FALSE,-0.0265153420332719,0.30033598321068
23,temp,dec,0.0112427083480966,FALSE,-0.166550106039452,0.172706124652491
24,temp,JAN,0.111685833407641,FALSE,-0.0658287145383214,0.277931767415227
25,temp,FEB,0.016002206438592,FALSE,-0.1503255564719,0.193087486653148
26,temp,MAR,-0.152963784189393,FALSE,-0.311981558111752,0.0159331013710408
27,temp,APR,-0.00910328464070232,FALSE,-0.187390748444428,0.158862880638793
28,temp,MAY,-0.0420987423688095,FALSE,-0.217988451054491,0.105379806109622
29,temp,JUN,0.0862673890671073,FALSE,-0.108486670790648,0.268594309555388
30,temp,JUL,0.00429983543241872,FALSE,-0.146291598466909,0.173110522117215
31,temp,AUG,-0.0987601285239903,FALSE,-0.257986523002749,0.0779237889571816
32,temp,SEP,-0.0736155314572835,FALSE,-0.257233343153119,0.1051716732153
