id,varname,month,coef,significant,ci_lower,ci_upper
1,prec,jun,0.0175754685091508,FALSE,-0.166941012587403,0.182142460267251
2,prec,jul,0.0617488424068384,FALSE,-0.125869784934432,0.238873183419771
3,prec,aug,0.0205789274916595,FALSE,-0.150627970072061,0.180479284942751
4,prec,sep,-0.00985514768338745,FALSE,-0.195675733892707,0.200519227543955
5,prec,oct,-0.0327393091215784,FALSE,-0.199103547764626,0.148290785865466
6,prec,nov,-0.0890797924442307,FALSE,-0.257116872695422,0.0671129530956645
7,prec,dec,-0.0403016734293802,FALSE,-0.24023575582301,0.1894235919093
8,prec,JAN,0.00345771193218115,FALSE,-0.197121143553543,0.189304201048583
9,prec,FEB,0.111609250568603,FALSE,-0.0864092360407454,0.298838866817179
10,prec,MAR,0.0269392638403129,FALSE,-0.179148215531773,0.226093714986841
11,prec,APR,0.0740512878380988,FALSE,-0.107918927262616,0.267378951578184
12,prec,MAY,0.0441901967493677,FALSE,-0.155069291223095,0.256469624501437
13,prec,JUN,-0.0913992827193583,FALSE,-0.28906577751768,0.1134033687989
14,prec,JUL,0.141770078629192,FALSE,-0.0437189263440378,0.334095865762482
15,prec,AUG,0.0127212108184389,FALSE,-0.190233783881438,0.203406764166537
16,prec,SEP,0.0941912584624673,FALSE,-0.0817523359879463,0.283328249541192
17,temp,jun,0.00687086393489353,FALSE,-0.192645853487495,0.214882781719583
18,temp,jul,0.11223325417361,FALSE,-0.0970520297367827,0.292492784972666
19,temp,aug,-0.0126452514678177,FALSE,-0.198698255882816,0.158987376329225
20,temp,sep,0.025989893285406,FALSE,-0.19059800778913,0.235566266973218
21,temp,oct,0.0536877361646339,FALSE,-0.138420300538073,0.245824570138432
22,temp,nov,0.0160742777212059,FALSE,-0.184812620692171,0.190572576239718
23,temp,dec,0.0499690900553949,FALSE,-0.115226995739817,0.250807893419205
24,temp,JAN,-0.00546206335440025,FALSE,-0.236757541109548,0.161859159134364
25,temp,FEB,0.0362800360003305,FALSE,-0.130471610717957,0.216707411605024
26,temp,MAR,0.0549627023144929,FALSE,-0.176387654767789,0.2781941959815
27,temp,APR,0.00469983418450292,FALSE,-0.147596661846203,0.169373523848322
28,temp,MAY,-0.0518200098817726,FALSE,-0.244769951416489,0.148292513286953
29,temp,JUN,-0.0429785004558285,FALSE,-0.230413581946873,0.111408939845826
30,temp,JUL,0.0529302355513665,FALSE,-0.134131037715497,0.228890657679163
31,temp,AUG,0.0434395467392321,FALSE,-0.119315215744338,0.205048715774551
32,temp,SEP,0.00978079577597621,FALSE,-0.184970985454913,0.207340091561639
