id,varname,month,coef,significant,ci_lower,ci_upper
1,prec,jun,0.0669681300284286,FALSE,-0.113464494296144,0.256063482874755
2,prec,jul,0.16819961745072,FALSE,-0.046920344633879,0.385405509026203
3,prec,aug,0.0412903175941492,FALSE,-0.148988430608135,0.222183053052553
4,prec,sep,0.28209182582485,TRUE,0.0969065261923342,0.455111977140502
5,prec,oct,-0.0115316026549442,FALSE,-0.194226457317504,0.188131200733216
6,prec,nov,0.174437043926807,FALSE,-0.00833174175806603,0.381559344545131
7,prec,dec,0.0083241436629727,FALSE,-0.170076438862632,0.203886405609939
8,prec,JAN,0.116244887960193,FALSE,-0.0916602588362389,0.299818026505032
9,prec,FEB,0.158395554201798,FALSE,-0.0594115410524459,0.373934627563931
10,prec,MAR,-0.0467018992930786,FALSE,-0.224222902637358,0.129211021246917
11,prec,APR,0.0325008159266511,FALSE,-0.126814051587822,0.19652371976428
12,prec,MAY,0.203758821472466,FALSE,-0.0660341850871479,0.43065968517087
13,prec,JUN,0.0644313583509889,FALSE,-0.0973560937809579,0.253353123560894
14,prec,JUL,0.169243133608571,FALSE,-0.012932152335871,0.368549583410639
15,prec,AUG,-0.0707002509820686,FALSE,-0.23440289289679,0.0788064696195784
16,prec,SEP,-0.00557159016719392,FALSE,-0.21769190204626,0.181602541922252
17,temp,jun,0.0203376378174261,FALSE,-0.169425459692578,0.209616850887457
18,temp,jul,0.0139352724133848,FALSE,-0.197556354768858,0.24202579362723
19,temp,aug,0.00623417331626624,FALSE,-0.17498681015186,0.164889215135878
20,temp,sep,-0.134162275690652,FALSE,-0.325347705893281,0.0724491645388004
21,temp,oct,0.132983474431771,FALSE,-0.0603984841064155,0.290148089864376
22,temp,nov,0.0910812333805545,FALSE,-0.0593579585556272,0.263492895280878
23,temp,dec,0.153149612283043,FALSE,-0.0215945443344148,0.324286378171683
24,temp,JAN,0.0217302887052311,FALSE,-0.214253499388064,0.223690593576999
25,temp,FEB,-0.0212448818151955,FALSE,-0.258432143423285,0.184831244528089
26,temp,MAR,-0.173824125843476,FALSE,-0.392795178670669,0.0620686142389625
27,temp,APR,0.118683220129815,FALSE,-0.0656900234385233,0.312039730214965
28,temp,MAY,0.0233684659079152,FALSE,-0.196137371513237,0.20799147665781
29,temp,JUN,-0.135314008031966,FALSE,-0.316753748592279,0.0545700950628848
30,temp,JUL,-0.0353660469737738,FALSE,-0.213085047349232,0.193349554903339
31,temp,AUG,0.0428724455562626,FALSE,-0.147483276547794,0.202571553383639
32,temp,SEP,0.0419319663553651,FALSE,-0.169601369054484,0.240126716643852
