id,varname,month,coef,significant,ci_lower,ci_upper
1,prec,jun,0.00796079020284278,FALSE,-0.145967265938521,0.160037661743104
2,prec,jul,0.0888969261144725,FALSE,-0.0572676939157568,0.234992432917299
3,prec,aug,0.00451280020950096,FALSE,-0.152046898286002,0.173595460319071
4,prec,sep,0.150486602398401,FALSE,-0.054072099700485,0.318814055113525
5,prec,oct,0.0644501445948525,FALSE,-0.0978545431923721,0.240334065189528
6,prec,nov,-0.102462775490777,FALSE,-0.273759498776157,0.0703219875928669
7,prec,dec,-0.0146659285381112,FALSE,-0.167254536563214,0.131503934844209
8,prec,JAN,-0.0663851515475161,FALSE,-0.250206736699344,0.0767164259680625
9,prec,FEB,0.0248696896516022,FALSE,-0.139178528775043,0.177101908134261
10,prec,MAR,-0.0144397383942676,FALSE,-0.143634829354219,0.172971697184566
11,prec,APR,-0.0643104885845904,FALSE,-0.201484222555192,0.0844579866975769
12,prec,MAY,-0.152586848715494,FALSE,-0.328170165149945,0.0138973818413616
13,prec,JUN,-0.0644722748681885,FALSE,-0.217853566590199,0.0786362171831587
14,prec,JUL,0.0272580610528585,FALSE,-0.137332255929732,0.172410997967388
15,prec,AUG,-0.0077653931790123,FALSE,-0.188933877910963,0.163873629192717
16,prec,SEP,-0.0319385568923131,FALSE,-0.184288017106705,0.092865310115237
17,temp,jun,0.0510377174271037,FALSE,-0.212062695854472,0.265021648935373
18,temp,jul,-0.196269130816004,FALSE,-0.428359035907511,0.0315790837392121
19,temp,aug,-0.0441022186227518,FALSE,-0.254341801277045,0.166470642030163
20,temp,sep,0.0550559107234928,FALSE,-0.166433398970023,0.294957215320022
21,temp,oct,0.139047339179623,FALSE,-0.0751729877423651,0.334507187521001
22,temp,nov,-0.0729461417998796,FALSE,-0.307978834440546,0.16155556633391
23,temp,dec,-0.00736623136264632,FALSE,-0.284453684264294,0.251609205242991
24,temp,JAN,-0.00973710771633837,FALSE,-0.2272884595522,0.207363844427466
25,temp,FEB,0.20622449180894,FALSE,-0.0124928740016582,0.416853687846828
26,temp,MAR,0.133276262547511,FALSE,-0.136944109556867,0.392244738994661
27,temp,APR,0.0543612060761299,FALSE,-0.175824572886985,0.246798937485783
28,temp,MAY,0.074783158537153,FALSE,-0.112822112587316,0.289785496665434
29,temp,JUN,0.00969508144162207,FALSE,-0.216411404183118,0.257899306249373
30,temp,JUL,0.236208139614038,TRUE,0.0264304109614684,0.449260919454062
31,temp,AUG,0.00529135013805935,FALSE,-0.197101619320145,0.214223380066663
32,temp,SEP,0.170076808279385,FALSE,-0.0633933102162647,0.377185613228285
