id,varname,month,coef,significant,ci_lower,ci_upper
1,prec,jun,0.0342017825866985,FALSE,-0.151808791904731,0.223116965648451
2,prec,jul,-0.092864748373664,FALSE,-0.263308187248675,0.0994535815084539
3,prec,aug,-0.0686752239941323,FALSE,-0.261089050165579,0.107408630877868
4,prec,sep,0.056259053581118,FALSE,-0.127474879622145,0.237095604311316
5,prec,oct,-0.0952097403186193,FALSE,-0.283476796180437,0.0714034476524365
6,prec,nov,0.0497317239155813,FALSE,-0.124471210004251,0.234037843809579
7,prec,dec,0.0562461419104482,FALSE,-0.139047934400549,0.208290578673462
8,prec,JAN,-0.0451624817182445,FALSE,-0.205134710393389,0.112156299716845
9,prec,FEB,-0.0796100550358915,FALSE,-0.241340703381667,0.0621702792366295
10,prec,MAR,0.030631519275205,FALSE,-0.104824396700814,0.162777748479287
11,prec,APR,-0.0821311571591116,FALSE,-0.268703951037873,0.0958108486089134
12,prec,MAY,0.00885381184459283,FALSE,-0.176776212879701,0.171555513874991
13,prec,JUN,-0.0990859536771267,FALSE,-0.253666475418649,0.0593807054252823
14,prec,JUL,-0.0462538089553973,FALSE,-0.238853902059157,0.131182116796459
15,prec,AUG,-0.0934201087735871,FALSE,-0.272363094722177,0.0703049166007717
16,prec,SEP,-0.106289880525655,FALSE,-0.278712128565379,0.0564947226310952
17,temp,jun,-0.00709667652376815,FALSE,-0.21399239190529,0.186277155715757
18,temp,jul,0.0144432298981662,FALSE,-0.190521120459737,0.20147466539374
19,temp,aug,-0.0796068824169259,FALSE,-0.288122909395667,0.133348343617289
20,temp,sep,-0.0102215029251721,FALSE,-0.188453392180308,0.152330396475251
21,temp,oct,0.0161970842352319,FALSE,-0.153920297414292,0.179109985790487
22,temp,nov,-0.0598607797315958,FALSE,-0.289297305535563,0.11749154172876
23,temp,dec,0.00598588655256259,FALSE,-0.156666084829638,0.160303362511555
24,temp,JAN,0.093495390292944,FALSE,-0.130051260674365,0.271135871268557
25,temp,FEB,-0.0147032033353077,FALSE,-0.186712370579716,0.152301507707813
26,temp,MAR,-0.163708165544646,FALSE,-0.35363209261493,0.0272603255010633
27,temp,APR,-0.0669977296938997,FALSE,-0.250384100637268,0.0968047973234336
28,temp,MAY,-0.230040750077371,TRUE,-0.443681888577181,-0.0607320934293699
29,temp,JUN,0.199525172786291,FALSE,-0.00124502731950872,0.387479566349698
30,temp,JUL,0.255940274949761,TRUE,0.0506625670671313,0.432396747956031
31,temp,AUG,0.0848670969933999,FALSE,-0.0785279787329296,0.287790411178372
32,temp,SEP,-0.0862012835642956,FALSE,-0.288340161484423,0.145558247983441
