id,varname,month,coef,significant,ci_lower,ci_upper
1,prec,jun,0.0262843466491549,FALSE,-0.109585807827044,0.192178968650338
2,prec,jul,0.0936458474393047,FALSE,-0.0635650223525371,0.244672350829625
3,prec,aug,0.160763872985965,FALSE,-0.0165334209058014,0.319614294865318
4,prec,sep,0.0635799663995834,FALSE,-0.0706580723440751,0.212836357097435
5,prec,oct,0.0657994950168213,FALSE,-0.0813729982101008,0.207957684062758
6,prec,nov,0.183675514626198,TRUE,0.0304599052782498,0.328719297527144
7,prec,dec,-0.0487083275345989,FALSE,-0.211912524770918,0.142639042218209
8,prec,JAN,0.2495340724796,TRUE,0.0889440162829947,0.404765821107558
9,prec,FEB,0.0599956513658252,FALSE,-0.148405722242803,0.272157782956878
10,prec,MAR,0.012208390211346,FALSE,-0.155454662575343,0.193008531201945
11,prec,APR,0.150748379238115,FALSE,-0.0159376917970985,0.304837088822429
12,prec,MAY,0.295005676235926,TRUE,0.126896614512171,0.458561945713204
13,prec,JUN,0.130971411037064,FALSE,-0.0292841853674254,0.296356067045806
14,prec,JUL,0.198646073486058,TRUE,0.0376714524306082,0.34372521261941
15,prec,AUG,0.0326699938892837,FALSE,-0.120968116630902,0.199891258492641
16,prec,SEP,0.00883320694753894,FALSE,-0.142966531200319,0.16123103659197
17,temp,jun,-0.0897364941623645,FALSE,-0.250533408455282,0.071424176801126
18,temp,jul,-0.0990324600526589,FALSE,-0.269928670100198,0.0955328330638891
19,temp,aug,-0.160618541122015,TRUE,-0.306477822875004,-0.0178187403974863
20,temp,sep,-0.103382548564503,FALSE,-0.252333662912259,0.0764371734437614
21,temp,oct,-0.121904595569608,FALSE,-0.299165229915152,0.0436661097769008
22,temp,nov,0.0769888273229845,FALSE,-0.0610919761401198,0.21811609140565
23,temp,dec,0.0563928157954175,FALSE,-0.0837513904486343,0.217865004129923
24,temp,JAN,-0.137182874822753,FALSE,-0.321482664106007,0.015992955302992
25,temp,FEB,0.110715696945833,FALSE,-0.06000044122862,0.29603029240813
26,temp,MAR,-0.0503602805593307,FALSE,-0.216216971929914,0.108864506203949
27,temp,APR,0.0384144698365881,FALSE,-0.196940621591257,0.237569715498454
28,temp,MAY,-0.0362351307677413,FALSE,-0.171767464040904,0.120833174526563
29,temp,JUN,-0.0787644225071412,FALSE,-0.23391842104131,0.104477537539962
30,temp,JUL,-0.0107426925775264,FALSE,-0.185096602944698,0.165262010038527
31,temp,AUG,0.0817039474797362,FALSE,-0.107454886624897,0.285502382373696
32,temp,SEP,-0.0157490660701081,FALSE,-0.180114352481867,0.161802805171804
