id,varname,month,coef,significant,ci_lower,ci_upper
1,prec,jun,0.11737254848792,FALSE,-0.0804640753864057,0.291254965302149
2,prec,jul,0.130763980530682,FALSE,-0.0529218731356922,0.298222771523041
3,prec,aug,0.129593710911292,FALSE,-0.024128722935585,0.284846401095271
4,prec,sep,0.0548497548908216,FALSE,-0.108476973038557,0.241731569292119
5,prec,oct,0.0405437634997368,FALSE,-0.15774243357842,0.236965467516728
6,prec,nov,-0.153508620898016,FALSE,-0.331988542173125,0.0428254793090295
7,prec,dec,0.0196486926603275,FALSE,-0.15545671509547,0.190765484824412
8,prec,JAN,0.0852408655301223,FALSE,-0.091903326265798,0.279418663671117
9,prec,FEB,0.0327247405397783,FALSE,-0.157388824499368,0.190304400731204
10,prec,MAR,0.0367204775215136,FALSE,-0.149431942627034,0.224070054362042
11,prec,APR,-0.0294246365665555,FALSE,-0.194800732909527,0.161869866406194
12,prec,MAY,-0.0674123283803489,FALSE,-0.226116820908366,0.116127593599069
13,prec,JUN,0.150807362155344,FALSE,-0.042331949719822,0.344022871544005
14,prec,JUL,0.156615724621107,FALSE,-0.0145968468084817,0.335909655221415
15,prec,AUG,0.0754824899597999,FALSE,-0.112705966484811,0.249795352932992
16,prec,SEP,0.050442808796573,FALSE,-0.0974944179753548,0.204284602535273
17,temp,jun,-0.151897056423711,FALSE,-0.336433363594113,0.0318169322834032
18,temp,jul,-0.145464648886343,FALSE,-0.313497707912019,0.029861140140308
19,temp,aug,-0.0656942620451332,FALSE,-0.231103518736432,0.10772683162807
20,temp,sep,-0.0519711745042461,FALSE,-0.223769680748006,0.0950570318505296
21,temp,oct,-0.0131111238989216,FALSE,-0.180034275808496,0.154555855951594
22,temp,nov,-0.0231061071168862,FALSE,-0.189993887893286,0.158550895673024
23,temp,dec,-0.0524875642187427,FALSE,-0.226613042900098,0.136337587038789
24,temp,JAN,0.0360292472419664,FALSE,-0.161163685424697,0.235632104941181
25,temp,FEB,-0.0502214879383984,FALSE,-0.228038646537459,0.118384024516567
26,temp,MAR,0.0431896561785241,FALSE,-0.124524999924967,0.203449751918611
27,temp,APR,-0.250411212595254,TRUE,-0.398796056456448,-0.103029287099535
28,temp,MAY,-0.134019970602277,FALSE,-0.284186707014597,0.0436963236132526
29,temp,JUN,0.0142407983298557,FALSE,-0.155173650452337,0.1748944504598
30,temp,JUL,0.225547364330639,TRUE,0.0465886158407457,0.405148217179211
31,temp,AUG,-0.09470955617948,FALSE,-0.250491974064378,0.0659611221257566
32,temp,SEP,0.0873904569708208,FALSE,-0.0880203594589407,0.244993390554058
