id,varname,month,coef,significant,ci_lower,ci_upper
1,prec,jun,-0.106115546997167,FALSE,-0.267196971949924,0.0516904990325439
2,prec,jul,-0.0161290672674474,FALSE,-0.14337646040796,0.115077310396322
3,prec,aug,0.0232922031021594,FALSE,-0.0934870542730202,0.163380297783565
4,prec,sep,-0.0646831258956551,FALSE,-0.190934973945221,0.0464217830358246
5,prec,oct,-0.149226952403666,TRUE,-0.275387040199091,-0.0252953787823444
6,prec,nov,-0.0403944339299574,FALSE,-0.204054162403476,0.116253920793071
7,prec,dec,-0.0875719305590854,FALSE,-0.234949661078024,0.0754756877106777
8,prec,JAN,-0.0458343103880097,FALSE,-0.170371599218902,0.0755128237316608
9,prec,FEB,-0.025974013219138,FALSE,-0.186260890382591,0.125437472437982
10,prec,MAR,0.0180658067909231,FALSE,-0.115612582556217,0.175325786560892
11,prec,APR,0.00903716310703194,FALSE,-0.120913935884742,0.154559726542015
12,prec,MAY,-0.0874469776647326,FALSE,-0.20914163536572,0.035668359914293
13,prec,JUN,-0.100889860885485,FALSE,-0.221245752207549,0.0370211246681135
14,prec,JUL,-0.126143563493588,FALSE,-0.259426674322615,0.0223087026407516
15,prec,AUG,-0.00972376835316045,FALSE,-0.138795526814786,0.14660298099863
16,prec,SEP,-0.0352083725687065,FALSE,-0.184977159047984,0.112748185105897
17,temp,jun,-0.052764254908646,FALSE,-0.184679233744547,0.0844576559456669
18,temp,jul,-0.0947804567513483,FALSE,-0.238731240165805,0.0481426570796713
19,temp,aug,-0.138571838678698,FALSE,-0.272830688757829,0.00123186615113227
20,temp,sep,0.0257649283063824,FALSE,-0.128687660997256,0.152528105318104
21,temp,oct,0.0930119206808848,FALSE,-0.0591701212652856,0.231674834980856
22,temp,nov,0.0270202466429315,FALSE,-0.112564526120755,0.168850977205289
23,temp,dec,0.154202874906326,TRUE,0.000338005586775722,0.286833029593737
24,temp,JAN,0.165895950973998,TRUE,0.00832289752542156,0.31834331689805
25,temp,FEB,-0.0436642042333698,FALSE,-0.206632477723314,0.123686041884888
26,temp,MAR,-0.0200878733717426,FALSE,-0.177220542207674,0.137744975058818
27,temp,APR,0.0230857890177661,FALSE,-0.105874927094929,0.14908650330632
28,temp,MAY,-0.0493540085831267,FALSE,-0.192787600450656,0.0993433285120731
29,temp,JUN,0.229568091105018,TRUE,0.0948014113792719,0.381690592997564
30,temp,JUL,0.251545839915246,TRUE,0.131651768217374,0.352744737791006
31,temp,AUG,0.0363034952579151,FALSE,-0.100029819696355,0.190635089236476
32,temp,SEP,0.14280530160648,TRUE,0.00972667184179452,0.289911379118526
