id,varname,month,coef,significant,ci_lower,ci_upper
1,prec,jun,0.054437430239918,FALSE,-0.132997955985049,0.263626571535462
2,prec,jul,0.269027705393375,TRUE,0.0373331924063917,0.494102041392961
3,prec,aug,0.142132610273679,FALSE,-0.0152080293534385,0.308432179066192
4,prec,sep,0.122020220337707,FALSE,-0.0704647090763701,0.298177258012835
5,prec,oct,0.0471093065948702,FALSE,-0.119824760176793,0.220444435979405
6,prec,nov,0.216808282890323,TRUE,0.0458089541117745,0.373582535404876
7,prec,dec,0.100591690591228,FALSE,-0.086778874224801,0.263147036783165
8,prec,JAN,-0.0896706965930776,FALSE,-0.245786207262445,0.0784407628390356
9,prec,FEB,-0.0691346243456529,FALSE,-0.245317847323341,0.105579054331765
10,prec,MAR,-0.0319187041580926,FALSE,-0.219423161908433,0.150069558037887
11,prec,APR,-0.00800201160786034,FALSE,-0.195697734971489,0.188156964383233
12,prec,MAY,-0.0285241638601084,FALSE,-0.22028197334299,0.159868335324525
13,prec,JUN,-0.0510172147147385,FALSE,-0.19501081622802,0.125761007043964
14,prec,JUL,-0.0597092668049841,FALSE,-0.24093941056234,0.116567861173715
15,prec,AUG,0.065594611745365,FALSE,-0.113357918914765,0.251069495239911
16,prec,SEP,0.0896737978812579,FALSE,-0.0879054256943818,0.275001852741399
17,temp,jun,-0.0393383881036859,FALSE,-0.211854213835229,0.139535565877147
18,temp,jul,-0.157630370655826,TRUE,-0.319568785465756,-0.00435884433514997
19,temp,aug,-0.0262290692305637,FALSE,-0.201045661003645,0.129456145162661
20,temp,sep,0.139443630137777,FALSE,-0.0418442872741512,0.337753033523599
21,temp,oct,-0.0134635077152403,FALSE,-0.220716876694066,0.208298964590981
22,temp,nov,0.0135429262324777,FALSE,-0.184856689119886,0.21113804508489
23,temp,dec,-0.0353373663410296,FALSE,-0.213885722610151,0.151869237867672
24,temp,JAN,-0.120554014894843,FALSE,-0.312065974760279,0.0766443718761957
25,temp,FEB,-0.00994561858356029,FALSE,-0.179047466951329,0.15546243580616
26,temp,MAR,-0.127500770228294,FALSE,-0.318965880048916,0.0607719775534326
27,temp,APR,0.000311074263574712,FALSE,-0.186432655425117,0.201677281134966
28,temp,MAY,-0.0531536660263753,FALSE,-0.290423574764658,0.150486929187164
29,temp,JUN,0.0154768328124237,FALSE,-0.142517014623266,0.162652753056136
30,temp,JUL,0.23210799064512,TRUE,0.0921758556405681,0.413649639903751
31,temp,AUG,0.138849559609337,FALSE,-0.0313440150121516,0.290605566910228
32,temp,SEP,0.124681702616304,FALSE,-0.0870557406279301,0.312521267951758
