id,varname,month,coef,significant,ci_lower,ci_upper
1,prec,jun,0.0520428910432124,FALSE,-0.184167117543775,0.264172203445467
2,prec,jul,0.0881617118687403,FALSE,-0.0883159507318993,0.25938007699217
3,prec,aug,0.0895318892047523,FALSE,-0.114890838137246,0.271207622740699
4,prec,sep,0.0872119224231462,FALSE,-0.104176819528395,0.305595262782975
5,prec,oct,0.0162574214820396,FALSE,-0.166832799196717,0.213899582925767
6,prec,nov,-0.107122093912835,FALSE,-0.307049607361287,0.0803689938969443
7,prec,dec,-0.110465848755638,FALSE,-0.353529219656168,0.122764441925831
8,prec,JAN,-0.0362697746921594,FALSE,-0.231707232884911,0.14846821226848
9,prec,FEB,0.00323332879168478,FALSE,-0.171039696563653,0.174795224679998
10,prec,MAR,-0.001862872535951,FALSE,-0.184346143156035,0.179954479582806
11,prec,APR,0.0618825395596738,FALSE,-0.106090369303981,0.230194631564341
12,prec,MAY,-0.0450678340296918,FALSE,-0.203990546953535,0.154729841151847
13,prec,JUN,-0.108958792068531,FALSE,-0.349455000211379,0.10544291731007
14,prec,JUL,-0.0536154639516343,FALSE,-0.2416268369503,0.133705784234869
15,prec,AUG,0.103855131893722,FALSE,-0.0837270123185459,0.29307792804329
16,prec,SEP,-0.0464586754634919,FALSE,-0.225291647828405,0.166398067796785
17,temp,jun,-0.122599241443661,FALSE,-0.31098362469394,0.0605090144386183
18,temp,jul,0.0907200968914113,FALSE,-0.209886286508132,0.333215030332264
19,temp,aug,-0.218745920312395,TRUE,-0.391158807545414,-0.0388821716251846
20,temp,sep,0.122529269243332,FALSE,-0.10654758904492,0.356848068988816
21,temp,oct,-0.0407424718534331,FALSE,-0.261053011790342,0.16117251029615
22,temp,nov,0.0212043791199804,FALSE,-0.19431982374986,0.257636824538394
23,temp,dec,-0.0818645173256906,FALSE,-0.304211987580541,0.142914463885873
24,temp,JAN,0.000356347241578072,FALSE,-0.211751332071323,0.193219520175804
25,temp,FEB,-0.166866865065501,FALSE,-0.354854782273214,0.0117120457355982
26,temp,MAR,0.0717105682931693,FALSE,-0.104171978365848,0.264324591650073
27,temp,APR,0.095349349040031,FALSE,-0.103916897076766,0.295535287913887
28,temp,MAY,0.137996740496859,FALSE,-0.0818599378602352,0.34039793448735
29,temp,JUN,0.026648848904463,FALSE,-0.157284984204637,0.220433192739786
30,temp,JUL,0.155163820381192,FALSE,-0.0570786389806325,0.353613006689875
31,temp,AUG,0.139324712583638,FALSE,-0.0935226486097112,0.339530059575537
32,temp,SEP,-0.0273667838884068,FALSE,-0.276795706247619,0.190826227711782
