id,varname,month,coef,significant,ci_lower,ci_upper
1,prec,jun,0.0516042805258657,FALSE,-0.119187021673138,0.220195228534312
2,prec,jul,-0.0536891462077347,FALSE,-0.221726813736999,0.0934150675574735
3,prec,aug,0.0816059227639179,FALSE,-0.0748956830219124,0.225488250294787
4,prec,sep,-0.053536502545378,FALSE,-0.218685595202942,0.11916083567697
5,prec,oct,-0.105159787354036,FALSE,-0.290489417730125,0.0607731125691377
6,prec,nov,0.127861358400158,FALSE,-0.0655157928169645,0.327102121842443
7,prec,dec,-0.143485028466673,FALSE,-0.347813327160246,0.0248429405122415
8,prec,JAN,0.0205213949783547,FALSE,-0.156433966610344,0.197825034870057
9,prec,FEB,-0.013175129227393,FALSE,-0.173040670357561,0.141073972103596
10,prec,MAR,0.0980978612700262,FALSE,-0.0609338922999987,0.267228174819406
11,prec,APR,-0.00778186095476274,FALSE,-0.185410314889701,0.145053736785299
12,prec,MAY,-0.0135682779515307,FALSE,-0.185877653951158,0.165162189503376
13,prec,JUN,-0.0411474489901259,FALSE,-0.197387872712017,0.116260503212143
14,prec,JUL,-0.199434087834902,FALSE,-0.369727385777795,0.00330257025175877
15,prec,AUG,-0.0966606391629034,FALSE,-0.251274632710102,0.0703914160420114
16,prec,SEP,0.0291129259752412,FALSE,-0.157341923561417,0.250684545785998
17,temp,jun,-0.00681089998607031,FALSE,-0.167793202597476,0.152555883772004
18,temp,jul,-0.055591198150609,FALSE,-0.251537509608672,0.102533915036194
19,temp,aug,-0.168650512400358,TRUE,-0.331729041533145,-0.0133106384278347
20,temp,sep,0.0361013037179923,FALSE,-0.141567092688903,0.223323185002887
21,temp,oct,0.107878973376757,FALSE,-0.0685147758234594,0.305685894855059
22,temp,nov,-0.0588796126445752,FALSE,-0.21723156014331,0.096767685650359
23,temp,dec,0.128671866987163,FALSE,-0.0550585267978754,0.295618503855029
24,temp,JAN,0.0565671653714209,FALSE,-0.112627844072016,0.221652780651393
25,temp,FEB,-0.0371425170655207,FALSE,-0.216039672482624,0.124559852303564
26,temp,MAR,-0.171351982242922,FALSE,-0.369148403016883,-0.00502864368305382
27,temp,APR,0.0300411515149181,FALSE,-0.136618774282821,0.201247453048097
28,temp,MAY,0.0285417541992258,FALSE,-0.140820619338879,0.193692813982022
29,temp,JUN,0.13916847554452,FALSE,-0.0248729216579913,0.29645356315136
30,temp,JUL,0.177800370319167,TRUE,0.0318761557491501,0.345138936041171
31,temp,AUG,0.0058280498555938,FALSE,-0.154926394941941,0.164630246389723
32,temp,SEP,0.223419842941258,TRUE,0.0336878558926524,0.390592796779904
