id,varname,month,coef,significant,ci_lower,ci_upper
1,prec,jun,0.134783374528626,FALSE,-0.111367612101186,0.357077111396183
2,prec,jul,-0.126745529820215,FALSE,-0.315145595997988,0.0378758491225801
3,prec,aug,0.0550825377670143,FALSE,-0.0910839831205582,0.227665579535465
4,prec,sep,-0.00913462689769577,FALSE,-0.215094424195006,0.164807851656997
5,prec,oct,0.0488070657083667,FALSE,-0.261039874158387,0.267451622944724
6,prec,nov,-0.0375697875257927,FALSE,-0.23242153661907,0.153633984703406
7,prec,dec,0.0316070940864444,FALSE,-0.194531587164633,0.240066306976044
8,prec,JAN,-0.0916533698842943,FALSE,-0.268933212018359,0.0955131006529945
9,prec,FEB,0.0261343857289231,FALSE,-0.218361172811984,0.224905205080231
10,prec,MAR,-0.0408177086219704,FALSE,-0.23263048489332,0.193491291972606
11,prec,APR,0.131525710046194,FALSE,-0.0727024098747305,0.319862066803431
12,prec,MAY,0.0205109160061343,FALSE,-0.199425926419679,0.214681590003852
13,prec,JUN,-0.0483957668946163,FALSE,-0.225003938576123,0.136660917799778
14,prec,JUL,-0.00678684956666043,FALSE,-0.170581850047992,0.139321582834046
15,prec,AUG,-0.0196921430580946,FALSE,-0.188241156978254,0.158415865305914
16,prec,SEP,0.000435555117685414,FALSE,-0.262611351965715,0.185892517439685
17,temp,jun,-0.065369494034963,FALSE,-0.23599758405747,0.143824542254249
18,temp,jul,-0.120438792641043,FALSE,-0.386871124067879,0.12689319162966
19,temp,aug,0.0283305172331673,FALSE,-0.18213884370069,0.262191067449778
20,temp,sep,-0.00229960657759148,FALSE,-0.207697936929797,0.220423046722308
21,temp,oct,0.0468596874667868,FALSE,-0.155019539227023,0.236764783089362
22,temp,nov,-0.0659215109465726,FALSE,-0.291842727457773,0.177875683992634
23,temp,dec,-0.0832540496011256,FALSE,-0.303093860721124,0.139262186412714
24,temp,JAN,-0.00815841444465203,FALSE,-0.20095690072038,0.199880868977934
25,temp,FEB,-0.0151689019483888,FALSE,-0.229890691597411,0.194954626986964
26,temp,MAR,0.07697495315053,FALSE,-0.147434264851498,0.299012037223731
27,temp,APR,-0.152289025584766,FALSE,-0.398813848024031,0.10051657846989
28,temp,MAY,-0.0655733683001573,FALSE,-0.273573239134616,0.142689252226097
29,temp,JUN,0.148040516653692,FALSE,-0.0310523442080754,0.358375542947538
30,temp,JUL,0.162138717877761,FALSE,-0.0846954017010963,0.36047704170239
31,temp,AUG,-0.0183538277027462,FALSE,-0.236264107199827,0.186614912709299
32,temp,SEP,-0.0771489900742,FALSE,-0.28117092110015,0.106528475884655
