id,varname,month,coef,significant,ci_lower,ci_upper
1,prec,jun,0.00746707585394694,FALSE,-0.169330053836986,0.207443546619045
2,prec,jul,0.0821118854652813,FALSE,-0.0914890733352533,0.24240801490075
3,prec,aug,0.0662587416311212,FALSE,-0.107288236891837,0.2441771599405
4,prec,sep,-0.0201086323516723,FALSE,-0.240626925019769,0.202220418976203
5,prec,oct,-0.0878437066554833,FALSE,-0.292332805392217,0.0908824337412656
6,prec,nov,-0.0590852111943898,FALSE,-0.266592171879059,0.108092601698039
7,prec,dec,0.0598721153077481,FALSE,-0.178482244396673,0.275837878246975
8,prec,JAN,-0.0226101494392847,FALSE,-0.228938236801262,0.178705592718485
9,prec,FEB,0.0652086085703589,FALSE,-0.134542183886236,0.280741756324328
10,prec,MAR,-0.170160741990569,FALSE,-0.36609624970933,0.0170678492061761
11,prec,APR,-0.167884620851331,FALSE,-0.367105555329043,0.019792593820972
12,prec,MAY,0.00960956562352835,FALSE,-0.1483923421172,0.170461951635992
13,prec,JUN,0.0266334970662851,FALSE,-0.205920964127867,0.222290020564142
14,prec,JUL,-0.00625554935644975,FALSE,-0.194750499430118,0.167895406043538
15,prec,AUG,0.0121076336859734,FALSE,-0.178880994754875,0.160084490437438
16,prec,SEP,-0.01308743337419,FALSE,-0.205622451634324,0.160139658426551
17,temp,jun,-0.0115973222141287,FALSE,-0.152828378569687,0.137854256223522
18,temp,jul,-0.216768730228383,TRUE,-0.39914173742747,-0.0658415788621682
19,temp,aug,-0.150058514048201,FALSE,-0.313473412631321,0.037224372404996
20,temp,sep,-0.00608161777415614,FALSE,-0.215586696048808,0.196254310495324
21,temp,oct,0.04383109765497,FALSE,-0.165385222268765,0.262646027705855
22,temp,nov,-0.0149452422654049,FALSE,-0.210364820610824,0.182466365520904
23,temp,dec,0.0243630403831015,FALSE,-0.154242759758555,0.195316705412371
24,temp,JAN,0.0264821327118435,FALSE,-0.172111259948297,0.194185744562397
25,temp,FEB,-0.0429271226112754,FALSE,-0.221879453770643,0.120930949132642
26,temp,MAR,0.0821046437813896,FALSE,-0.149685273836024,0.286761878661422
27,temp,APR,0.19890984190252,TRUE,0.025567082540482,0.354251639423902
28,temp,MAY,0.239652718797602,TRUE,0.0768831518113328,0.391393608024407
29,temp,JUN,0.0793156143055593,FALSE,-0.0936463310671952,0.262001971212232
30,temp,JUL,-0.0176608939039358,FALSE,-0.193183247046302,0.151199590878478
31,temp,AUG,-0.124556402310938,FALSE,-0.297261153456981,0.0410253556032443
32,temp,SEP,-0.0652808167538543,FALSE,-0.255609895692322,0.110368023397584
