id,varname,month,coef,significant,ci_lower,ci_upper
1,prec,jun,0.222814788441514,TRUE,0.0200085975083238,0.411416672583265
2,prec,jul,0.130698777352344,FALSE,-0.0951935592797947,0.348570001927177
3,prec,aug,0.102230036979356,FALSE,-0.0654231390552457,0.309848341423597
4,prec,sep,0.0746440361211023,FALSE,-0.087433606680482,0.241923614796042
5,prec,oct,0.0164834645687707,FALSE,-0.193162695309024,0.228777263781496
6,prec,nov,0.133892712609803,FALSE,-0.0388832614924711,0.321974502695155
7,prec,dec,0.00165027995477621,FALSE,-0.162677093352597,0.213441467047248
8,prec,JAN,0.0394631526486383,FALSE,-0.186159900550382,0.235905792299897
9,prec,FEB,0.0103054630723821,FALSE,-0.192323003054488,0.215261051874177
10,prec,MAR,0.000254733835102568,FALSE,-0.182533985538753,0.161488371572981
11,prec,APR,0.0711402293068596,FALSE,-0.102133511646861,0.255657626638312
12,prec,MAY,0.141173535158331,FALSE,-0.0697521326741795,0.339334134622251
13,prec,JUN,0.0494808480689482,FALSE,-0.112352984303242,0.258102576995168
14,prec,JUL,0.0567281930633587,FALSE,-0.124831297689795,0.220801978538517
15,prec,AUG,-0.0393467591688308,FALSE,-0.248057266756886,0.150014088056068
16,prec,SEP,-0.014149557570985,FALSE,-0.217581370694624,0.160510734632133
17,temp,jun,-0.0278173000926307,FALSE,-0.214816273874278,0.17249342067303
18,temp,jul,-0.156501793876032,TRUE,-0.307026361583616,-0.000726116485012505
19,temp,aug,-0.0284484558314599,FALSE,-0.202626181139492,0.153672929548222
20,temp,sep,-0.0712237990182435,FALSE,-0.281876224253178,0.122662280397819
21,temp,oct,0.0566452937344329,FALSE,-0.162699420281313,0.256448976757631
22,temp,nov,0.0115475434882732,FALSE,-0.165706840730749,0.1686815490997
23,temp,dec,0.08992776870495,FALSE,-0.091867906215616,0.296277555690575
24,temp,JAN,-0.0344119109065085,FALSE,-0.210256262686581,0.134420853585078
25,temp,FEB,0.0292516076485485,FALSE,-0.200027705714775,0.251695851105386
26,temp,MAR,0.0259714999626876,FALSE,-0.200572604215083,0.292818332435253
27,temp,APR,-0.0281072405232358,FALSE,-0.208134768610362,0.143677978627585
28,temp,MAY,-0.208003067718751,TRUE,-0.386222029439758,-0.0571371041721111
29,temp,JUN,0.0148876902207924,FALSE,-0.171059607734101,0.226097113808491
30,temp,JUL,-0.0839160120497972,FALSE,-0.239189753867528,0.0776526030790526
31,temp,AUG,0.0555932284581078,FALSE,-0.138238029119045,0.259009783891959
32,temp,SEP,-0.0739315355887703,FALSE,-0.282537827500805,0.143401010564522
