id,varname,month,coef,significant,ci_lower,ci_upper
1,prec,jun,-0.106428223061983,FALSE,-0.268798759377414,0.0620145209715622
2,prec,jul,0.0320373305889819,FALSE,-0.158478856048396,0.21550398653979
3,prec,aug,0.0416350464371184,FALSE,-0.179256960036005,0.206940091712875
4,prec,sep,0.197135756304111,FALSE,-0.0121524978643073,0.399466329630189
5,prec,oct,-0.0837834879066893,FALSE,-0.242950842453206,0.0746577514006468
6,prec,nov,-0.0353681207466525,FALSE,-0.207078358669026,0.146864926327567
7,prec,dec,-0.0289594042100564,FALSE,-0.24667443580123,0.161841250276283
8,prec,JAN,0.00783808338219411,FALSE,-0.166920274405835,0.188911680892688
9,prec,FEB,0.131578974777357,FALSE,-0.127118069809787,0.346071720374455
10,prec,MAR,-0.0287873715941573,FALSE,-0.18080882417067,0.122258177509534
11,prec,APR,-0.0891688819980846,FALSE,-0.283627238140706,0.129984277555408
12,prec,MAY,-0.0449136793989961,FALSE,-0.215946290089137,0.114567831576847
13,prec,JUN,-0.082155283089828,FALSE,-0.244036232926837,0.0720650298393077
14,prec,JUL,0.159952994612677,TRUE,0.0053227291759528,0.318296839949261
15,prec,AUG,0.0120442161594406,FALSE,-0.199446646499016,0.214790251552725
16,prec,SEP,0.0931782468289849,FALSE,-0.0833614751189127,0.269154580886427
17,temp,jun,0.0877268211777244,FALSE,-0.0967275760292416,0.246079312418882
18,temp,jul,0.0833684898162004,FALSE,-0.0450440897206005,0.225179049646293
19,temp,aug,-0.0110073874742607,FALSE,-0.201737250760852,0.151567317238909
20,temp,sep,0.00672663126661505,FALSE,-0.213982890893569,0.214375899922635
21,temp,oct,0.201691301049045,TRUE,0.0305677076514101,0.385352058517057
22,temp,nov,0.0154556524562426,FALSE,-0.153560663754419,0.174592577481926
23,temp,dec,0.075622262221552,FALSE,-0.069655488583857,0.234349366422758
24,temp,JAN,0.0675990364225604,FALSE,-0.0993197654173288,0.232542402528033
25,temp,FEB,0.111895636030158,FALSE,-0.0855109949635225,0.308774366844126
26,temp,MAR,-0.0147589195599314,FALSE,-0.214953630003329,0.139982857628106
27,temp,APR,0.0606334193784903,FALSE,-0.114056713364585,0.23469132700677
28,temp,MAY,0.0334820014059728,FALSE,-0.144085597532438,0.198239625706407
29,temp,JUN,0.0383824131160718,FALSE,-0.115700518772547,0.185157012272613
30,temp,JUL,0.031066109394563,FALSE,-0.107097130058465,0.190020585681794
31,temp,AUG,-0.055593344722397,FALSE,-0.245970998351029,0.107540744896301
32,temp,SEP,0.0620569181313749,FALSE,-0.141044288161569,0.271097286804915
