id,varname,month,coef,significant,ci_lower,ci_upper
1,prec,jun,-0.023079759067934,FALSE,-0.214910058829054,0.162138856081857
2,prec,jul,0.0743568686019927,FALSE,-0.114537304151622,0.259466783846889
3,prec,aug,0.212042382887802,TRUE,0.0300696688879604,0.381110922946153
4,prec,sep,-0.097007443678094,FALSE,-0.297320129513153,0.100105882857283
5,prec,oct,-0.0609807165456333,FALSE,-0.250241762317937,0.148741778244127
6,prec,nov,0.037859737044281,FALSE,-0.151908264908046,0.228696242358593
7,prec,dec,-0.0345501903932769,FALSE,-0.235022058484626,0.178866275813983
8,prec,JAN,-0.0843706410826843,FALSE,-0.273527497532104,0.100697581177372
9,prec,FEB,0.0645021533161908,FALSE,-0.145331755915839,0.274310336123471
10,prec,MAR,-0.0545521127229633,FALSE,-0.199667409719214,0.135102891609169
11,prec,APR,-0.12993330820569,FALSE,-0.3187965043574,0.0628434757596499
12,prec,MAY,0.0893705319727336,FALSE,-0.101424927660789,0.279765249891921
13,prec,JUN,-0.0335893528366731,FALSE,-0.292634714304959,0.198826127217605
14,prec,JUL,0.150410619513477,FALSE,-0.049433970902572,0.362695540674987
15,prec,AUG,-0.0279926523712694,FALSE,-0.230747712777761,0.17292529710424
16,prec,SEP,-0.102801184599303,FALSE,-0.304427419114905,0.0867776750620526
17,temp,jun,-0.0229856361421137,FALSE,-0.201075189596123,0.156843982254883
18,temp,jul,0.0136052455718037,FALSE,-0.170856620685829,0.203530487883616
19,temp,aug,-0.252183711206509,TRUE,-0.418071679368098,-0.0951417185082864
20,temp,sep,-0.0783067038815252,FALSE,-0.316365300530835,0.120149558169663
21,temp,oct,0.0774653052414269,FALSE,-0.11763523610595,0.289842605855514
22,temp,nov,0.0857876221347183,FALSE,-0.101158342357495,0.299414901645124
23,temp,dec,-0.00701196257174406,FALSE,-0.197406865997405,0.201027127468643
24,temp,JAN,0.13159759955345,FALSE,-0.0552253959568023,0.320756603387535
25,temp,FEB,-0.0509155286875098,FALSE,-0.23066220683549,0.115256070875024
26,temp,MAR,0.0893547173837534,FALSE,-0.0518541202970422,0.271728022845923
27,temp,APR,0.0803382684924344,FALSE,-0.104010259889498,0.286924768392083
28,temp,MAY,-0.0421966111559021,FALSE,-0.23545214303345,0.157018842980392
29,temp,JUN,-0.0882870158230291,FALSE,-0.293588565995229,0.117208352793624
30,temp,JUL,0.0876699085525239,FALSE,-0.0965227113392321,0.25986349319287
31,temp,AUG,0.0338055980053428,FALSE,-0.166691882496039,0.226194205140024
32,temp,SEP,-0.00842157112391825,FALSE,-0.209567267667635,0.149159001866344
