id,varname,month,coef,significant,ci_lower,ci_upper
1,prec,jun,0.0367165749486974,FALSE,-0.12441917003201,0.199498067032368
2,prec,jul,0.10258473111928,FALSE,-0.0486721794758404,0.255795357476232
3,prec,aug,0.188541863446455,TRUE,0.0338276662675536,0.315221733282336
4,prec,sep,0.134365310741082,FALSE,-0.00563853795126723,0.273356816387359
5,prec,oct,0.143560797112276,FALSE,-0.0198649224115034,0.267416401915998
6,prec,nov,0.15581281355165,TRUE,0.00753976041815773,0.293658684305799
7,prec,dec,-0.0323314262359602,FALSE,-0.228101182877531,0.124998856825211
8,prec,JAN,0.12824107975892,FALSE,-0.044125182141096,0.29028817002212
9,prec,FEB,0.0713525357613247,FALSE,-0.120186104676405,0.219176579854135
10,prec,MAR,-0.0048347031167314,FALSE,-0.187953176766876,0.160556578361582
11,prec,APR,0.145298459873222,FALSE,-0.0116121339596345,0.304136554649324
12,prec,MAY,0.235458387495892,TRUE,0.0786106473501352,0.395519312599018
13,prec,JUN,0.172009041313745,FALSE,-0.00608731339830188,0.362091099025841
14,prec,JUL,0.252880234565307,TRUE,0.0987712949595147,0.392543239558351
15,prec,AUG,0.051352192619765,FALSE,-0.0977281018024112,0.212782516509878
16,prec,SEP,0.0609034253707383,FALSE,-0.100977973729247,0.221490931895746
17,temp,jun,0.0586314439579299,FALSE,-0.0904441515977098,0.22259706690871
18,temp,jul,-0.00813430610537404,FALSE,-0.164177954160037,0.146241943895024
19,temp,aug,-0.0668227170340667,FALSE,-0.194553039010588,0.0679905098785454
20,temp,sep,-0.133121570643282,FALSE,-0.280729832002925,-0.00529034828046523
21,temp,oct,-0.012554865051967,FALSE,-0.164105240948926,0.182482615151427
22,temp,nov,0.052202227550952,FALSE,-0.0928109068564131,0.224205889859257
23,temp,dec,0.0609736227547166,FALSE,-0.0927272864608431,0.213651404998646
24,temp,JAN,-0.0338664187002299,FALSE,-0.184425309200548,0.140255164262346
25,temp,FEB,0.116596237841567,FALSE,-0.0507763807500813,0.275623783504206
26,temp,MAR,-0.126513905102504,FALSE,-0.312434828358441,0.019736361245867
27,temp,APR,0.0968325309972965,FALSE,-0.0658300795274169,0.268655183841743
28,temp,MAY,-0.0081068116510918,FALSE,-0.1541882945178,0.13019293263414
29,temp,JUN,-0.0600415828051944,FALSE,-0.212710827332822,0.0782850982957767
30,temp,JUL,-0.0483972935873355,FALSE,-0.239159879714196,0.121314682334053
31,temp,AUG,-0.0159145191725941,FALSE,-0.213675864755201,0.154419541732548
32,temp,SEP,0.0361131168785073,FALSE,-0.129046651303769,0.199725220862194
