id,varname,month,coef,significant,ci_lower,ci_upper
1,prec,jun,-0.0102903174926453,FALSE,-0.164359399017456,0.1707283977782
2,prec,jul,-0.027760653492081,FALSE,-0.203587693903691,0.167464954208495
3,prec,aug,0.045136456321004,FALSE,-0.157160376515829,0.261397817571935
4,prec,sep,-0.0234196022315935,FALSE,-0.20005201244351,0.159753280735192
5,prec,oct,0.0612134020086974,FALSE,-0.118432096904253,0.273833469644031
6,prec,nov,-0.0267042632953743,FALSE,-0.192114969014032,0.146723145033584
7,prec,dec,-0.0302889832121272,FALSE,-0.202704238266446,0.18173493527179
8,prec,JAN,-0.207042324752596,TRUE,-0.390539959872097,-0.0342019213713048
9,prec,FEB,0.0770201462206231,FALSE,-0.110721274144188,0.245860383093663
10,prec,MAR,0.0134026121477571,FALSE,-0.163840424728895,0.19416144837882
11,prec,APR,-0.0293085465795292,FALSE,-0.213485364943418,0.141884197745153
12,prec,MAY,0.163706070487115,FALSE,-0.00715020141276453,0.344315394353244
13,prec,JUN,-0.11765807400827,FALSE,-0.28596839065013,0.0678436103331366
14,prec,JUL,-0.0485444067767252,FALSE,-0.204031541976819,0.154562782756173
15,prec,AUG,0.0657279493596354,FALSE,-0.120867863390543,0.264476168362825
16,prec,SEP,0.0101264041932072,FALSE,-0.180096177666688,0.202428311491486
17,temp,jun,-0.140502966394308,FALSE,-0.352253358695892,0.0471253365265843
18,temp,jul,-0.105864959475868,FALSE,-0.332266018284416,0.112718401216829
19,temp,aug,-0.235309061062942,TRUE,-0.442373943283143,-0.0309151041931828
20,temp,sep,0.184421704718194,TRUE,0.0188975136668103,0.35789448202286
21,temp,oct,0.116050480298815,FALSE,-0.0861147655800697,0.314951432823501
22,temp,nov,-0.141749645265999,FALSE,-0.370731342300925,0.0864372760674946
23,temp,dec,-0.0151695644791042,FALSE,-0.216848168735367,0.192434929773063
24,temp,JAN,-0.0385873066887524,FALSE,-0.2386854577067,0.138461494628453
25,temp,FEB,-0.063139493458287,FALSE,-0.264073216571235,0.106412257105309
26,temp,MAR,-0.014732062001319,FALSE,-0.179633775029956,0.172526797295988
27,temp,APR,0.0312325202451357,FALSE,-0.151620451957282,0.207664943518173
28,temp,MAY,-0.0571110127197262,FALSE,-0.274725115621284,0.129258056313079
29,temp,JUN,0.152705154976839,FALSE,-0.000887598780086847,0.341596593154571
30,temp,JUL,0.196992481381587,FALSE,-0.0142307250663705,0.411022145859562
31,temp,AUG,0.17988492861059,FALSE,-0.0269122204979735,0.397503925477431
32,temp,SEP,0.0207866803154881,FALSE,-0.195631218276949,0.255313401499459
