id,varname,month,coef,significant,ci_lower,ci_upper
1,prec,jun,0.107683162861204,FALSE,-0.100958212273513,0.279707496329226
2,prec,jul,0.0769619291904828,FALSE,-0.0907192572613911,0.247320163709683
3,prec,aug,0.1279434876691,FALSE,-0.0792302808854555,0.33053327626996
4,prec,sep,0.116250776901073,FALSE,-0.0446059190018785,0.278466952950148
5,prec,oct,0.0176670921685103,FALSE,-0.172716460166404,0.194626957858842
6,prec,nov,0.249625062145467,TRUE,0.0662939039232544,0.447311698198704
7,prec,dec,0.149808511932101,FALSE,-0.0326283701005253,0.358675553992273
8,prec,JAN,-0.0220985895711824,FALSE,-0.249085303901054,0.181176978359328
9,prec,FEB,0.200475265749773,TRUE,0.017952289190717,0.396676057608171
10,prec,MAR,0.0594252286462129,FALSE,-0.109627157874351,0.248682327577386
11,prec,APR,0.116014448301297,FALSE,-0.116533076133874,0.29834506893578
12,prec,MAY,0.220080426002121,TRUE,0.0140643311557479,0.422428135745687
13,prec,JUN,0.211633663722479,TRUE,0.0305340106190901,0.421958527702974
14,prec,JUL,0.00635964164855514,FALSE,-0.194761222292102,0.220048298099126
15,prec,AUG,0.0432082957952537,FALSE,-0.160011082380766,0.223862813554476
16,prec,SEP,-0.0399153286291869,FALSE,-0.214615230667924,0.145249165925183
17,temp,jun,0.0846539121005655,FALSE,-0.1092600510752,0.265419699401103
18,temp,jul,-0.083798803331522,FALSE,-0.249659777179425,0.0651214267337574
19,temp,aug,-0.0161259673039632,FALSE,-0.197543898143286,0.169184659680051
20,temp,sep,-0.0682938501425609,FALSE,-0.259484444743977,0.112441217766611
21,temp,oct,0.079107906615806,FALSE,-0.124055723475121,0.259833965346349
22,temp,nov,0.0676747151976002,FALSE,-0.105507465718239,0.264243858594345
23,temp,dec,-0.0511671838503596,FALSE,-0.247191560997673,0.129523252769383
24,temp,JAN,-0.0576547599068365,FALSE,-0.217805836380402,0.142602386118615
25,temp,FEB,0.0819158438471633,FALSE,-0.137656080508511,0.268680516716965
26,temp,MAR,-0.141812120083189,FALSE,-0.324106888308495,0.0649979896079633
27,temp,APR,0.0139991197919533,FALSE,-0.173679030697693,0.181354206463401
28,temp,MAY,-0.162458003556312,FALSE,-0.385180359401132,0.0400824268921215
29,temp,JUN,-0.0290839424668169,FALSE,-0.218636496587974,0.150944141275731
30,temp,JUL,0.0610880058896199,FALSE,-0.147839182149235,0.248187220650259
31,temp,AUG,-0.100502963303164,FALSE,-0.301166315316608,0.0793831876792658
32,temp,SEP,-0.0264304763552401,FALSE,-0.204957705446509,0.143409958714632
