id,varname,month,coef,significant,ci_lower,ci_upper
1,prec,jun,0.212371759872241,TRUE,0.0442154290877118,0.391283751620303
2,prec,jul,0.0839650383539476,FALSE,-0.0994937385614639,0.275430073923863
3,prec,aug,0.17565915202618,FALSE,-0.0104816963214575,0.339004085506018
4,prec,sep,0.0870893184598304,FALSE,-0.0671271683835878,0.240863111010477
5,prec,oct,-0.0340994496541378,FALSE,-0.207154736544101,0.163947354039033
6,prec,nov,0.0842507444815586,FALSE,-0.0839405702970687,0.253870389778851
7,prec,dec,0.00119765736422071,FALSE,-0.145919232751852,0.167879445310858
8,prec,JAN,0.0736555178699128,FALSE,-0.101039313457058,0.230969698396325
9,prec,FEB,0.101082364112404,FALSE,-0.0527041827403173,0.28372558530673
10,prec,MAR,0.0490141549262517,FALSE,-0.124655035672815,0.21834364707205
11,prec,APR,0.0218844474416739,FALSE,-0.158633407408188,0.220800854163877
12,prec,MAY,-0.0358424710613956,FALSE,-0.220504314606856,0.167607124255786
13,prec,JUN,0.188389735542937,TRUE,0.0313889850433941,0.371489593472735
14,prec,JUL,-0.0460242038023054,FALSE,-0.245034092871141,0.141396943732876
15,prec,AUG,0.110411555175717,FALSE,-0.0571709044485256,0.287211722208095
16,prec,SEP,0.0641849379827703,FALSE,-0.0997175438244876,0.230005283508514
17,temp,jun,-0.0446064082974608,FALSE,-0.211122203015385,0.122336692735029
18,temp,jul,-0.00028963347509115,FALSE,-0.190797185073705,0.16624206493805
19,temp,aug,0.0257169726917965,FALSE,-0.157749374803393,0.229246354524818
20,temp,sep,-0.115666467550404,FALSE,-0.289827066485496,0.0732756461979309
21,temp,oct,-0.119061949749733,FALSE,-0.275959319345219,0.0377963325167062
22,temp,nov,-0.101755284357779,FALSE,-0.262283678130848,0.0584236795639626
23,temp,dec,0.0280894970632126,FALSE,-0.138986370381578,0.202395056055188
24,temp,JAN,0.0668617592013234,FALSE,-0.108766407294306,0.273539729604939
25,temp,FEB,0.0322999858832858,FALSE,-0.136310379704832,0.193205612978987
26,temp,MAR,-0.12957411271943,FALSE,-0.325220342457671,0.0722815286578573
27,temp,APR,0.0274024620788061,FALSE,-0.141994055411699,0.17570351213392
28,temp,MAY,-0.158257314428428,FALSE,-0.36742179027866,0.0429116321273775
29,temp,JUN,-0.130203626175532,FALSE,-0.310080134919337,0.0238789482365935
30,temp,JUL,0.0387466879405552,FALSE,-0.0937520718067595,0.187660258662711
31,temp,AUG,0.0272652041644169,FALSE,-0.147557027620412,0.20679235332135
32,temp,SEP,-0.0621462912732238,FALSE,-0.215510222133636,0.0931822777996954
