id,varname,month,coef,significant,ci_lower,ci_upper
1,prec,jun,0.0354584843696752,FALSE,-0.145460427551029,0.204624299060776
2,prec,jul,0.074634452704652,FALSE,-0.113161511161876,0.283400244004856
3,prec,aug,0.0481089832876696,FALSE,-0.119884497056026,0.244126515651801
4,prec,sep,0.201744547295994,FALSE,-0.0115108321529763,0.390553940929958
5,prec,oct,-0.0896338000765805,FALSE,-0.284310172892431,0.0778967552155146
6,prec,nov,0.0757237588876479,FALSE,-0.0836399864643596,0.227298881161518
7,prec,dec,-0.053315005486174,FALSE,-0.231305490922436,0.123140568693508
8,prec,JAN,-0.0859305866711824,FALSE,-0.258405385629532,0.0769620079198505
9,prec,FEB,0.0172121826929491,FALSE,-0.197520904202152,0.234751541806665
10,prec,MAR,-0.0852469818226461,FALSE,-0.234913822335116,0.0707383229086016
11,prec,APR,-0.0536689923801747,FALSE,-0.218305327399433,0.115861522994959
12,prec,MAY,-0.203997718352723,TRUE,-0.384959604036116,-0.00302268060937889
13,prec,JUN,0.0261809627437883,FALSE,-0.13091335112781,0.213758565326922
14,prec,JUL,-0.0900402529565212,FALSE,-0.27690616406905,0.115631047422247
15,prec,AUG,0.0964190564196946,FALSE,-0.066625519862673,0.260692775338412
16,prec,SEP,0.0432901510829721,FALSE,-0.157016506507742,0.201557212075825
17,temp,jun,-0.179931609712189,FALSE,-0.387225691954017,0.033175651467589
18,temp,jul,-0.0483212117016145,FALSE,-0.228853574063867,0.159363990759393
19,temp,aug,-0.0688021058905878,FALSE,-0.23729336394618,0.0875391919703766
20,temp,sep,0.127482050215541,FALSE,-0.0153646418315309,0.294491962514406
21,temp,oct,-0.0624271290527572,FALSE,-0.267633084757116,0.114009645925558
22,temp,nov,0.0840197967196805,FALSE,-0.0801754583802039,0.254949022539983
23,temp,dec,0.0661042695367709,FALSE,-0.113607938892943,0.257678139737993
24,temp,JAN,0.0978090441770397,FALSE,-0.108813868910547,0.287846717606836
25,temp,FEB,0.0499129945537215,FALSE,-0.128367587293909,0.207899128144965
26,temp,MAR,0.0823672979937347,FALSE,-0.103904717607176,0.266537100022411
27,temp,APR,0.194798089954852,TRUE,0.0271046373571057,0.380874674962321
28,temp,MAY,-0.0332849205709593,FALSE,-0.250806691400191,0.175285840518286
29,temp,JUN,-0.112043535302101,FALSE,-0.286692385791309,0.0839546550170925
30,temp,JUL,0.0677438778332364,FALSE,-0.0990134149634158,0.250289721306228
31,temp,AUG,0.0318979454290848,FALSE,-0.160992974952751,0.214352730097216
32,temp,SEP,0.14422101761226,FALSE,-0.0541379313909559,0.306011390112981
