id,varname,month,coef,significant,ci_lower,ci_upper
1,prec,jun,0.175722332815275,FALSE,-0.0189422577172755,0.354839198284293
2,prec,jul,0.143562034004999,FALSE,-0.051623803636415,0.325037888188775
3,prec,aug,0.014564110872028,FALSE,-0.150990661072456,0.169060612556784
4,prec,sep,0.160741788046252,FALSE,-0.00952544423262163,0.336998086019265
5,prec,oct,0.0284566640134016,FALSE,-0.125811187706637,0.202395398461742
6,prec,nov,0.103627765072721,FALSE,-0.0691601505385018,0.301552925613754
7,prec,dec,0.0538222576919182,FALSE,-0.101748513408649,0.240342196940341
8,prec,JAN,0.0742600759692958,FALSE,-0.0938538767339192,0.25641822730207
9,prec,FEB,0.179959362558881,FALSE,-0.0010812155331665,0.365144738145591
10,prec,MAR,-0.0658664024211783,FALSE,-0.221588022262748,0.118292005481493
11,prec,APR,0.0620584083579795,FALSE,-0.0907733275497092,0.228013464133888
12,prec,MAY,0.27190061125067,TRUE,0.083946236490111,0.463992657784466
13,prec,JUN,0.0975484041304072,FALSE,-0.0763062632062071,0.264953586680414
14,prec,JUL,0.0267345498632233,FALSE,-0.137152281505438,0.18833405312608
15,prec,AUG,-0.0546371162826498,FALSE,-0.211644178471606,0.104771449918484
16,prec,SEP,-0.143313556378689,FALSE,-0.334923362308696,0.0344192528504211
17,temp,jun,-0.13813849701236,FALSE,-0.311753413970254,0.0362608688679786
18,temp,jul,-0.00622246409390905,FALSE,-0.203067086619315,0.182698374093023
19,temp,aug,-0.0422552894731488,FALSE,-0.214584065527815,0.0940798172587837
20,temp,sep,-0.0801489290410278,FALSE,-0.249741013805948,0.106108357353559
21,temp,oct,0.00681887978149016,FALSE,-0.17827119914517,0.175387441652465
22,temp,nov,-0.043392479397208,FALSE,-0.192191158934935,0.144500040255182
23,temp,dec,0.150092223020929,FALSE,-0.0142514412512882,0.331392978890682
24,temp,JAN,-0.094035025998531,FALSE,-0.292320551989623,0.105651883567959
25,temp,FEB,-0.0377617857716758,FALSE,-0.230023748710615,0.150345669353134
26,temp,MAR,-0.319809637899768,TRUE,-0.486997566378296,-0.145538412608472
27,temp,APR,0.0207881309852186,FALSE,-0.145025248903419,0.192561108426808
28,temp,MAY,0.0475483754099612,FALSE,-0.13791790639271,0.24160440043079
29,temp,JUN,-0.114003061005269,FALSE,-0.309213923190003,0.0511364488800118
30,temp,JUL,0.0247780807423245,FALSE,-0.157427549558351,0.231548572477702
31,temp,AUG,0.0482607542701063,FALSE,-0.126586446574381,0.202921834253703
32,temp,SEP,0.0125132850654709,FALSE,-0.175111465138399,0.177283710578351
