id,varname,month,coef,significant,ci_lower,ci_upper
1,prec,jun,0.0627308347798959,FALSE,-0.147011354787488,0.211067608637059
2,prec,jul,0.0210226389292785,FALSE,-0.119960149447724,0.179850590984805
3,prec,aug,0.0557553173326811,FALSE,-0.106309805375707,0.235726442015554
4,prec,sep,-0.0227794547698785,FALSE,-0.181178473161038,0.134339002417632
5,prec,oct,-0.0935844139200248,FALSE,-0.267024069276337,0.0731935105960019
6,prec,nov,0.0575867126297948,FALSE,-0.142253243163012,0.234430612892604
7,prec,dec,-0.131911056474111,FALSE,-0.280351880096459,0.0183082366354154
8,prec,JAN,-0.0053452536253179,FALSE,-0.193277839160563,0.178393125330278
9,prec,FEB,0.0117756392937029,FALSE,-0.159792162589084,0.194197605081973
10,prec,MAR,-0.011022882827316,FALSE,-0.175685611675406,0.150304185658139
11,prec,APR,-0.0657921072189852,FALSE,-0.254327367348432,0.128711003474675
12,prec,MAY,0.148632611476519,FALSE,-0.0517704426588533,0.35223206713385
13,prec,JUN,0.0326206294489875,FALSE,-0.149691488442029,0.187636199648222
14,prec,JUL,0.046005385114135,FALSE,-0.127029969572293,0.25185069781187
15,prec,AUG,-0.0134515271055096,FALSE,-0.193981702943439,0.180731270028269
16,prec,SEP,-0.161063624183311,FALSE,-0.333035354479112,0.0277509416074549
17,temp,jun,0.0431707117022341,FALSE,-0.13822281532733,0.219997363587975
18,temp,jul,0.0176101022904755,FALSE,-0.160579609596137,0.185697509783412
19,temp,aug,-0.0411429399130668,FALSE,-0.222979148491602,0.139775914908599
20,temp,sep,0.0440697620947179,FALSE,-0.141672109646707,0.240325900022546
21,temp,oct,0.168236805748231,FALSE,-0.01633796682892,0.329102567198455
22,temp,nov,0.0178635166499627,FALSE,-0.144498769152829,0.1648717354612
23,temp,dec,-0.0949958973142047,FALSE,-0.251871348265351,0.0717608244058346
24,temp,JAN,-0.0563753817561093,FALSE,-0.236994379606942,0.13424050342271
25,temp,FEB,-0.0597287211940001,FALSE,-0.230976621289672,0.124295318437197
26,temp,MAR,0.0120313552787303,FALSE,-0.151476013332286,0.173471592105812
27,temp,APR,-0.0286310835848889,FALSE,-0.186666336775825,0.114326852899824
28,temp,MAY,0.0351489401715483,FALSE,-0.132563484584644,0.184129790426795
29,temp,JUN,-0.0956719359162861,FALSE,-0.302709981758979,0.126147642976848
30,temp,JUL,-0.084299652891923,FALSE,-0.257417131899086,0.0674194079726674
31,temp,AUG,0.0138584753341126,FALSE,-0.158245651834429,0.182238719811351
32,temp,SEP,0.0141676055475416,FALSE,-0.188012693228076,0.166806426383394
