id,varname,month,coef,significant,ci_lower,ci_upper
1,prec,jun,0.0111907774778146,FALSE,-0.166018039646007,0.206963022739192
2,prec,jul,0.0833937469334239,FALSE,-0.107748936686351,0.249394441335749
3,prec,aug,0.172392695466623,FALSE,-0.082578284014358,0.381182046453568
4,prec,sep,-0.0162183598695753,FALSE,-0.189537840606974,0.162606097835196
5,prec,oct,0.0598770228922122,FALSE,-0.112410366249535,0.227432117423336
6,prec,nov,0.220772807714807,TRUE,0.0432629774355968,0.410689264820696
7,prec,dec,0.0889316613976256,FALSE,-0.11564186774934,0.259224862833754
8,prec,JAN,-0.016260584930491,FALSE,-0.185426200220843,0.189762349896871
9,prec,FEB,0.105198784723225,FALSE,-0.147611415772799,0.319980585169548
10,prec,MAR,0.0460883631570994,FALSE,-0.149672894394288,0.244901646987091
11,prec,APR,0.100236454114917,FALSE,-0.123383936933571,0.290632868353914
12,prec,MAY,-0.000581973496040352,FALSE,-0.210096951964892,0.24164761978575
13,prec,JUN,0.00539825054651377,FALSE,-0.217812286054951,0.193653586566123
14,prec,JUL,0.0165936303251484,FALSE,-0.194493922099821,0.229761177526018
15,prec,AUG,0.165380839590959,FALSE,-0.00299187724048714,0.357797517948662
16,prec,SEP,-0.051153002956336,FALSE,-0.231988975275877,0.136541658373224
17,temp,jun,0.138189892354639,FALSE,-0.135679875136629,0.318652484212643
18,temp,jul,-0.0117996338510947,FALSE,-0.226093364025384,0.195002338485731
19,temp,aug,0.0573039463759664,FALSE,-0.142193461465053,0.238621071274473
20,temp,sep,-0.0291329693886622,FALSE,-0.215808975710918,0.170474035120422
21,temp,oct,0.193605972518599,TRUE,0.00241926938772086,0.367296476374735
22,temp,nov,0.0388199687793479,FALSE,-0.151211842706083,0.211545402819302
23,temp,dec,0.0428059784053815,FALSE,-0.154973326242736,0.271405776461361
24,temp,JAN,0.0945293714384343,FALSE,-0.0771042664936122,0.252301733692979
25,temp,FEB,-0.0803988557055282,FALSE,-0.289655619549752,0.125727562231059
26,temp,MAR,-0.0301001652390585,FALSE,-0.199836423616394,0.148474173394402
27,temp,APR,0.0184011933556153,FALSE,-0.234666814670819,0.228338063983245
28,temp,MAY,0.102547439519044,FALSE,-0.0880949782737591,0.277639680151582
29,temp,JUN,-0.0638953804091962,FALSE,-0.269672172986688,0.126229281909025
30,temp,JUL,0.0788532116275497,FALSE,-0.133754707310948,0.254134951259991
31,temp,AUG,-0.105360759975013,FALSE,-0.306731097290224,0.116559713792721
32,temp,SEP,-0.0608121700701595,FALSE,-0.268743006328213,0.171245999998423
