id,varname,month,coef,significant,ci_lower,ci_upper
1,prec,jun,0.133069542477851,FALSE,-0.0414305274740157,0.276094918942473
2,prec,jul,-0.00612382605943684,FALSE,-0.170637020685917,0.1644658864464
3,prec,aug,0.0648775009896662,FALSE,-0.0807616789866405,0.196664343759204
4,prec,sep,0.1429319703577,FALSE,-0.0121178068756183,0.309664845014517
5,prec,oct,0.134919466078156,FALSE,-0.0532071777087284,0.308915565719564
6,prec,nov,0.00491825855555422,FALSE,-0.136915984608247,0.148172158524721
7,prec,dec,-0.0375849939984379,FALSE,-0.176234436856877,0.105572816076388
8,prec,JAN,-0.0214338183091547,FALSE,-0.158908259716724,0.146914043689579
9,prec,FEB,-0.0527013847968497,FALSE,-0.191521096520922,0.0817761139071844
10,prec,MAR,0.00755062127411945,FALSE,-0.137321769042668,0.153352649505178
11,prec,APR,0.130699642978248,FALSE,-0.0207226663416873,0.327547647113979
12,prec,MAY,0.191553479879312,TRUE,0.0386939734285054,0.329329197155159
13,prec,JUN,0.13707214094069,FALSE,-0.0341159522693458,0.318612155696196
14,prec,JUL,-0.148003278924324,FALSE,-0.290881727903529,0.00406715438854718
15,prec,AUG,-0.0172390914399024,FALSE,-0.141060979720824,0.125088076035008
16,prec,SEP,-0.0560794839912591,FALSE,-0.20980784513451,0.0983867761711565
17,temp,jun,-0.0578397130441299,FALSE,-0.222698507699423,0.134861598712314
18,temp,jul,0.0380902728477108,FALSE,-0.124847694056945,0.218720479089504
19,temp,aug,-0.0752734013680326,FALSE,-0.221588689826064,0.0606664060094206
20,temp,sep,0.0391939576281642,FALSE,-0.122331667027758,0.181024920567211
21,temp,oct,-0.0182865815582741,FALSE,-0.166879207165705,0.124864176998281
22,temp,nov,0.0762815618748093,FALSE,-0.0809268248917596,0.225289460265729
23,temp,dec,0.144217693212453,FALSE,-0.0421080767235509,0.311647924054455
24,temp,JAN,0.12285520172849,FALSE,-0.037004173257604,0.288920568340484
25,temp,FEB,0.182959519410173,TRUE,0.0276783957826626,0.332789014183807
26,temp,MAR,0.0059290519403035,FALSE,-0.161025943710762,0.181380972197493
27,temp,APR,-0.0533637764633417,FALSE,-0.20893110864284,0.0900870554328851
28,temp,MAY,-0.133342297292422,FALSE,-0.297045423832383,0.0254388877953702
29,temp,JUN,-0.132543280260459,FALSE,-0.27127230749985,0.00523533359134821
30,temp,JUL,-0.0382508762678719,FALSE,-0.182660837898121,0.110124515887349
31,temp,AUG,-0.0531057928646603,FALSE,-0.202489086126509,0.0903952785490824
32,temp,SEP,0.0708821292132348,FALSE,-0.0659239069705994,0.228147059696887
