id,varname,month,coef,significant,ci_lower,ci_upper
1,prec,jun,-0.0871345253248813,FALSE,-0.258946097783351,0.0935749014377725
2,prec,jul,0.102024215712573,FALSE,-0.0945619058900569,0.317135675215677
3,prec,aug,0.0850412882876179,FALSE,-0.056975292597462,0.23911049168319
4,prec,sep,0.0324584387413678,FALSE,-0.114043332773993,0.187114396014147
5,prec,oct,0.0526519852267046,FALSE,-0.110233176523451,0.205043155204477
6,prec,nov,-0.0942567954631447,FALSE,-0.282170310115269,0.127540944072362
7,prec,dec,0.115580927496951,FALSE,-0.0393535482217365,0.263944761289805
8,prec,JAN,0.00895093891209664,FALSE,-0.172475627208854,0.178497728193787
9,prec,FEB,0.0388778857915728,FALSE,-0.122615421215105,0.197731798602355
10,prec,MAR,-0.041074400513247,FALSE,-0.230405882410598,0.125912655366995
11,prec,APR,0.0274479509394731,FALSE,-0.138367278570808,0.199892540521019
12,prec,MAY,0.150309541689627,FALSE,0.00724215119947053,0.318534629884917
13,prec,JUN,0.19665234633636,TRUE,0.0441646943687958,0.32177122863945
14,prec,JUL,0.0978579533976203,FALSE,-0.0692150540446252,0.2499977818482
15,prec,AUG,0.0269410971873685,FALSE,-0.13807831617648,0.177568536804012
16,prec,SEP,0.0652978646544837,FALSE,-0.120103985809548,0.249037290259385
17,temp,jun,-0.0265376137551311,FALSE,-0.169612869859162,0.123503056722362
18,temp,jul,0.0123878281322098,FALSE,-0.149640654153265,0.211144121458426
19,temp,aug,-0.0794494828587209,FALSE,-0.246001056059193,0.0751566759728775
20,temp,sep,0.0638535554676138,FALSE,-0.100896206049445,0.23090314018743
21,temp,oct,0.00505620351861388,FALSE,-0.168383111817262,0.168548408004666
22,temp,nov,0.04250914251559,FALSE,-0.139181484328062,0.212244449669794
23,temp,dec,-0.0761033872694965,FALSE,-0.275781652293006,0.0729943005573392
24,temp,JAN,-0.0710167467621068,FALSE,-0.241541034800196,0.0867782998316196
25,temp,FEB,0.0688640456978521,FALSE,-0.123677919157234,0.250205753667899
26,temp,MAR,-0.0684763881396974,FALSE,-0.253419834793437,0.0882161774450015
27,temp,APR,0.138331520615963,FALSE,-0.048035213491078,0.329891259565934
28,temp,MAY,-0.0783156047565767,FALSE,-0.244144802068105,0.131109707784192
29,temp,JUN,-0.211396518974777,TRUE,-0.337893295729643,-0.0819622893516552
30,temp,JUL,-0.0672712206741141,FALSE,-0.211589776564052,0.0883459315010661
31,temp,AUG,-0.0265349651665685,FALSE,-0.200966473107402,0.135613288535181
32,temp,SEP,-0.0848265287216195,FALSE,-0.259217411939882,0.0950636831908604
