id,varname,month,coef,significant,ci_lower,ci_upper
1,prec,jun,-0.0328455986399475,FALSE,-0.167017403221869,0.127282608484627
2,prec,jul,0.242630900510167,TRUE,0.0810732671987626,0.408567737527226
3,prec,aug,0.0467701988952747,FALSE,-0.110607203203691,0.198527445847732
4,prec,sep,0.00189355895082412,FALSE,-0.157624801146708,0.14919675698729
5,prec,oct,0.144190098355669,TRUE,0.0131999415602091,0.28047582200646
6,prec,nov,0.107320550350367,FALSE,-0.0151221754075612,0.235907365891599
7,prec,dec,0.172920854468651,TRUE,0.0549157956150575,0.309952811960673
8,prec,JAN,0.177235280262319,TRUE,0.0220485490239411,0.338031205973786
9,prec,FEB,-0.00041274575488365,FALSE,-0.138128988999326,0.138013239830432
10,prec,MAR,0.0211245850054548,FALSE,-0.0892030132342591,0.164701509930022
11,prec,APR,-0.0235122280952692,FALSE,-0.169423696234803,0.108205477151997
12,prec,MAY,0.12325964099568,FALSE,-0.0129382515827116,0.245991823312537
13,prec,JUN,0.135514423089415,FALSE,-0.0180940995595421,0.28505888785614
14,prec,JUL,0.14113194036924,TRUE,0.00185576538873944,0.269029758360709
15,prec,AUG,-0.0510674013913917,FALSE,-0.192715956072128,0.102000111732158
16,prec,SEP,-0.15029648801927,FALSE,-0.316563688406358,0.00701552846923869
17,temp,jun,0.0715576930398029,FALSE,-0.0797397097728166,0.207365870575433
18,temp,jul,-0.019984747490055,FALSE,-0.13345047651551,0.129199199187722
19,temp,aug,-0.151983558698832,FALSE,-0.316221670196506,-0.00489741811266464
20,temp,sep,-0.00778866902216134,FALSE,-0.149234473463939,0.124749261189661
21,temp,oct,-0.212747477327145,TRUE,-0.36226568549438,-0.0628098737673647
22,temp,nov,-0.0931951935646758,FALSE,-0.244445008369795,0.0617347614545525
23,temp,dec,-0.0151254683808385,FALSE,-0.165329805812614,0.126838676371991
24,temp,JAN,-0.0863078713930706,FALSE,-0.221108283608101,0.0481718171444065
25,temp,FEB,-0.0623325482811717,FALSE,-0.221772487311736,0.0739951274504979
26,temp,MAR,-0.0311459623094679,FALSE,-0.184275465713351,0.118673995979404
27,temp,APR,-0.165374210613653,FALSE,-0.358260265323356,0.0311782258892699
28,temp,MAY,-0.00404051923950527,FALSE,-0.155015118139899,0.129787275187785
29,temp,JUN,-0.0704481565009748,FALSE,-0.194022075764902,0.064110434633161
30,temp,JUL,-0.00991641916223611,FALSE,-0.159836146162549,0.124792106856375
31,temp,AUG,-0.125538984600962,FALSE,-0.261272312551816,0.0102354417677501
32,temp,SEP,0.013462606309943,FALSE,-0.124704949121893,0.134811142582117
