id,varname,month,coef,significant,ci_lower,ci_upper
1,prec,jun,0.0773761016311431,FALSE,-0.105984111114263,0.238924197995856
2,prec,jul,-0.0857593597710646,FALSE,-0.25658152911489,0.0920786390750073
3,prec,aug,0.0706337619394286,FALSE,-0.137982992848393,0.284712590553879
4,prec,sep,0.0890426061262064,FALSE,-0.0947446258866257,0.299741805536482
5,prec,oct,0.256908236050132,TRUE,0.0690142126306126,0.455578418511982
6,prec,nov,0.112578790037798,FALSE,-0.125431934672284,0.309583746291736
7,prec,dec,0.144675369771008,FALSE,-0.0410362583302085,0.324214959761718
8,prec,JAN,0.0360212542362533,FALSE,-0.154929811397408,0.220192389909781
9,prec,FEB,0.0379728157187,FALSE,-0.136054323361911,0.224467382551525
10,prec,MAR,0.0432257640864425,FALSE,-0.163459288450631,0.224644398452068
11,prec,APR,0.0997432662307414,FALSE,-0.0757482600726463,0.296045332149475
12,prec,MAY,0.0829922486423933,FALSE,-0.120517342007229,0.289784614960512
13,prec,JUN,0.2857285016852,TRUE,0.00978135819675893,0.495729362527505
14,prec,JUL,-0.029652069769452,FALSE,-0.251326067616738,0.190041871641962
15,prec,AUG,-0.00346627601995109,FALSE,-0.231089992649684,0.257709216457216
16,prec,SEP,-0.029297741781137,FALSE,-0.206193717593618,0.164005226609762
17,temp,jun,-0.105980755176489,FALSE,-0.262748386067075,0.0540635504943993
18,temp,jul,0.11288846947031,FALSE,-0.0959812127098958,0.309651534730838
19,temp,aug,-0.0712864523317387,FALSE,-0.260304825232495,0.122239557440258
20,temp,sep,0.114969285762461,FALSE,-0.0949008652719133,0.301612289879677
21,temp,oct,-0.163996666550711,FALSE,-0.34642741588033,0.00798196047456482
22,temp,nov,-0.0146829330479703,FALSE,-0.245340865656541,0.221490295074657
23,temp,dec,0.113391412852757,FALSE,-0.068719112510153,0.308860713880812
24,temp,JAN,-0.00971540641605749,FALSE,-0.213573305362574,0.189416277717515
25,temp,FEB,-0.0211131379872489,FALSE,-0.230914921892806,0.203898525789851
26,temp,MAR,0.148104221798715,FALSE,-0.0417784470237922,0.327589586451435
27,temp,APR,-0.0496132346589736,FALSE,-0.234678816639576,0.136788870330597
28,temp,MAY,-0.134610352524047,FALSE,-0.327509451362457,0.0559865737261473
29,temp,JUN,-0.203459105448241,FALSE,-0.415667686796743,-0.00209919183354902
30,temp,JUL,-0.0040343076925822,FALSE,-0.18870474676819,0.20578212447409
31,temp,AUG,-0.00275210430418163,FALSE,-0.203095869746021,0.208247627948564
32,temp,SEP,-0.0723791938686227,FALSE,-0.30285311220766,0.145323690677988
