id,varname,month,coef,significant,ci_lower,ci_upper
1,prec,jun,0.0294810933893159,FALSE,-0.210527349731775,0.243613735418193
2,prec,jul,0.146695820735108,FALSE,-0.0747161000013213,0.356828120503533
3,prec,aug,-0.00879301937233059,FALSE,-0.203659549887542,0.202515169077438
4,prec,sep,0.199126813911173,FALSE,-0.00351452395527178,0.454495338700076
5,prec,oct,0.127145928762129,FALSE,-0.0747543512975619,0.30318277718809
6,prec,nov,0.11789310688358,FALSE,-0.081346707580007,0.323650800588584
7,prec,dec,0.0657869956641708,FALSE,-0.156612410495073,0.32806534854417
8,prec,JAN,-0.0312336141941309,FALSE,-0.254233838200607,0.185034339083634
9,prec,FEB,0.148617942523739,FALSE,-0.0389159594960787,0.337419850268066
10,prec,MAR,0.0490603454225442,FALSE,-0.164122364246765,0.298242756359414
11,prec,APR,-0.0152736410689273,FALSE,-0.202195806610788,0.194449780589278
12,prec,MAY,0.06922445015451,FALSE,-0.106264350754902,0.254483484378034
13,prec,JUN,-0.00798958226573386,FALSE,-0.195750299434272,0.192162191827264
14,prec,JUL,0.0824697433658653,FALSE,-0.138431306963239,0.324244227381397
15,prec,AUG,0.047070420843628,FALSE,-0.150968805382812,0.261841554688953
16,prec,SEP,0.0128416589141036,FALSE,-0.169039844439274,0.212710037109369
17,temp,jun,0.0389524092739162,FALSE,-0.195317734713823,0.239881387452207
18,temp,jul,-0.0876655103460989,FALSE,-0.26447587398301,0.0871748573957961
19,temp,aug,-0.116391819619158,FALSE,-0.358988145548722,0.0925240976350769
20,temp,sep,-0.00188886032478783,FALSE,-0.19607071222849,0.20457514164156
21,temp,oct,-0.142176473168656,FALSE,-0.338155314618543,0.035080308792802
22,temp,nov,-0.0358206336708434,FALSE,-0.220491861304094,0.159540945318783
23,temp,dec,-0.0423353033680463,FALSE,-0.234484980731945,0.156954121569014
24,temp,JAN,-0.0655420592264751,FALSE,-0.296348868449255,0.135598289905755
25,temp,FEB,-0.162628885433387,FALSE,-0.370163478417859,0.0306850134946655
26,temp,MAR,-0.0950946575580369,FALSE,-0.335152536560218,0.0971849761415291
27,temp,APR,-0.173614396654786,FALSE,-0.369702923734385,0.044960200759253
28,temp,MAY,-0.0808238542757601,FALSE,-0.284686743842028,0.126503364292171
29,temp,JUN,0.152835534852808,FALSE,-0.0660944690457007,0.394564031208918
30,temp,JUL,0.0256678109893642,FALSE,-0.211918041933356,0.222216158459837
31,temp,AUG,-0.11092315846834,FALSE,-0.360411647525652,0.058269309980158
32,temp,SEP,-0.0187190958449032,FALSE,-0.208330057593899,0.178199741254799
