id,varname,month,coef,significant,ci_lower,ci_upper
1,prec,jun,-0.0206820653496357,FALSE,-0.205638014193654,0.125486127209475
2,prec,jul,0.21382099585711,TRUE,0.0330855529660736,0.385099326192022
3,prec,aug,0.0168032367151097,FALSE,-0.14303460399244,0.207058776195921
4,prec,sep,0.0823809087081063,FALSE,-0.0806182700913747,0.24621556722065
5,prec,oct,0.157210258651149,FALSE,-0.0163177665437733,0.330349662585369
6,prec,nov,0.0318312271948435,FALSE,-0.141837295339859,0.2051527973953
7,prec,dec,0.155404909917971,FALSE,0.0115093906108174,0.328346239600048
8,prec,JAN,0.192822583350936,TRUE,0.000466562762993021,0.358947543701268
9,prec,FEB,0.0782851638981819,FALSE,-0.102616722597646,0.241297194876395
10,prec,MAR,0.0164954940144406,FALSE,-0.165371172269116,0.225057739165084
11,prec,APR,0.104715292439624,FALSE,-0.042963027809145,0.242386913189762
12,prec,MAY,0.0274488164499575,FALSE,-0.135572223254846,0.178273798816747
13,prec,JUN,0.0799828778809822,FALSE,-0.0787090048795479,0.244367450955839
14,prec,JUL,0.0360103885987366,FALSE,-0.123461954839802,0.205462515764882
15,prec,AUG,-0.0932988867371173,FALSE,-0.246923191028857,0.0648663240641725
16,prec,SEP,-0.0170848327091196,FALSE,-0.189317412195519,0.125226435291607
17,temp,jun,-0.0858757479752266,FALSE,-0.239535082623432,0.0645435458500089
18,temp,jul,-0.0259270293457078,FALSE,-0.1774657665286,0.133034848461939
19,temp,aug,-0.139512882146935,FALSE,-0.278119283015205,0.00792150392504375
20,temp,sep,-0.011242051730813,FALSE,-0.17598064037166,0.145143198728766
21,temp,oct,-0.140931315864748,FALSE,-0.299572585657204,0.0266736519466708
22,temp,nov,-0.0429485592210564,FALSE,-0.203285805944041,0.123456183714543
23,temp,dec,-0.0188336978608354,FALSE,-0.195064304162478,0.170799381122268
24,temp,JAN,-0.0547061929030991,FALSE,-0.214876714435876,0.108829988092681
25,temp,FEB,-0.0374203326893487,FALSE,-0.187401299494928,0.111058713630342
26,temp,MAR,0.0144249641351797,FALSE,-0.176204176863643,0.188890919671638
27,temp,APR,0.00776760714716449,FALSE,-0.195638883569791,0.195187261909857
28,temp,MAY,-0.0408697609602975,FALSE,-0.184545868881317,0.12154457147144
29,temp,JUN,-0.110847911792621,FALSE,-0.272491684553088,0.0356750716939128
30,temp,JUL,-0.103618776135316,FALSE,-0.262701026975907,0.056642055702495
31,temp,AUG,-0.124644633596085,FALSE,-0.313305759859643,0.0548271414795919
32,temp,SEP,-0.0196416442491396,FALSE,-0.181295917334017,0.131966615277035
