id,varname,month,coef,significant,ci_lower,ci_upper
1,prec,jun,0.0277332225717516,FALSE,-0.128634804892918,0.159001675857342
2,prec,jul,-0.0471446385101458,FALSE,-0.227201937518425,0.12738695015721
3,prec,aug,-0.0240193711670514,FALSE,-0.194324281000118,0.140093740460382
4,prec,sep,-0.0225146835487614,FALSE,-0.187362241304078,0.123231849185418
5,prec,oct,0.0987681571445495,FALSE,-0.0469211655728754,0.268686215709139
6,prec,nov,-0.0943994384275064,FALSE,-0.278067062677717,0.0942066282246377
7,prec,dec,-0.0355767615100456,FALSE,-0.179436115982194,0.124411183136886
8,prec,JAN,-0.0110773414057285,FALSE,-0.169130339549845,0.155826927222579
9,prec,FEB,-0.0996849321870917,FALSE,-0.276954241950628,0.0932599582373634
10,prec,MAR,0.0839064806644734,FALSE,-0.124649177377291,0.249467040046133
11,prec,APR,0.0284406609818214,FALSE,-0.167528960338512,0.214982922937469
12,prec,MAY,0.072839374983872,FALSE,-0.123551639064825,0.257603159704267
13,prec,JUN,0.252818797360578,TRUE,0.0626211649885554,0.393572679861522
14,prec,JUL,0.154355276333152,FALSE,-0.0215565681070876,0.316645079703566
15,prec,AUG,-0.00463918138870929,FALSE,-0.185013349404389,0.162729387558072
16,prec,SEP,-0.100206462334714,FALSE,-0.265862597405481,0.106573227647171
17,temp,jun,-0.103578906674537,FALSE,-0.260936307225944,0.047255987568615
18,temp,jul,0.0590004203660483,FALSE,-0.128144260812897,0.23601238143338
19,temp,aug,-0.0114685518570368,FALSE,-0.20146412128574,0.168796814165154
20,temp,sep,0.083870609554275,FALSE,-0.0803145524233694,0.256448103604048
21,temp,oct,-0.028448362184133,FALSE,-0.149601435634724,0.092059727938867
22,temp,nov,0.0177188716166128,FALSE,-0.134808432319132,0.172304949347033
23,temp,dec,0.197285190452058,TRUE,0.00999800427530687,0.391131982982019
24,temp,JAN,0.155973704008434,FALSE,-0.0301203713293334,0.332055058206012
25,temp,FEB,0.0434482411430874,FALSE,-0.12637228045359,0.200326201420102
26,temp,MAR,0.0627750876334078,FALSE,-0.100921415152135,0.219562205235613
27,temp,APR,0.0360192079053242,FALSE,-0.134550834113284,0.200616040661255
28,temp,MAY,-0.145259930876266,FALSE,-0.342657659985691,0.0180979964143996
29,temp,JUN,-0.278416287162953,TRUE,-0.446818579249018,-0.129492950415324
30,temp,JUL,-0.0388289240522826,FALSE,-0.231517195394844,0.130684897449247
31,temp,AUG,0.080109410166642,FALSE,-0.0961176601426972,0.248651066453631
32,temp,SEP,0.142139888382467,FALSE,0.00182500085204879,0.324014601363728
