id,varname,month,coef,significant,ci_lower,ci_upper
1,prec,jun,-0.0132253287830528,FALSE,-0.165527809221298,0.15937594435656
2,prec,jul,0.0790015718606823,FALSE,-0.084535124569747,0.274903122751484
3,prec,aug,0.0690036722970425,FALSE,-0.0993299304186957,0.231491468728718
4,prec,sep,0.010196770870997,FALSE,-0.147881049906637,0.155250662353345
5,prec,oct,0.170529222934588,TRUE,0.0335302326204953,0.32146373057063
6,prec,nov,0.032100526788744,FALSE,-0.140138677953163,0.186532303214621
7,prec,dec,0.0152995290550349,FALSE,-0.160295336743432,0.193574104171593
8,prec,JAN,0.0884224553686474,FALSE,-0.0717505812014795,0.266480605831286
9,prec,FEB,0.199107773275782,TRUE,0.0348425713006543,0.326015035947442
10,prec,MAR,0.0643045859524714,FALSE,-0.149771259600722,0.225229595292949
11,prec,APR,-0.095724252439622,FALSE,-0.30562926237631,0.0755628876126064
12,prec,MAY,0.0584957959417085,FALSE,-0.109006215033745,0.23426376278869
13,prec,JUN,0.289243335539122,TRUE,0.136287050943627,0.45383539548571
14,prec,JUL,0.0254381682710259,FALSE,-0.107057264272432,0.176534242431101
15,prec,AUG,0.108428204055905,FALSE,-0.0475694893440258,0.270343868423017
16,prec,SEP,-0.0501977569413322,FALSE,-0.20608131167657,0.116888921229707
17,temp,jun,-0.021376992433917,FALSE,-0.168470549169719,0.126132506929502
18,temp,jul,-0.171450155332161,TRUE,-0.341972399778218,-0.0017930327880783
19,temp,aug,-0.0972079677633246,FALSE,-0.256062408650858,0.0481116912129323
20,temp,sep,0.0121152890762746,FALSE,-0.170340097965487,0.196580005813563
21,temp,oct,-0.0924810617359451,FALSE,-0.249951359357945,0.0371373177541155
22,temp,nov,-0.0467829873649826,FALSE,-0.224525692755764,0.097605876188178
23,temp,dec,0.0699537355287427,FALSE,-0.104352761116276,0.234792298040192
24,temp,JAN,0.00588238347336623,FALSE,-0.160094638189069,0.215261684073484
25,temp,FEB,-0.0212012527583406,FALSE,-0.188978152444736,0.142910713303472
26,temp,MAR,0.0600751586915274,FALSE,-0.0995291185690799,0.223514947466214
27,temp,APR,0.0192227625290683,FALSE,-0.147208787835625,0.193050270668598
28,temp,MAY,0.00508013612722865,FALSE,-0.16634316856707,0.173384068836465
29,temp,JUN,-0.0712850718587426,FALSE,-0.223269567322976,0.0854699598813882
30,temp,JUL,-0.176954628367671,FALSE,-0.345026303592776,1.8954239690297e-05
31,temp,AUG,0.00892381705546987,FALSE,-0.172460908828417,0.20111591744937
32,temp,SEP,-0.0581929461985309,FALSE,-0.231412566294608,0.125084974060281
