id,varname,month,coef,significant,ci_lower,ci_upper
1,prec,jun,0.165412904005852,TRUE,0.0069236499014736,0.336415302890024
2,prec,jul,0.125241095782274,FALSE,-0.0670657295329561,0.292057541041971
3,prec,aug,-0.0483607175568414,FALSE,-0.237904280870261,0.170867797759302
4,prec,sep,-0.0267434426797063,FALSE,-0.202127054062821,0.144614188045481
5,prec,oct,0.149664110376463,FALSE,-0.0125876591154255,0.322588625415789
6,prec,nov,0.19779139679057,FALSE,-0.0216599021706874,0.382104821589727
7,prec,dec,-0.0181164030318863,FALSE,-0.200813974584336,0.168341975042949
8,prec,JAN,-0.0214311466999577,FALSE,-0.182886715704564,0.139514382010575
9,prec,FEB,0.0259895215452643,FALSE,-0.17520307950005,0.206652076814507
10,prec,MAR,-0.0576986072626374,FALSE,-0.241312922866479,0.145268316957574
11,prec,APR,-0.0231475764317628,FALSE,-0.183404832882152,0.136875676248058
12,prec,MAY,0.0399884280414224,FALSE,-0.147282355763732,0.215599811886686
13,prec,JUN,0.227980490918984,TRUE,0.0589241135923063,0.38020816558523
14,prec,JUL,0.0356278664940093,FALSE,-0.134267984026884,0.204097787105662
15,prec,AUG,-0.0220264527469786,FALSE,-0.177674207956319,0.130158214950658
16,prec,SEP,-0.0540525024218784,FALSE,-0.225382776795903,0.13258917410276
17,temp,jun,0.113909540134641,FALSE,-0.103663837640773,0.296042632238238
18,temp,jul,0.0547382336504303,FALSE,-0.13075953934443,0.250188097386041
19,temp,aug,0.0374515448388566,FALSE,-0.138900798116576,0.228993131137087
20,temp,sep,-0.0155750029585431,FALSE,-0.239814331219545,0.22433551244174
21,temp,oct,-0.156754037868823,FALSE,-0.304251996616128,0.0111039058229157
22,temp,nov,-0.0164453276587648,FALSE,-0.212251029331114,0.142456990711746
23,temp,dec,-0.140246388841417,FALSE,-0.310022367384235,0.0133457171197085
24,temp,JAN,-0.131667679561545,FALSE,-0.344981012702732,0.087725442436369
25,temp,FEB,0.059144302677891,FALSE,-0.124100967555212,0.232067183501987
26,temp,MAR,0.287295675049547,TRUE,0.0983819205919602,0.511143367060188
27,temp,APR,0.125211001395158,FALSE,-0.0806972421719305,0.331025174608475
28,temp,MAY,-0.0403552051829787,FALSE,-0.22229151987613,0.158767166423205
29,temp,JUN,-0.0381217882537922,FALSE,-0.322175088995458,0.175219207396106
30,temp,JUL,-0.0214183459963587,FALSE,-0.220459355331134,0.14621276324099
31,temp,AUG,0.0126699134608986,FALSE,-0.141527266934691,0.194612436439483
32,temp,SEP,-0.140889408900812,FALSE,-0.321764814469792,0.0617516120152411
