id,varname,month,coef,significant,ci_lower,ci_upper
1,prec,jun,0.130547040805738,FALSE,-0.0213923673666606,0.298903505436358
2,prec,jul,0.119999621965954,FALSE,-0.0246459535936234,0.267049110086304
3,prec,aug,-0.134658916794347,FALSE,-0.307435553523615,0.0221919823039049
4,prec,sep,-0.0447918585906658,FALSE,-0.205399631321739,0.120813026938255
5,prec,oct,-0.162707145601942,TRUE,-0.318136687258738,-0.000442528729901422
6,prec,nov,0.0949009932685923,FALSE,-0.0812927004643843,0.26626885587336
7,prec,dec,-0.13715021720862,FALSE,-0.352331832694014,0.0726767660818105
8,prec,JAN,0.106111430043333,FALSE,-0.041791852136424,0.261371110380234
9,prec,FEB,-0.0152692228102516,FALSE,-0.176954928031484,0.149002028282307
10,prec,MAR,0.108410356961311,FALSE,-0.0815736373195191,0.312465199819086
11,prec,APR,-0.180173873180183,TRUE,-0.334718455929415,-0.00673942094578604
12,prec,MAY,-0.0226891433128265,FALSE,-0.171077468184843,0.145197341948869
13,prec,JUN,-0.0120866434076515,FALSE,-0.172732965710736,0.151134071343137
14,prec,JUL,-0.0172196937750711,FALSE,-0.177150244488103,0.126919902874996
15,prec,AUG,0.0617635730186496,FALSE,-0.125823401292796,0.224263607431836
16,prec,SEP,-0.0727960023787235,FALSE,-0.252510579550348,0.108765727095158
17,temp,jun,0.0706860068456014,FALSE,-0.0849437985820532,0.226657653158932
18,temp,jul,-0.0398644505727111,FALSE,-0.237878875693619,0.156378776894576
19,temp,aug,-0.0933589838861985,FALSE,-0.252967845944217,0.079586286539666
20,temp,sep,-0.006689680694772,FALSE,-0.194862242763028,0.159461233131982
21,temp,oct,0.233050927881447,TRUE,0.0887384767504464,0.357410660357102
22,temp,nov,-0.0170212895009868,FALSE,-0.158820647641929,0.14094446014383
23,temp,dec,0.0508982717552502,FALSE,-0.119291338076315,0.228409853334255
24,temp,JAN,-0.0146848798166226,FALSE,-0.190023868248092,0.14972506613586
25,temp,FEB,-0.167286993429096,FALSE,-0.337030830153114,0.00229412793410666
26,temp,MAR,-0.0971863466955749,FALSE,-0.27906181021071,0.101887624651702
27,temp,APR,-0.0627009190942293,FALSE,-0.230686105960309,0.0937558741708434
28,temp,MAY,-0.00487104089760155,FALSE,-0.177609035144859,0.15542504029562
29,temp,JUN,0.0568677087008885,FALSE,-0.10090954329947,0.223086074304902
30,temp,JUL,0.298176672191426,TRUE,0.11651709073714,0.463782026579028
31,temp,AUG,-0.0642225366399889,FALSE,-0.278698626993914,0.121416797608666
32,temp,SEP,0.0743201150597386,FALSE,-0.0943503321985437,0.253467738668012
