id,varname,month,coef,significant,ci_lower,ci_upper
1,prec,jun,-0.0366891935517346,FALSE,-0.220138470275262,0.139237687564375
2,prec,jul,0.121001358576892,FALSE,-0.0535914908456295,0.30250089555586
3,prec,aug,-0.136811628203585,FALSE,-0.287964837403097,0.0423628084046345
4,prec,sep,-0.0161126324426181,FALSE,-0.204762766925541,0.200050070138106
5,prec,oct,0.0662419476348617,FALSE,-0.101963007119368,0.227435199594525
6,prec,nov,0.175879003430863,FALSE,-0.0124669402615073,0.356773214352561
7,prec,dec,-0.0443865779318761,FALSE,-0.238912441463006,0.159958149331867
8,prec,JAN,-0.0132034285872517,FALSE,-0.172438267191598,0.155151957693083
9,prec,FEB,0.119290196095325,FALSE,-0.0857741605873617,0.313147820676736
10,prec,MAR,0.0354424846195345,FALSE,-0.140046917631409,0.234177957770373
11,prec,APR,-0.0429948869348066,FALSE,-0.21851182158578,0.158962443089522
12,prec,MAY,-0.000701419748814889,FALSE,-0.16418699638798,0.157667227984373
13,prec,JUN,-0.0114441374264714,FALSE,-0.158852789270365,0.155476741763701
14,prec,JUL,0.127065861645878,FALSE,-0.0281814004526544,0.274698760425855
15,prec,AUG,-0.00588744384181463,FALSE,-0.178778597933074,0.187669043722265
16,prec,SEP,-0.0544623010763356,FALSE,-0.226002230839271,0.124870676791573
17,temp,jun,0.0024308130282089,FALSE,-0.177126934387152,0.174156724077941
18,temp,jul,-0.0652667425070568,FALSE,-0.244141189759678,0.125491689780362
19,temp,aug,-0.299379172621994,TRUE,-0.466630014820708,-0.142465884949559
20,temp,sep,-0.26179165108254,TRUE,-0.439319119059835,-0.0643293326169709
21,temp,oct,-0.00686582048853711,FALSE,-0.165554072052765,0.133425308987721
22,temp,nov,-0.0146727712438096,FALSE,-0.166489981834001,0.139973449199781
23,temp,dec,-0.135820196641674,FALSE,-0.306785448364454,0.0293288912791527
24,temp,JAN,-0.168846470128051,FALSE,-0.342417846871227,0.0206638947160007
25,temp,FEB,-0.0759057638794548,FALSE,-0.243491860000409,0.0891241243827308
26,temp,MAR,-0.012542035269748,FALSE,-0.215165190179207,0.192218567479233
27,temp,APR,-0.0801618684533901,FALSE,-0.259126903572733,0.115409500437514
28,temp,MAY,-0.00966448995199085,FALSE,-0.195466959098187,0.152905253134233
29,temp,JUN,0.0844755688026952,FALSE,-0.090740528346046,0.249372800938836
30,temp,JUL,0.327827532358825,TRUE,0.125237295953796,0.52001440106239
31,temp,AUG,-0.113208715767796,FALSE,-0.294992408622996,0.0653949374427145
32,temp,SEP,-0.0868085947891749,FALSE,-0.269988569994806,0.116384635562536
