id,varname,month,coef,significant,ci_lower,ci_upper
1,prec,jun,0.113064967152302,FALSE,-0.0470473545620019,0.282050686791471
2,prec,jul,0.0405370720424426,FALSE,-0.149473456690958,0.234485540281988
3,prec,aug,0.0886272576652807,FALSE,-0.0975586801388719,0.288034594260293
4,prec,sep,0.068467871637693,FALSE,-0.0941124878098043,0.262106593908708
5,prec,oct,0.176268103089639,TRUE,0.0288765947313567,0.343980425194367
6,prec,nov,0.106464464879877,FALSE,-0.0698277173577314,0.262632508278733
7,prec,dec,0.0837066358375012,FALSE,-0.0792725113295378,0.254176469910431
8,prec,JAN,0.0550248849973794,FALSE,-0.104964831597854,0.213264101120118
9,prec,FEB,0.175670821260686,FALSE,-0.00371015163850849,0.329679503436761
10,prec,MAR,0.0732378927008192,FALSE,-0.102285775848896,0.2622715427886
11,prec,APR,0.166522984027167,FALSE,-0.0104322815614728,0.360923543352841
12,prec,MAY,0.0978803869291947,FALSE,-0.105163852766442,0.282198107995385
13,prec,JUN,0.283826561350615,TRUE,0.0931476703153183,0.482390933846084
14,prec,JUL,0.0125273525352847,FALSE,-0.161629199766908,0.175102313294307
15,prec,AUG,0.0756070284280616,FALSE,-0.115937451310255,0.276089339982706
16,prec,SEP,-0.0954313223651715,FALSE,-0.261504753344179,0.0862402358299622
17,temp,jun,-0.00835667254383802,FALSE,-0.164997373321211,0.14722676623961
18,temp,jul,0.0778265843589053,FALSE,-0.0961320694574409,0.266274166758175
19,temp,aug,-0.101759965960042,FALSE,-0.280002403184755,0.0924882694753055
20,temp,sep,0.0365618796161215,FALSE,-0.137494311384516,0.230539724695854
21,temp,oct,-0.207079473813192,TRUE,-0.335061372120027,-0.0668797863176825
22,temp,nov,-0.0316224508507729,FALSE,-0.217482181976783,0.141898959225914
23,temp,dec,-0.0463711131451316,FALSE,-0.20584222921833,0.117742422526278
24,temp,JAN,-0.0448364653489154,FALSE,-0.219819889001897,0.121550428782417
25,temp,FEB,-0.0394134732977162,FALSE,-0.201285419817483,0.119607462774075
26,temp,MAR,0.158673128231728,FALSE,-0.0195966386761074,0.308568641738313
27,temp,APR,-0.0423543145589077,FALSE,-0.235838095796309,0.132084152438436
28,temp,MAY,-0.0605500143324697,FALSE,-0.23351865100085,0.101647145972483
29,temp,JUN,-0.0294283373970827,FALSE,-0.219252417655356,0.139711981691203
30,temp,JUL,-0.00239020733849128,FALSE,-0.194138304198598,0.17082539055861
31,temp,AUG,0.0107924970221761,FALSE,-0.175714093749453,0.19195179208707
32,temp,SEP,-0.0575680570519461,FALSE,-0.235065386027911,0.0946236499624439
