id,varname,month,coef,significant,ci_lower,ci_upper
1,prec,jun,-0.0457788415107826,FALSE,-0.231400311058116,0.14634257908105
2,prec,jul,0.0220070350586182,FALSE,-0.195586815199276,0.236672170382447
3,prec,aug,0.0488027560989136,FALSE,-0.145890264362049,0.215653953512509
4,prec,sep,-0.0054291520755489,FALSE,-0.173280766277171,0.167738553840454
5,prec,oct,0.000742324691988536,FALSE,-0.143855191773415,0.154031895802316
6,prec,nov,0.013492592963126,FALSE,-0.222454008139783,0.241274958995579
7,prec,dec,-0.0176915542798998,FALSE,-0.228717050809835,0.189619166336141
8,prec,JAN,-0.0728474015879724,FALSE,-0.293131209836959,0.118211755410796
9,prec,FEB,0.273719351759109,TRUE,0.0593325788520054,0.465441037046145
10,prec,MAR,0.0603246168786538,FALSE,-0.117216021118962,0.2473621886689
11,prec,APR,0.00141003026156485,FALSE,-0.195239564984998,0.204300622726929
12,prec,MAY,0.0239957606006907,FALSE,-0.180995899920658,0.207586150865347
13,prec,JUN,0.0762847916832401,FALSE,-0.0963179812675148,0.213785301166071
14,prec,JUL,0.0593984507607478,FALSE,-0.159223787457819,0.302570108557997
15,prec,AUG,0.0912818791606777,FALSE,-0.113491528604767,0.289251212713426
16,prec,SEP,-0.00933097299827588,FALSE,-0.203403277329785,0.187276157582955
17,temp,jun,0.0115703863645258,FALSE,-0.217400625209341,0.226575778667637
18,temp,jul,-0.110003014047808,FALSE,-0.315103617411095,0.0966531729657966
19,temp,aug,0.0322547754258403,FALSE,-0.196982168116029,0.248961785765371
20,temp,sep,0.10155455531233,FALSE,-0.0872234347500543,0.304534234722454
21,temp,oct,-0.0190622728549402,FALSE,-0.215154265750536,0.164015308805297
22,temp,nov,0.0839557242041693,FALSE,-0.0849054319394785,0.237110446327124
23,temp,dec,0.035034985137331,FALSE,-0.154711463655871,0.21613560202732
24,temp,JAN,0.0258082750673708,FALSE,-0.188125207228199,0.254131707055381
25,temp,FEB,-0.116000770104009,FALSE,-0.274624104954616,0.0772511300282595
26,temp,MAR,0.0876400368065319,FALSE,-0.0981949507099089,0.268824194073934
27,temp,APR,0.0293412092859548,FALSE,-0.172294866853937,0.222418001182009
28,temp,MAY,-0.0452313136658204,FALSE,-0.211706480186602,0.129235994691987
29,temp,JUN,-0.0734054047310392,FALSE,-0.252006792709494,0.0982781037441261
30,temp,JUL,-0.0744342246293844,FALSE,-0.30964960072868,0.119180200980242
31,temp,AUG,0.0922838777770489,FALSE,-0.0920668244943728,0.281499973126036
32,temp,SEP,0.0379107159667025,FALSE,-0.169329232351186,0.25415140530448
