id,varname,month,coef,significant,ci_lower,ci_upper
1,prec,jun,0.059536401953984,FALSE,-0.111916453503493,0.218798520618508
2,prec,jul,0.192061580157966,TRUE,0.0438249755665394,0.354933758618833
3,prec,aug,0.114510487627452,FALSE,-0.071630223756744,0.300799623746122
4,prec,sep,0.114117592564832,FALSE,-0.0435157400880738,0.271818101510318
5,prec,oct,-0.0638692081769496,FALSE,-0.224529525126057,0.11805699170587
6,prec,nov,0.146780216117474,FALSE,-0.0185804975841101,0.296138592670089
7,prec,dec,-0.0512107441428735,FALSE,-0.21775666317227,0.122987482035405
8,prec,JAN,0.134250270737346,FALSE,-0.0272717759264775,0.294744056421041
9,prec,FEB,0.0155930475124395,FALSE,-0.152295198652239,0.180081273091996
10,prec,MAR,-0.0641143723660241,FALSE,-0.229811155578162,0.115042499395821
11,prec,APR,0.0531049108600389,FALSE,-0.148212051553378,0.2633816191214
12,prec,MAY,-0.193407619747241,TRUE,-0.372713708597233,-0.0113011256044465
13,prec,JUN,-0.0145827121469832,FALSE,-0.189791266679132,0.152990839832362
14,prec,JUL,0.118741562275831,FALSE,-0.0469215715273299,0.286048328735852
15,prec,AUG,-0.0173131936087698,FALSE,-0.174621191320555,0.169430419241148
16,prec,SEP,-0.0251461041756197,FALSE,-0.178738962374579,0.152931639915353
17,temp,jun,-0.0767972103148696,FALSE,-0.232850872712176,0.0919227055771725
18,temp,jul,-0.0349384097869182,FALSE,-0.219857023176784,0.126192876238346
19,temp,aug,0.0133503115442785,FALSE,-0.155221782242933,0.20210796473044
20,temp,sep,0.0425348961357181,FALSE,-0.11664958715321,0.199900817411133
21,temp,oct,0.193400351803246,TRUE,0.016207397122647,0.375857463073629
22,temp,nov,-0.0307327475386854,FALSE,-0.195914145596159,0.155187906411163
23,temp,dec,0.0728550726998303,FALSE,-0.10525722336093,0.242678086635836
24,temp,JAN,0.118195600671726,FALSE,-0.0892225857201504,0.315355596943825
25,temp,FEB,-0.253178566509616,TRUE,-0.41086941559446,-0.0883969624399056
26,temp,MAR,-0.11571919465444,FALSE,-0.298644330446165,0.0479438700724921
27,temp,APR,-0.0273206717591016,FALSE,-0.176931020357119,0.12829151047405
28,temp,MAY,-0.0193166564938067,FALSE,-0.201209655264798,0.165613965534718
29,temp,JUN,-0.000237827984939367,FALSE,-0.193843092199647,0.200758982274882
30,temp,JUL,0.230913401207369,TRUE,0.0514387816796843,0.379957832031472
31,temp,AUG,-0.0411074828087378,FALSE,-0.236201010759135,0.120498223340575
32,temp,SEP,0.0613265825105046,FALSE,-0.0922978620562722,0.226211042959711
