id,varname,month,coef,significant,ci_lower,ci_upper
1,prec,jun,0.0708992408141889,FALSE,-0.0589619241535154,0.202218975852891
2,prec,jul,0.0607658914067703,FALSE,-0.128156541555246,0.233066993102196
3,prec,aug,0.0809388617103616,FALSE,-0.0437701068157919,0.222118363630899
4,prec,sep,0.102991944612845,FALSE,-0.0381223088210402,0.242819943977186
5,prec,oct,0.0829861779287025,FALSE,-0.0652882999401316,0.241952760371182
6,prec,nov,0.117032208135177,FALSE,-0.0184202992082985,0.25404583371679
7,prec,dec,0.191080779826507,TRUE,0.0498837807803287,0.325268584174698
8,prec,JAN,0.023055760218401,FALSE,-0.138549618431542,0.200843183607423
9,prec,FEB,0.139942009880851,FALSE,-0.00512098954218978,0.295295108371208
10,prec,MAR,0.024829689099277,FALSE,-0.123228631864812,0.190622574886365
11,prec,APR,0.137162447297033,FALSE,-0.0466600690617742,0.302948699025216
12,prec,MAY,0.0143859705814754,FALSE,-0.137317399073215,0.16365184607043
13,prec,JUN,0.13754624513669,FALSE,-0.017240045133791,0.286359986029676
14,prec,JUL,0.173655898384153,TRUE,0.0231525950127656,0.317401410021511
15,prec,AUG,-0.00994870052797851,FALSE,-0.184268673661746,0.146970818380419
16,prec,SEP,0.0704670438766487,FALSE,-0.0994940912611642,0.247941302433199
17,temp,jun,-0.0142280306611136,FALSE,-0.174478612437046,0.142617102471123
18,temp,jul,0.0134182680644717,FALSE,-0.123570863458245,0.166906079997787
19,temp,aug,-0.0786095666260692,FALSE,-0.237901708819364,0.0628460597835775
20,temp,sep,-0.137920488559551,FALSE,-0.29328535039449,0.0294259089942286
21,temp,oct,-0.0899258513317194,FALSE,-0.240823879123165,0.071617846481862
22,temp,nov,-0.111741787315275,FALSE,-0.282158693889161,0.0265909410462482
23,temp,dec,-0.0496074733688464,FALSE,-0.196568348820046,0.119088724259857
24,temp,JAN,-0.0629393054191381,FALSE,-0.223794980042899,0.126792988534046
25,temp,FEB,0.0204955464678884,FALSE,-0.127838639730717,0.177772469348453
26,temp,MAR,0.0330211835983146,FALSE,-0.141804984710064,0.184295240084027
27,temp,APR,0.0252452654112361,FALSE,-0.127085492398636,0.176931251930826
28,temp,MAY,-0.023138507697634,FALSE,-0.173840091275899,0.114919004096164
29,temp,JUN,-0.118746795049379,FALSE,-0.287746566554582,0.0658763043583736
30,temp,JUL,-0.0197403378138754,FALSE,-0.192319472819003,0.149572721924958
31,temp,AUG,-0.0320709254867073,FALSE,-0.198209585762117,0.125742623301255
32,temp,SEP,-0.0411185087099609,FALSE,-0.202620448885455,0.124402538974225
