id,varname,month,coef,significant,ci_lower,ci_upper
1,prec,jun,0.0417550824008354,FALSE,-0.102592171579959,0.191282605548062
2,prec,jul,0.0441706585559447,FALSE,-0.0959789343356437,0.184382544880384
3,prec,aug,0.125422164240825,FALSE,-0.000220155473654056,0.246730600055182
4,prec,sep,0.141923813955309,TRUE,0.00310284911986746,0.268458728393327
5,prec,oct,0.0915229516080851,FALSE,-0.0581288367978457,0.244228491507438
6,prec,nov,0.0901446413575678,FALSE,-0.024461087635896,0.204362606355446
7,prec,dec,0.152449107064896,TRUE,0.00929253022774262,0.285133837065037
8,prec,JAN,0.0798944467189513,FALSE,-0.0671790134507316,0.222771055031105
9,prec,FEB,0.191205327197478,TRUE,0.0355992965110656,0.334034111304215
10,prec,MAR,0.158758751256316,FALSE,-0.0159674932712814,0.323646460367054
11,prec,APR,0.177092363208192,TRUE,0.0357897064947599,0.328441009668249
12,prec,MAY,0.0561028539685322,FALSE,-0.106160498338366,0.226028879433164
13,prec,JUN,0.172091201117186,TRUE,0.0442874626305017,0.307299500851026
14,prec,JUL,0.165510327815212,TRUE,0.0187348870356536,0.327741812412973
15,prec,AUG,0.0133342940483517,FALSE,-0.127426717636975,0.163423596288328
16,prec,SEP,0.02284934077076,FALSE,-0.126204583797242,0.151596437272946
17,temp,jun,0.112616041313696,FALSE,-0.0341148961560015,0.267461244401039
18,temp,jul,0.0117270114294786,FALSE,-0.104153592935508,0.127480979941111
19,temp,aug,0.0632591717145186,FALSE,-0.0640681762658335,0.210227538829976
20,temp,sep,-0.0149379146811463,FALSE,-0.19745854930375,0.13645029914633
21,temp,oct,-0.0427362962375913,FALSE,-0.181025592027065,0.104198772425188
22,temp,nov,-0.00427968949759476,FALSE,-0.151471222364022,0.129519107222279
23,temp,dec,-0.0824823621405556,FALSE,-0.22693754076206,0.0704988177610705
24,temp,JAN,0.0212250245272696,FALSE,-0.158342977774415,0.17787527647648
25,temp,FEB,-0.0514261372681567,FALSE,-0.166848538421704,0.0693560645235397
26,temp,MAR,0.154080306879168,FALSE,-0.00709323954935225,0.309762343253764
27,temp,APR,-0.0349442254875455,FALSE,-0.148681163888321,0.0932311154664648
28,temp,MAY,-0.134777421294898,FALSE,-0.294053108602107,0.0302328933821233
29,temp,JUN,-0.0558975161288039,FALSE,-0.21501864699777,0.108420236894266
30,temp,JUL,-0.0230088267010895,FALSE,-0.181855466483985,0.141370321430022
31,temp,AUG,0.0549317462046462,FALSE,-0.0752798309196794,0.182954077559659
32,temp,SEP,0.0122270901188253,FALSE,-0.140122989506216,0.168645568048766
