id,varname,month,coef,significant,ci_lower,ci_upper
1,prec,jun,-0.0473558786715477,FALSE,-0.207864986923347,0.113793893206781
2,prec,jul,0.0198596474915572,FALSE,-0.122505497598953,0.179716707112127
3,prec,aug,0.111551829561223,FALSE,-0.023151379501536,0.236001404003428
4,prec,sep,0.125452669968539,FALSE,-0.0324283314465535,0.261833255234006
5,prec,oct,0.0753590603084057,FALSE,-0.06118044984112,0.193728100066436
6,prec,nov,0.138328016264288,TRUE,0.0152372002778936,0.25862252563604
7,prec,dec,0.269067669408559,TRUE,0.127067607807969,0.399089941919258
8,prec,JAN,0.136483945024168,FALSE,0.000889013778473051,0.28202779659545
9,prec,FEB,0.168450388301142,TRUE,0.0316522611257561,0.298227311398713
10,prec,MAR,0.139512512295397,FALSE,-0.0213001260285408,0.306438660695992
11,prec,APR,0.089580552748892,FALSE,-0.0507277093166823,0.228636096165272
12,prec,MAY,-0.0519447500157597,FALSE,-0.201499423255501,0.107659014647667
13,prec,JUN,0.133735405021382,FALSE,-0.0335431724862409,0.273207227907956
14,prec,JUL,0.135477059504221,FALSE,-0.0185294875451268,0.280462827313618
15,prec,AUG,0.0742926525458162,FALSE,-0.118078840749319,0.222601008220667
16,prec,SEP,0.0809612898347385,FALSE,-0.0723772464779193,0.24395498264269
17,temp,jun,-0.00445040984057933,FALSE,-0.18202398978641,0.160589361668682
18,temp,jul,-0.00991121118225571,FALSE,-0.137022504803329,0.122524990755961
19,temp,aug,0.0475254923021704,FALSE,-0.0991011006409071,0.176553025153303
20,temp,sep,-0.124466424319752,FALSE,-0.262043762920206,-0.000881140843616422
21,temp,oct,-0.0565000722459478,FALSE,-0.204617151365891,0.112108330360954
22,temp,nov,-0.0262372276078887,FALSE,-0.177541407463996,0.11335704535369
23,temp,dec,-0.0269946026455556,FALSE,-0.18456776112158,0.103752768011256
24,temp,JAN,0.0641868318299008,FALSE,-0.0956593190944777,0.21725531298551
25,temp,FEB,0.0136181001259126,FALSE,-0.14007646732405,0.162845131746469
26,temp,MAR,0.138366593342125,FALSE,-0.0215212436602184,0.291767737308159
27,temp,APR,0.0139206354300143,FALSE,-0.133460391872122,0.178694481755335
28,temp,MAY,-0.136314514881692,FALSE,-0.316878697818358,0.0776804243729561
29,temp,JUN,-0.142671605748036,FALSE,-0.314710532205906,0.0383133146498657
30,temp,JUL,0.0418034069076021,FALSE,-0.128675322465483,0.193815688862006
31,temp,AUG,-0.0304105613605751,FALSE,-0.19626163387068,0.137602491317577
32,temp,SEP,-0.0586128245756542,FALSE,-0.202913337692113,0.08075810321239
