id,varname,month,coef,significant,ci_lower,ci_upper
1,prec,jun,-0.0943127962842538,FALSE,-0.291243455777074,0.074032467001821
2,prec,jul,0.107124583961993,FALSE,-0.0807762311656384,0.31184074342252
3,prec,aug,0.17233020134844,FALSE,-0.0423940623175236,0.365577468900918
4,prec,sep,0.0675964355107746,FALSE,-0.110974792083243,0.230221488960512
5,prec,oct,0.105119391991901,FALSE,-0.0453727539299851,0.256003854925054
6,prec,nov,-0.067791122875001,FALSE,-0.26071698596071,0.118951421361084
7,prec,dec,-0.00622305278283617,FALSE,-0.195673677274477,0.176085732556098
8,prec,JAN,0.109899802135489,FALSE,-0.0712552010234154,0.294749199290936
9,prec,FEB,0.153675389084346,FALSE,-0.0452348080011048,0.342060414898357
10,prec,MAR,-0.122943868514543,FALSE,-0.281267551454471,0.046294462820657
11,prec,APR,0.0558228223555825,FALSE,-0.15917399070699,0.23947809762715
12,prec,MAY,0.0417805420419765,FALSE,-0.144556618338966,0.203451268976753
13,prec,JUN,0.211896520569676,TRUE,0.0510242008402442,0.3608040674907
14,prec,JUL,-0.0653776342901141,FALSE,-0.240991951399518,0.132093617877424
15,prec,AUG,0.146282420450234,FALSE,-0.0300683533417254,0.307293409490435
16,prec,SEP,-0.134689643735782,FALSE,-0.327593448735209,0.037751007257151
17,temp,jun,-0.0246014948992142,FALSE,-0.205405740006481,0.135339765063777
18,temp,jul,0.196874757706756,FALSE,-0.0114579254352062,0.388210355674792
19,temp,aug,-0.0739105464470232,FALSE,-0.247079607382143,0.109054192078241
20,temp,sep,-0.0843779448780957,FALSE,-0.254497462067746,0.0994908888820782
21,temp,oct,-0.167993203430842,TRUE,-0.297402669354432,-0.0272652767115603
22,temp,nov,0.113423918483742,FALSE,-0.0695916496445143,0.266452813030149
23,temp,dec,0.0741704567260232,FALSE,-0.105822093724194,0.236963028350406
24,temp,JAN,-0.0839777880291679,FALSE,-0.281181582603302,0.115296488304195
25,temp,FEB,-0.0602922152301515,FALSE,-0.239369655936332,0.125024811680645
26,temp,MAR,0.0198418049351263,FALSE,-0.153908820338704,0.186506155980609
27,temp,APR,-0.016543460311786,FALSE,-0.200029285835811,0.150490589791926
28,temp,MAY,-0.00651118501348941,FALSE,-0.190532954707754,0.143052781100176
29,temp,JUN,-0.0875867560215524,FALSE,-0.241445139321027,0.0727355989946791
30,temp,JUL,0.0720066579687899,FALSE,-0.100223759964668,0.25422876962456
31,temp,AUG,0.0118545129521752,FALSE,-0.169091816848195,0.200793251183439
32,temp,SEP,-0.0508558101007176,FALSE,-0.229621666809313,0.119558688431529
