id,varname,month,coef,significant,ci_lower,ci_upper
1,prec,jun,0.0285246092337621,FALSE,-0.156529506480348,0.208004203176949
2,prec,jul,0.094340335469541,FALSE,-0.113996612885852,0.297156100790545
3,prec,aug,-0.0756455366420655,FALSE,-0.244229087969946,0.102270719891522
4,prec,sep,0.135776123855071,FALSE,-0.0469211670183167,0.307693463296126
5,prec,oct,0.118345457664155,FALSE,-0.0515184585518768,0.288658606679358
6,prec,nov,0.132474697238622,FALSE,-0.0534380020143781,0.305537145976803
7,prec,dec,0.114426942620614,FALSE,-0.0964538189482592,0.271285131496041
8,prec,JAN,0.152096031089274,FALSE,-0.0250522651513359,0.359194305513229
9,prec,FEB,0.026945149351809,FALSE,-0.174368379021217,0.221008561582205
10,prec,MAR,0.0387632592548315,FALSE,-0.135266612740049,0.188936881020949
11,prec,APR,-0.083216842783321,FALSE,-0.300867028895919,0.088680123425765
12,prec,MAY,0.130616502021428,FALSE,-0.0592768159953254,0.319566108453215
13,prec,JUN,0.162007993392832,FALSE,-0.0173772310262415,0.340705259333369
14,prec,JUL,0.0394999054232165,FALSE,-0.149018169953006,0.216510230364331
15,prec,AUG,-0.0310896926314696,FALSE,-0.189886622294023,0.139535270903742
16,prec,SEP,-0.0531310739904947,FALSE,-0.257893624656491,0.131593915931955
17,temp,jun,0.128441481066312,FALSE,-0.0797451258645214,0.308597225702172
18,temp,jul,-0.0506853883010812,FALSE,-0.186441623358253,0.129964322229988
19,temp,aug,0.0688556582036251,FALSE,-0.125456057875702,0.242661236327548
20,temp,sep,0.0458335564912364,FALSE,-0.122621589678929,0.204543934510584
21,temp,oct,-0.114182793787061,FALSE,-0.269838868649991,0.057492397042804
22,temp,nov,-0.0350317771989245,FALSE,-0.186976832213084,0.117177729645148
23,temp,dec,-0.0628933781605457,FALSE,-0.243143013874095,0.128975149309826
24,temp,JAN,-0.014049731067946,FALSE,-0.188042958884245,0.145749055243229
25,temp,FEB,-0.0979928479895136,FALSE,-0.252058036398556,0.0679620319019746
26,temp,MAR,0.165814670204503,FALSE,0.00544069969430337,0.350533089713203
27,temp,APR,-0.147529040507708,FALSE,-0.340558932676336,0.0219280882852906
28,temp,MAY,-0.00144038915656474,FALSE,-0.169562278037263,0.176991718522131
29,temp,JUN,-0.0850776292282965,FALSE,-0.250381856467784,0.0796834909770304
30,temp,JUL,-0.0249657466537617,FALSE,-0.210545686474193,0.155193077742518
31,temp,AUG,0.0482153031947769,FALSE,-0.155812489545323,0.226144947912437
32,temp,SEP,0.0286944195785535,FALSE,-0.186737765412155,0.23795316411807
