id,varname,month,coef,significant,ci_lower,ci_upper
1,prec,jun,-0.0076417843898912,FALSE,-0.136316090570277,0.109187228824153
2,prec,jul,0.0966755279662824,FALSE,-0.0257194981181851,0.220614722801901
3,prec,aug,-0.0416970685621861,FALSE,-0.176325938874618,0.0885182815872841
4,prec,sep,0.147311190084641,TRUE,0.0205511624249509,0.269624064495559
5,prec,oct,0.264731911658594,TRUE,0.145625245886859,0.38435247757882
6,prec,nov,0.283573255696226,TRUE,0.16942772548777,0.399337309843574
7,prec,dec,0.18982516521254,TRUE,0.0665899905499173,0.284856950527581
8,prec,JAN,0.146457422625353,TRUE,0.0181139177516008,0.272290144144337
9,prec,FEB,0.084467968189082,FALSE,-0.0440220736624998,0.213560107268916
10,prec,MAR,0.215542035948941,TRUE,0.0947011055983524,0.32460978366277
11,prec,APR,0.113703512140339,FALSE,-0.0152452235713696,0.237066290227749
12,prec,MAY,0.173789875853114,TRUE,0.0572619313975391,0.293980981333577
13,prec,JUN,0.0769748396629879,FALSE,-0.0728535502284797,0.209333466588164
14,prec,JUL,0.116946287761369,FALSE,-0.0327371167930438,0.252142036309508
15,prec,AUG,-0.0821787244883608,FALSE,-0.214178933233995,0.0411980143630939
16,prec,SEP,0.0958805992671625,FALSE,-0.0293218721819177,0.213657222808187
17,temp,jun,-0.0262024465148801,FALSE,-0.168211461694104,0.107306666300734
18,temp,jul,0.0412799862324092,FALSE,-0.087500321865312,0.161625601826242
19,temp,aug,-0.00557059395245421,FALSE,-0.128217427635519,0.116612699740184
20,temp,sep,-0.0389740954674453,FALSE,-0.161404355208854,0.0703571270140376
21,temp,oct,-0.0235450442654678,FALSE,-0.168978331117314,0.109870371376483
22,temp,nov,-0.0419367657699131,FALSE,-0.160860123796804,0.0805893543329581
23,temp,dec,-0.0284749618964422,FALSE,-0.160728538093633,0.110288988718009
24,temp,JAN,-0.0175190853171282,FALSE,-0.140713923887736,0.110722292414263
25,temp,FEB,3.27523248860479e-05,FALSE,-0.119935450952524,0.130274459010536
26,temp,MAR,0.0650798697425237,FALSE,-0.0553743781244032,0.180192827402448
27,temp,APR,0.0117744290827588,FALSE,-0.124728086463896,0.12636349679651
28,temp,MAY,-0.0687694628036823,FALSE,-0.201002280482936,0.0701357533479471
29,temp,JUN,-0.167152366063119,TRUE,-0.307152572920382,-0.0264987028644484
30,temp,JUL,-0.0858606082343281,FALSE,-0.225427506397558,0.0837562203441261
31,temp,AUG,0.0797233619263243,FALSE,-0.0743349357356878,0.221372715848223
32,temp,SEP,-0.00952388806935571,FALSE,-0.149878418717298,0.115572648207763
