id,varname,month,coef,significant,ci_lower,ci_upper
1,prec,jun,0.0206625094961673,FALSE,-0.138561037272714,0.163810202676283
2,prec,jul,0.0236935443759543,FALSE,-0.154993525290716,0.160664396255624
3,prec,aug,-0.0474717705286378,FALSE,-0.205536116238305,0.142729529881185
4,prec,sep,0.0981485947849964,FALSE,-0.0849725277504693,0.243822034561782
5,prec,oct,0.0431990269998659,FALSE,-0.107696461867734,0.160743380531254
6,prec,nov,0.00571234440955215,FALSE,-0.144591767957362,0.135236088686972
7,prec,dec,-0.0111948682441283,FALSE,-0.151247096332263,0.136216832570542
8,prec,JAN,-0.00227898766936743,FALSE,-0.168767422432935,0.176013911624522
9,prec,FEB,0.0344469320827833,FALSE,-0.111865768823997,0.182873451986499
10,prec,MAR,0.00988027773199789,FALSE,-0.139517670266085,0.155566056046938
11,prec,APR,-0.0348722199282509,FALSE,-0.185402004587039,0.1021496309168
12,prec,MAY,-0.0830553835346715,FALSE,-0.237411316352847,0.0746636761656519
13,prec,JUN,0.29845990085487,TRUE,0.115495937648184,0.438544368972626
14,prec,JUL,0.114626092976933,FALSE,-0.0193974933176069,0.235470012724349
15,prec,AUG,0.0474777811807006,FALSE,-0.0781101978071682,0.184512628317971
16,prec,SEP,0.0746012444504495,FALSE,-0.0637278298185807,0.251962716579621
17,temp,jun,-0.210192084172881,TRUE,-0.349638040624386,-0.0601617455962221
18,temp,jul,0.00494010818120166,FALSE,-0.162928242057591,0.182359189065577
19,temp,aug,-0.122141297068212,FALSE,-0.266010863157414,0.0423182591709686
20,temp,sep,-0.265646483130876,TRUE,-0.42584217142665,-0.0996658656370057
21,temp,oct,-0.0986979700664378,FALSE,-0.225391067742945,0.0313356416122347
22,temp,nov,0.00215869958477991,FALSE,-0.175397303537971,0.164519363261596
23,temp,dec,-0.0605527726350932,FALSE,-0.237805269474828,0.103924865203925
24,temp,JAN,0.151503024138462,TRUE,0.0134329580776068,0.28562474922436
25,temp,FEB,-0.0297085723471906,FALSE,-0.176122805466236,0.100194413081353
26,temp,MAR,0.0714592969819766,FALSE,-0.085663050519008,0.212846035912273
27,temp,APR,0.157538673661664,TRUE,0.00335285416367562,0.30581698323034
28,temp,MAY,0.0330248076245442,FALSE,-0.0984828187332305,0.166369595914019
29,temp,JUN,-0.229553240122042,TRUE,-0.390583261843995,-0.0803567031501042
30,temp,JUL,-0.000791040069500908,FALSE,-0.133464738441355,0.143062144220172
31,temp,AUG,0.00553064880332228,FALSE,-0.14758686624842,0.149122214133656
32,temp,SEP,-0.0532201578418473,FALSE,-0.20090631153647,0.106042528288956
