id,varname,month,coef,significant,ci_lower,ci_upper
1,prec,jun,0.0147951126656131,FALSE,-0.130205020792094,0.150046445237378
2,prec,jul,-0.0528519173240235,FALSE,-0.238311607765472,0.132922870361064
3,prec,aug,0.0834746076342552,FALSE,-0.0818387437125756,0.239123217374969
4,prec,sep,-0.0169965863415898,FALSE,-0.160766334334353,0.129086918802836
5,prec,oct,0.227411040632729,TRUE,0.0890518657029398,0.368067946144835
6,prec,nov,0.0885909005725153,FALSE,-0.0622873004497827,0.253896449086545
7,prec,dec,0.0589995009464237,FALSE,-0.0949100135937451,0.194560885820855
8,prec,JAN,0.106266072518609,FALSE,-0.0588007825168686,0.259330374570906
9,prec,FEB,0.154380731912572,TRUE,0.0143263128220728,0.311716518590648
10,prec,MAR,0.163945618039923,TRUE,0.0534911407082504,0.28100930473951
11,prec,APR,0.14777364193152,FALSE,-0.00335459382905765,0.295144167960732
12,prec,MAY,0.0842343186136094,FALSE,-0.064895085765622,0.21839493077597
13,prec,JUN,0.155392081064401,FALSE,-0.00248396410254082,0.284988166072175
14,prec,JUL,0.114130672799571,FALSE,-0.0330878304000096,0.260732048836243
15,prec,AUG,0.0156488406301862,FALSE,-0.140741780542347,0.164910387629691
16,prec,SEP,-0.0862704259785912,FALSE,-0.241347790622363,0.0580985394288846
17,temp,jun,-0.0438310769938364,FALSE,-0.20018650236687,0.0969858402978634
18,temp,jul,-0.163008699727312,TRUE,-0.298341311066235,-0.0179502896290717
19,temp,aug,-0.0652761926204528,FALSE,-0.211296582772149,0.0952310375215807
20,temp,sep,0.00728760493945588,FALSE,-0.16103386377411,0.17385390282646
21,temp,oct,-0.125853181515187,TRUE,-0.232006565881032,-0.0114801172950789
22,temp,nov,-0.0684282719003723,FALSE,-0.200546147471067,0.0912618951016922
23,temp,dec,0.0533804408494601,FALSE,-0.101186502392434,0.202839327512385
24,temp,JAN,0.0207581134058998,FALSE,-0.109679406192725,0.163987544769604
25,temp,FEB,-0.0691582999292353,FALSE,-0.219001607403915,0.066993700791594
26,temp,MAR,0.0430936168031613,FALSE,-0.105003058897029,0.185498678979508
27,temp,APR,0.0585654460065787,FALSE,-0.0906578264617288,0.190033775477908
28,temp,MAY,-0.126594028127055,FALSE,-0.273837938223226,0.00876427017331373
29,temp,JUN,-0.100433977099165,FALSE,-0.257336367232281,0.0276683620056973
30,temp,JUL,-0.120419047486844,FALSE,-0.254137091400773,0.0436953400102603
31,temp,AUG,0.00650847537105818,FALSE,-0.125794107001152,0.132106194147638
32,temp,SEP,-0.0444991891392263,FALSE,-0.203639808855409,0.105371225165435
