id,varname,month,coef,significant,ci_lower,ci_upper
1,prec,jun,0.033359764905294,FALSE,-0.0952272991341123,0.142248246977526
2,prec,jul,0.0663230497233646,FALSE,-0.0717445220382193,0.182997548907823
3,prec,aug,0.00568033537911742,FALSE,-0.137184716717854,0.135694987986884
4,prec,sep,0.111339408064743,FALSE,-0.0403331126458052,0.253022139219333
5,prec,oct,0.127249812465511,FALSE,7.949224948944e-05,0.285155158732462
6,prec,nov,0.157476295334027,TRUE,0.0275675454600567,0.289520248653759
7,prec,dec,0.14051441000193,TRUE,0.00680229326212548,0.267784304965188
8,prec,JAN,0.104928914430064,FALSE,-0.0501245862676201,0.249831124099028
9,prec,FEB,0.0251582333989488,FALSE,-0.126755737293267,0.177411420999448
10,prec,MAR,0.204116412576706,TRUE,0.0634564757739412,0.348488318384117
11,prec,APR,0.112721708970485,FALSE,-0.0345174700972416,0.252049973483716
12,prec,MAY,0.154275462104801,TRUE,0.00400926808102052,0.31045940798629
13,prec,JUN,0.0793232038658725,FALSE,-0.0879146188109905,0.223958782337806
14,prec,JUL,0.174595955862132,TRUE,0.0296114409552662,0.323345585800421
15,prec,AUG,-0.130223103089281,FALSE,-0.299454093571879,0.0358591101564451
16,prec,SEP,0.0522536875432766,FALSE,-0.0730110500288035,0.175570874438511
17,temp,jun,-0.0710660682500374,FALSE,-0.211372779594067,0.0553483081844915
18,temp,jul,-0.108428016365262,FALSE,-0.248475558198472,0.021312128945977
19,temp,aug,-0.0490632214079048,FALSE,-0.194922241084028,0.101123224150331
20,temp,sep,-0.027238386133946,FALSE,-0.167681978013133,0.116171274045457
21,temp,oct,-0.179361354221848,TRUE,-0.304950757117419,-0.0626738987583173
22,temp,nov,-0.0667601759160708,FALSE,-0.204824836427064,0.0690169085581912
23,temp,dec,0.0345027516593889,FALSE,-0.126084274689812,0.221754311213618
24,temp,JAN,0.0204549161227295,FALSE,-0.123869240474043,0.158531501542908
25,temp,FEB,-0.0487774872563581,FALSE,-0.189110359931695,0.0772520034832139
26,temp,MAR,0.0868632015160693,FALSE,-0.067251234548376,0.245349816608913
27,temp,APR,0.0237887169948218,FALSE,-0.107184980282107,0.167840010431916
28,temp,MAY,-0.0181079088051056,FALSE,-0.142321718112136,0.0974539175709289
29,temp,JUN,-0.128985093199235,TRUE,-0.221356189972167,-0.020326809035719
30,temp,JUL,-0.0283641962697662,FALSE,-0.179789433337319,0.131249632657903
31,temp,AUG,0.0031254614166513,FALSE,-0.150105513568284,0.130745937968016
32,temp,SEP,0.00904582926901382,FALSE,-0.134055575911013,0.143497849727133
