id,varname,month,coef,significant,ci_lower,ci_upper
1,prec,jun,-0.150841254300518,TRUE,-0.270515158913502,-0.0142484203088269
2,prec,jul,-0.00206641252547069,FALSE,-0.148254762519259,0.147741495593645
3,prec,aug,0.0405500352024271,FALSE,-0.0953268560908073,0.185588660998148
4,prec,sep,0.0797730395761437,FALSE,-0.0565730324558797,0.216553407019727
5,prec,oct,0.0774311065782536,FALSE,-0.0269140464617051,0.17523244863095
6,prec,nov,0.0430698505833879,FALSE,-0.0944651945905183,0.173243925372523
7,prec,dec,-0.078367751679168,FALSE,-0.21035403535536,0.0556717165290723
8,prec,JAN,0.0209167326919136,FALSE,-0.133050833234217,0.176601981012466
9,prec,FEB,0.0213399871111875,FALSE,-0.108319239552082,0.147662243101985
10,prec,MAR,0.0541207513563992,FALSE,-0.0851745814726186,0.170203450596819
11,prec,APR,0.186233284415889,TRUE,0.0777050256913914,0.31108951218666
12,prec,MAY,0.178532174039368,TRUE,0.0559688069910178,0.304665653101297
13,prec,JUN,0.132318918815973,FALSE,-0.0139513088518221,0.28378852790997
14,prec,JUL,0.0958589931855561,FALSE,-0.0292055657637321,0.203616861228459
15,prec,AUG,0.0522170571795775,FALSE,-0.0632618994800731,0.15521009363748
16,prec,SEP,-0.0191141301102019,FALSE,-0.150377477529306,0.09730450425993
17,temp,jun,-0.0462318816123156,FALSE,-0.16703129479123,0.0678599107260389
18,temp,jul,-0.0875782281996496,FALSE,-0.22484795762734,0.0703178976148402
19,temp,aug,0.0397893465915376,FALSE,-0.112264326521086,0.185571159675486
20,temp,sep,-0.0122914603235485,FALSE,-0.132173975272823,0.124056659518143
21,temp,oct,-0.188476279601184,TRUE,-0.286040894432544,-0.0876683599245778
22,temp,nov,-0.097741174327278,FALSE,-0.264382261635535,0.0606080548466987
23,temp,dec,-0.0241256049633502,FALSE,-0.157760293623579,0.101439411141209
24,temp,JAN,0.0748222422726507,FALSE,-0.0608229540700633,0.221161518253512
25,temp,FEB,-0.0519793885717391,FALSE,-0.170178028215004,0.0788151260737305
26,temp,MAR,0.0646241359841166,FALSE,-0.0615813242552079,0.184098477038766
27,temp,APR,-0.0255122737972905,FALSE,-0.152430017707267,0.103952047219848
28,temp,MAY,-0.159108450809233,TRUE,-0.286735780452309,-0.0477502808716464
29,temp,JUN,-0.173655074228828,TRUE,-0.297539811571416,-0.0711563695681708
30,temp,JUL,-0.128782071577808,FALSE,-0.25260881642624,0.0261057983280075
31,temp,AUG,0.0294754864711668,FALSE,-0.113090090944696,0.178711622553155
32,temp,SEP,-0.0510256582211954,FALSE,-0.179300647629303,0.0805620440784467
