id,varname,month,coef,significant,ci_lower,ci_upper
1,prec,jun,0.123411465016016,FALSE,-0.0544430752285396,0.271946516363626
2,prec,jul,0.0701388900786497,FALSE,-0.126118966172817,0.226619794981727
3,prec,aug,0.0932499728449487,FALSE,-0.0687371476139909,0.261914307898349
4,prec,sep,0.126353840849917,FALSE,-0.0649629276267291,0.303763172244468
5,prec,oct,0.0846365026785415,FALSE,-0.101413180354407,0.27601222236856
6,prec,nov,0.152666893963845,FALSE,-0.0134042285476216,0.305423873459985
7,prec,dec,0.0371092389067811,FALSE,-0.139511041008204,0.215701565975997
8,prec,JAN,0.136435407709421,FALSE,-0.0308695632578455,0.318207503748031
9,prec,FEB,0.0982814165354238,FALSE,-0.0680127869767296,0.247620877564691
10,prec,MAR,0.113532863403536,FALSE,-0.0474041068831724,0.289161788896908
11,prec,APR,0.168254178193212,FALSE,-0.0244968587146271,0.393705177589748
12,prec,MAY,0.019972090246415,FALSE,-0.168507463598967,0.184567610668923
13,prec,JUN,0.224376161644878,TRUE,0.0462562135937811,0.418999472354222
14,prec,JUL,0.155412313307022,FALSE,-0.0112778147454502,0.30204136858016
15,prec,AUG,0.0223373254481332,FALSE,-0.141335755501057,0.204665727412769
16,prec,SEP,0.0344147741588513,FALSE,-0.130710194930611,0.182696729205404
17,temp,jun,-0.0629137479264638,FALSE,-0.213782273747494,0.0919361399215494
18,temp,jul,-0.0633730316908506,FALSE,-0.240965154924253,0.116582554437276
19,temp,aug,0.0140923302110005,FALSE,-0.158043791958791,0.152690324856907
20,temp,sep,-0.041478307460338,FALSE,-0.211137814296489,0.117907767761732
21,temp,oct,0.011687320279775,FALSE,-0.150285591442975,0.152493653270125
22,temp,nov,0.0116599178409472,FALSE,-0.178404801626902,0.189557797120996
23,temp,dec,0.0321358840821444,FALSE,-0.139463737891962,0.231334759263612
24,temp,JAN,0.0590444331116141,FALSE,-0.120859420486403,0.220359822982205
25,temp,FEB,-0.13636949336223,FALSE,-0.290641620736081,0.0186587623443024
26,temp,MAR,-0.00845607192316187,FALSE,-0.196774562861486,0.191750768594224
27,temp,APR,0.0920882557360543,FALSE,-0.0760402297401754,0.258150583008963
28,temp,MAY,0.0436955981406398,FALSE,-0.143935218527527,0.226097226137745
29,temp,JUN,-0.141013350333812,FALSE,-0.322928244581121,0.018984514875864
30,temp,JUL,0.00459029060123917,FALSE,-0.198059083097201,0.229728499984655
31,temp,AUG,0.00795050669581144,FALSE,-0.140329201213882,0.151824640052199
32,temp,SEP,-0.0819310063001237,FALSE,-0.253950142385254,0.117893906418047
