id,varname,month,coef,significant,ci_lower,ci_upper
1,prec,jun,0.0837851608718373,FALSE,-0.0426959562340205,0.229513113970211
2,prec,jul,0.0118042824281914,FALSE,-0.142458733908733,0.139747814184799
3,prec,aug,0.169366519891832,TRUE,0.0404875248270596,0.291428845765373
4,prec,sep,0.0408127736076042,FALSE,-0.121915066806201,0.201629422695375
5,prec,oct,0.0803375273394573,FALSE,-0.0533367565007248,0.214844154009588
6,prec,nov,0.0206877442294458,FALSE,-0.138830436619655,0.166414749904329
7,prec,dec,-0.076082886239119,FALSE,-0.215083575824658,0.0815632540915441
8,prec,JAN,0.0347269905702724,FALSE,-0.107949271165125,0.179515928558361
9,prec,FEB,-0.0012751936688272,FALSE,-0.150273324333879,0.155327697722083
10,prec,MAR,0.104004553281942,FALSE,-0.0286176276829292,0.234791616130324
11,prec,APR,0.259126832966071,TRUE,0.103448163935625,0.400522643767658
12,prec,MAY,0.18788205029879,TRUE,0.0233897113300706,0.353824367031869
13,prec,JUN,0.269240327801514,TRUE,0.102279443616094,0.425762831677777
14,prec,JUL,-0.0198678785477947,FALSE,-0.169448480412174,0.121790562760945
15,prec,AUG,0.0283240657789365,FALSE,-0.129840903110837,0.181333108111007
16,prec,SEP,0.0833852712717815,FALSE,-0.0742264045557984,0.236685942340377
17,temp,jun,0.0129599178960643,FALSE,-0.126292860099328,0.161400022678423
18,temp,jul,-0.0923959355447187,FALSE,-0.259655560278777,0.0518454425797421
19,temp,aug,-0.0605829769122463,FALSE,-0.229593687285306,0.101449370446588
20,temp,sep,0.0132340700044163,FALSE,-0.141460189378456,0.16725422090233
21,temp,oct,-0.201277421147898,TRUE,-0.334437833588966,-0.0771546162962678
22,temp,nov,-0.0563780861619629,FALSE,-0.189281677887221,0.0893524046321458
23,temp,dec,-0.0206707309825828,FALSE,-0.182660056561253,0.131763148577584
24,temp,JAN,0.0428014791483811,FALSE,-0.11288681261596,0.190608034345632
25,temp,FEB,0.040488024330851,FALSE,-0.0997906334498252,0.184820610076872
26,temp,MAR,0.09303859626186,FALSE,-0.0588300757699753,0.242026551350496
27,temp,APR,-0.126928784012267,FALSE,-0.25982677388748,0.0252299630794151
28,temp,MAY,-0.0530686586550851,FALSE,-0.208774007702881,0.104157415266197
29,temp,JUN,0.118647276903435,FALSE,-0.0348922055508892,0.269990557115219
30,temp,JUL,-0.104383212774425,FALSE,-0.237478456781996,0.0670767914198683
31,temp,AUG,0.114127629720321,FALSE,-0.0295731649312785,0.24378979507818
32,temp,SEP,0.0731081963075056,FALSE,-0.0831385217915018,0.227532525492378
