id,varname,month,coef,significant,ci_lower,ci_upper
1,prec,jun,0.0626032478525565,FALSE,-0.0943881074762661,0.209099359110244
2,prec,jul,0.147410490146142,TRUE,0.00802685196007753,0.291321771790237
3,prec,aug,0.0217123588959735,FALSE,-0.142571269020473,0.185210120407576
4,prec,sep,0.0894755078186626,FALSE,-0.0688626539487936,0.260977847381355
5,prec,oct,-0.0267242365112438,FALSE,-0.178226616212567,0.10787280554058
6,prec,nov,0.0581659158690265,FALSE,-0.0965055613077579,0.212393381687246
7,prec,dec,-0.00673446703904049,FALSE,-0.186206046541546,0.162992322126848
8,prec,JAN,0.0226455305541278,FALSE,-0.127410744210398,0.19297974492887
9,prec,FEB,0.00913607676952392,FALSE,-0.168126470919432,0.171772466770844
10,prec,MAR,-0.00734599677553161,FALSE,-0.196426152815546,0.197251805684262
11,prec,APR,-0.10960288241879,FALSE,-0.272451729778793,0.0661943481230743
12,prec,MAY,0.00479763175275742,FALSE,-0.139351294816351,0.174699970552693
13,prec,JUN,-0.0777374842811761,FALSE,-0.234319932540351,0.0867821058400885
14,prec,JUL,0.0249546359266806,FALSE,-0.128495939149893,0.176566492694396
15,prec,AUG,-0.0041365788984614,FALSE,-0.195661613726425,0.19973476670848
16,prec,SEP,-0.0797868213758563,FALSE,-0.244950015650481,0.12882973714048
17,temp,jun,-0.0414051187152709,FALSE,-0.192294186413365,0.0977381545065057
18,temp,jul,-0.0747779176854551,FALSE,-0.258510212662881,0.0842629672737235
19,temp,aug,-0.267630831249811,TRUE,-0.419696507550797,-0.128661785586682
20,temp,sep,-0.133192301038407,FALSE,-0.306696056543393,0.0437499109540487
21,temp,oct,0.0434720992601249,FALSE,-0.0976508990797546,0.183109311391627
22,temp,nov,0.100625061282933,FALSE,-0.0660823318521607,0.263565735505051
23,temp,dec,-0.116740409689181,FALSE,-0.294632151039462,0.067607057398234
24,temp,JAN,0.00159656009959716,FALSE,-0.173225152479287,0.16017950591826
25,temp,FEB,-0.122118645027532,FALSE,-0.281626623280208,0.0337145879050342
26,temp,MAR,0.0335505674009321,FALSE,-0.159879340846212,0.209560423524058
27,temp,APR,-0.0984729205579387,FALSE,-0.278478720801709,0.0667598895683687
28,temp,MAY,-0.0625343864063326,FALSE,-0.211926649172486,0.106180210827202
29,temp,JUN,0.00916590234033047,FALSE,-0.150411028079337,0.180251757773011
30,temp,JUL,0.121079616998633,FALSE,-0.0481132502230707,0.282444447870229
31,temp,AUG,-0.0593634114671519,FALSE,-0.226730427884684,0.0798337757511801
32,temp,SEP,0.0357253620715749,FALSE,-0.12353974797028,0.218307939995651
