id,varname,month,coef,significant,ci_lower,ci_upper
1,prec,jun,-0.0347110534843623,FALSE,-0.199487051702331,0.123847918191888
2,prec,jul,0.0686759363114732,FALSE,-0.145277719391932,0.27182755803385
3,prec,aug,-0.0416575073022894,FALSE,-0.225734229373506,0.148090585910458
4,prec,sep,0.0538370217065824,FALSE,-0.108922865822697,0.249084135932895
5,prec,oct,-0.0124462966272513,FALSE,-0.147186470593858,0.129119534075692
6,prec,nov,0.0905844711126536,FALSE,-0.0966203699192678,0.269685105944007
7,prec,dec,0.104694079624846,FALSE,-0.109112903637839,0.307327405453611
8,prec,JAN,0.00984078894106337,FALSE,-0.164596952047419,0.17143613870527
9,prec,FEB,-0.0490130280888893,FALSE,-0.255786338265552,0.149641698206194
10,prec,MAR,0.094821834695048,FALSE,-0.0871475354862256,0.27258806578665
11,prec,APR,-0.0106111892416535,FALSE,-0.183335088117522,0.170977731675948
12,prec,MAY,-0.0556322916069495,FALSE,-0.234987874821721,0.129635884692615
13,prec,JUN,-0.10031436537581,FALSE,-0.265892524069954,0.0441897194807437
14,prec,JUL,0.00678964422577873,FALSE,-0.18706385055099,0.214672766284619
15,prec,AUG,0.0218327378144361,FALSE,-0.161235831795114,0.193904454575716
16,prec,SEP,-0.0427765540368201,FALSE,-0.213200381993444,0.14232896578736
17,temp,jun,-0.0100852028696901,FALSE,-0.178373190393988,0.150927450379844
18,temp,jul,0.0305109876449483,FALSE,-0.147939549342146,0.199677651935804
19,temp,aug,-0.297931471397731,TRUE,-0.457921074209834,-0.144907763687708
20,temp,sep,0.178417052770938,TRUE,0.00961356440670962,0.34727878909285
21,temp,oct,0.113422506240588,FALSE,-0.0492160727635086,0.273032644581871
22,temp,nov,0.0787724783438463,FALSE,-0.0969351157158294,0.235923551047434
23,temp,dec,0.00444923881442834,FALSE,-0.16974235620054,0.186630195698218
24,temp,JAN,-0.117178021699801,FALSE,-0.322006672756891,0.0778080428016557
25,temp,FEB,-0.0559881186080136,FALSE,-0.241230281846537,0.139944318889062
26,temp,MAR,0.0595399687881963,FALSE,-0.122859800852017,0.244674544980579
27,temp,APR,-0.0426139756845995,FALSE,-0.201788318915788,0.148756364155954
28,temp,MAY,-0.132373059604761,FALSE,-0.297523154918762,0.0331362418606992
29,temp,JUN,-0.128757189575567,FALSE,-0.29189144193154,0.0228038999522427
30,temp,JUL,0.247788106700329,TRUE,0.0511648334905043,0.456369444282131
31,temp,AUG,-0.156479833438725,FALSE,-0.37208309616333,0.0494984196192883
32,temp,SEP,-0.0309402251560614,FALSE,-0.194240957116825,0.154828847305032
