id,varname,month,coef,significant,ci_lower,ci_upper
1,prec,jun,-0.0990078307737356,FALSE,-0.246360872490096,0.052321824666153
2,prec,jul,0.0384258035077269,FALSE,-0.116755835663974,0.181081200806744
3,prec,aug,-0.032478623456918,FALSE,-0.158528445298489,0.103386080593966
4,prec,sep,0.132783968066271,FALSE,-0.0227736461976392,0.268768433667792
5,prec,oct,0.113533949127343,FALSE,-0.00923139151685954,0.249880555715933
6,prec,nov,0.0861914706446286,FALSE,-0.035502395288509,0.208694852370214
7,prec,dec,0.1705109201775,TRUE,0.0373282776155632,0.32168307964639
8,prec,JAN,0.140316253832636,FALSE,-0.00632082909090148,0.308732710251934
9,prec,FEB,0.0935142554462279,FALSE,-0.0571358342484664,0.238453846276041
10,prec,MAR,0.141095903337659,FALSE,-0.0059470254408503,0.272261629175964
11,prec,APR,0.0760835562213273,FALSE,-0.0862054417687205,0.23379562113749
12,prec,MAY,0.0913326734472128,FALSE,-0.0669454172430825,0.2261147375025
13,prec,JUN,0.123151489516831,FALSE,-0.00556574394241236,0.249032608953179
14,prec,JUL,0.0932000397619338,FALSE,-0.0696050417743628,0.243328164704931
15,prec,AUG,-0.0464088120934076,FALSE,-0.188762547272054,0.0899045125891752
16,prec,SEP,-0.0474641955317519,FALSE,-0.186235164952533,0.105586203553545
17,temp,jun,0.0569448347055858,FALSE,-0.0873862245857379,0.188482191702493
18,temp,jul,-0.0488814322709986,FALSE,-0.166010924870835,0.0725805513555197
19,temp,aug,0.00985994599327479,FALSE,-0.150170871229002,0.146987596196092
20,temp,sep,-0.0659592431050639,FALSE,-0.207437191265008,0.0744447034889079
21,temp,oct,-0.18079504649784,TRUE,-0.316626364948965,-0.0463274081790922
22,temp,nov,-0.0922827103657833,FALSE,-0.216782394271267,0.0437629919252312
23,temp,dec,-0.0654786223171819,FALSE,-0.195484550797832,0.0649867323533065
24,temp,JAN,-0.137588543206986,FALSE,-0.289204014414872,-0.00534801264863267
25,temp,FEB,-0.0607577575424357,FALSE,-0.221669442923392,0.102066745684089
26,temp,MAR,-0.0272156409959817,FALSE,-0.164343026437848,0.125685917029263
27,temp,APR,-0.154615180189346,TRUE,-0.282561169491407,-0.0198212887929335
28,temp,MAY,-0.034270856678809,FALSE,-0.157401272666738,0.108753731575344
29,temp,JUN,-0.0830323864752936,FALSE,-0.209130211529809,0.0637206952103904
30,temp,JUL,-0.0337515581087273,FALSE,-0.166877458715855,0.111841508637723
31,temp,AUG,-0.0102184517608713,FALSE,-0.136183963551806,0.121662521065185
32,temp,SEP,0.0365213515325228,FALSE,-0.131061612026354,0.216809829300338
