id,varname,month,coef,significant,ci_lower,ci_upper
1,prec,jun,0.0408714566459595,FALSE,-0.0835646073641921,0.148308690907904
2,prec,jul,0.0940660221246263,FALSE,-0.0601352433486263,0.216007605910949
3,prec,aug,0.0380489586962271,FALSE,-0.0959889528265446,0.163608195984676
4,prec,sep,0.13793460009517,TRUE,0.0208364166576552,0.255624114841003
5,prec,oct,0.217717525369537,TRUE,0.048932915612761,0.375719774248532
6,prec,nov,0.151555993709053,TRUE,0.0114872712486648,0.290992055165369
7,prec,dec,0.111537257397619,FALSE,-0.0307865095821862,0.249579519278661
8,prec,JAN,0.181189393608983,TRUE,0.0305202882528421,0.335487479819627
9,prec,FEB,0.129045695236273,FALSE,-0.00574799480691371,0.256857854463989
10,prec,MAR,0.242630747739348,TRUE,0.11292000704879,0.373022483855221
11,prec,APR,0.227299409750281,TRUE,0.0808647741435497,0.377971292996529
12,prec,MAY,0.203827773643361,TRUE,0.0720353515748358,0.320800786849722
13,prec,JUN,0.125143859565067,FALSE,-0.00733088365213799,0.248565012456431
14,prec,JUL,0.083959544519562,FALSE,-0.0539807872594129,0.209172886721732
15,prec,AUG,0.0607276244876016,FALSE,-0.0933969847922464,0.218552298331939
16,prec,SEP,0.0274083485375549,FALSE,-0.132364745372849,0.152572802818139
17,temp,jun,0.0292746516040559,FALSE,-0.110959914840533,0.158148164659869
18,temp,jul,-0.0645072335200546,FALSE,-0.196793178466012,0.0578913324388969
19,temp,aug,0.0309116205407044,FALSE,-0.099268751343358,0.16011974659812
20,temp,sep,-0.0285619832167905,FALSE,-0.162571953573607,0.101633644829154
21,temp,oct,-0.131620868687695,TRUE,-0.257525562482067,-0.00567329372514943
22,temp,nov,-0.0639037321889604,FALSE,-0.207649142320183,0.0798873953486813
23,temp,dec,0.0163708682367233,FALSE,-0.144780551152427,0.177871928998548
24,temp,JAN,-0.030175136776012,FALSE,-0.183029744404066,0.124522024333508
25,temp,FEB,-0.119015471128588,FALSE,-0.268915670521764,0.0229494569532336
26,temp,MAR,-0.0371648362704848,FALSE,-0.203744326167313,0.107847780509873
27,temp,APR,-0.0177154075739114,FALSE,-0.154228752901323,0.130269693550466
28,temp,MAY,-0.0321870807665008,FALSE,-0.161169629762912,0.0753225738379167
29,temp,JUN,-0.0309361818697815,FALSE,-0.162116408297147,0.0948431698858844
30,temp,JUL,-0.0161094105106768,FALSE,-0.152945294861405,0.126065129856834
31,temp,AUG,0.142603366018679,TRUE,0.00558529928034835,0.277273381389331
32,temp,SEP,0.0475932766017871,FALSE,-0.0925048369151671,0.189991725419973
