id,varname,month,coef,significant,ci_lower,ci_upper
1,prec,jun,0.0793480091373027,FALSE,-0.0869738853752611,0.256186709580828
2,prec,jul,-0.0790342656945725,FALSE,-0.287046408033642,0.12327962278562
3,prec,aug,-0.114327748524218,FALSE,-0.283021535757908,0.0788776754351584
4,prec,sep,-0.00359458714148609,FALSE,-0.178462350447595,0.149924529312037
5,prec,oct,-0.161522167855364,FALSE,-0.330394559254247,0.0287284852083111
6,prec,nov,0.0479211746278389,FALSE,-0.137265683414776,0.231412213541362
7,prec,dec,0.0406617123095629,FALSE,-0.121517291178405,0.216780081822244
8,prec,JAN,-0.135898475504223,FALSE,-0.308806169910214,0.0406042781243724
9,prec,FEB,-0.087448774751571,FALSE,-0.261568276506493,0.0955787454510363
10,prec,MAR,0.0567215821321133,FALSE,-0.112149067403699,0.231415919502605
11,prec,APR,-0.0171671531499775,FALSE,-0.214029204890403,0.197930527657328
12,prec,MAY,0.048778642788098,FALSE,-0.208685823983758,0.265239279979576
13,prec,JUN,0.012314311536767,FALSE,-0.1814469671275,0.211854113013185
14,prec,JUL,-0.0743981716692517,FALSE,-0.287905833670402,0.0974465842764399
15,prec,AUG,-0.149481208521375,FALSE,-0.31125728608305,0.0122861876877558
16,prec,SEP,-0.0782552956881151,FALSE,-0.250908405787708,0.0779111862518259
17,temp,jun,0.0500682716517884,FALSE,-0.139121304834385,0.226089839929267
18,temp,jul,0.0113121459942418,FALSE,-0.162572197809616,0.192362640826994
19,temp,aug,-0.194899100120766,TRUE,-0.379713022798785,-0.00394548364598744
20,temp,sep,-0.0168066076950842,FALSE,-0.172318784775073,0.153093277458483
21,temp,oct,-0.176572175706781,FALSE,-0.356557185454525,0.00435718960826009
22,temp,nov,-0.120190961411288,FALSE,-0.28149372753938,0.0420829330452002
23,temp,dec,0.0260255628862375,FALSE,-0.108113811305874,0.168192294991608
24,temp,JAN,-0.0577465262609825,FALSE,-0.222703356147724,0.124814024745103
25,temp,FEB,-0.0226518674358576,FALSE,-0.155837516207055,0.104373798863786
26,temp,MAR,0.081832178555527,FALSE,-0.0837320535456714,0.25819396110886
27,temp,APR,0.0499999774165085,FALSE,-0.113903203159893,0.195342900359782
28,temp,MAY,-0.0269029781463804,FALSE,-0.197590039202113,0.142898906838367
29,temp,JUN,0.0133347392238735,FALSE,-0.167487859232723,0.189102904147413
30,temp,JUL,0.050765400680932,FALSE,-0.135226715316719,0.233425864240791
31,temp,AUG,-0.268262615025476,TRUE,-0.46700997067742,-0.0717734353577347
32,temp,SEP,-0.0444332900645772,FALSE,-0.22649226810987,0.107864524960173
