id,varname,month,coef,significant,ci_lower,ci_upper
1,prec,jun,0.0392995962718969,FALSE,-0.146011317825318,0.231698234369863
2,prec,jul,-0.0389946837374878,FALSE,-0.241327727621321,0.14014770309801
3,prec,aug,-0.155813603896596,FALSE,-0.353115364935206,0.039376540590913
4,prec,sep,0.0056751511544426,FALSE,-0.21540584399924,0.197324701402484
5,prec,oct,0.040256340176518,FALSE,-0.168920949439985,0.249649477878859
6,prec,nov,0.0781782421716208,FALSE,-0.101645334573627,0.277077949111714
7,prec,dec,-0.109916684520583,FALSE,-0.294000209259385,0.0542237974272272
8,prec,JAN,0.00339415223055756,FALSE,-0.166536926039056,0.166764134797458
9,prec,FEB,0.0100836446503021,FALSE,-0.196046422995175,0.192092714271059
10,prec,MAR,0.243113223843494,TRUE,0.0334476061296618,0.464021984780558
11,prec,APR,-0.00482893318595078,FALSE,-0.199819888703597,0.180633709879309
12,prec,MAY,-0.0966102068248953,FALSE,-0.294318084533604,0.133720987689368
13,prec,JUN,0.00958071410550498,FALSE,-0.176286033596577,0.211897279405665
14,prec,JUL,-0.0296866765235789,FALSE,-0.214401442507682,0.155965056044909
15,prec,AUG,-0.0943797820890575,FALSE,-0.26629652889482,0.101049142035656
16,prec,SEP,0.106119843893237,FALSE,-0.0774090847056849,0.301862799869014
17,temp,jun,-0.0550697004246817,FALSE,-0.232775181827253,0.142277341561677
18,temp,jul,0.005761865476442,FALSE,-0.204455077921625,0.208081459423951
19,temp,aug,-0.030496346789506,FALSE,-0.22963763417901,0.162276030285528
20,temp,sep,0.0148433953902638,FALSE,-0.160277618699928,0.249777636827569
21,temp,oct,-0.185539600525657,FALSE,-0.374859171481803,0.00739338600403279
22,temp,nov,0.0395547933547426,FALSE,-0.125901158722847,0.236636439913684
23,temp,dec,0.0135605768031754,FALSE,-0.159073528541753,0.16459469363314
24,temp,JAN,-0.0982984974763569,FALSE,-0.279050938890306,0.105494355462879
25,temp,FEB,-0.216609982564381,TRUE,-0.406130428815167,-0.0749223625272832
26,temp,MAR,-0.0426214454349677,FALSE,-0.237225194888137,0.16346194275454
27,temp,APR,-0.0672598927157646,FALSE,-0.237756782983158,0.11686544691903
28,temp,MAY,0.0293618798705778,FALSE,-0.160512244146825,0.204887059243851
29,temp,JUN,0.1990137842091,TRUE,0.00860792321815063,0.375243648395821
30,temp,JUL,0.256328519484152,TRUE,0.0756163296275528,0.43075265867833
31,temp,AUG,-0.0285626926517357,FALSE,-0.267383822264305,0.175474969572198
32,temp,SEP,0.0120809921587794,FALSE,-0.187352277584937,0.217289018317509
