id,varname,month,coef,significant,ci_lower,ci_upper
1,prec,jun,0.0437421399389287,FALSE,-0.165288616724402,0.267249811884341
2,prec,jul,0.124094472361696,FALSE,-0.078642340082196,0.334152899693817
3,prec,aug,-0.0665995787056652,FALSE,-0.261654888910269,0.141266839389392
4,prec,sep,0.0506450710793234,FALSE,-0.143247553205378,0.240273273605246
5,prec,oct,0.0384220018677878,FALSE,-0.130936290560398,0.215332684340833
6,prec,nov,-0.181091189075661,FALSE,-0.391551744019596,0.0164351479385147
7,prec,dec,-0.0330283707061328,FALSE,-0.212168238464941,0.15374133279941
8,prec,JAN,0.0300833390927372,FALSE,-0.149990421425219,0.237513696408183
9,prec,FEB,-0.0251130029568703,FALSE,-0.192504282335721,0.140548736826114
10,prec,MAR,0.129351252830637,FALSE,-0.0354924364892598,0.30800197156823
11,prec,APR,-0.0765523872507431,FALSE,-0.285444899947108,0.14058342934238
12,prec,MAY,0.0092434954310277,FALSE,-0.16769970657833,0.171148688964309
13,prec,JUN,-0.0915196953914033,FALSE,-0.272085344598945,0.0852702521528892
14,prec,JUL,0.111361428650928,FALSE,-0.0720709542551024,0.290220971483112
15,prec,AUG,0.00571126111015804,FALSE,-0.176347175707638,0.177315432388661
16,prec,SEP,0.0389619098297532,FALSE,-0.135213943622206,0.227628562346239
17,temp,jun,-0.174779088047129,FALSE,-0.360016544408262,0.00420719571243016
18,temp,jul,-0.0621843712037788,FALSE,-0.270933181232578,0.142957960191351
19,temp,aug,-0.0392968271159983,FALSE,-0.258458005438061,0.15998215264892
20,temp,sep,0.132629900500215,FALSE,-0.058337157894458,0.320288223136595
21,temp,oct,-0.0034877705766961,FALSE,-0.186886749238394,0.161714128740889
22,temp,nov,0.017453639629536,FALSE,-0.148159149660592,0.205770718444803
23,temp,dec,-0.00112228118442227,FALSE,-0.172432643143075,0.167944529188602
24,temp,JAN,0.0706116464387919,FALSE,-0.170607569611746,0.277297162787961
25,temp,FEB,-0.032550421033032,FALSE,-0.162923168548053,0.105120242284032
26,temp,MAR,-0.118001803508707,FALSE,-0.306596938147339,0.0383673666142708
27,temp,APR,-0.0558594878482586,FALSE,-0.216729216282902,0.0972338258446133
28,temp,MAY,0.297195092758359,TRUE,0.0826279308586953,0.486392058459544
29,temp,JUN,0.0841697073406356,FALSE,-0.113300843094406,0.269946261691696
30,temp,JUL,0.204906785093348,FALSE,-0.000910248396653604,0.426718673441062
31,temp,AUG,0.142291563479298,FALSE,-0.0651049568430035,0.332268402917996
32,temp,SEP,0.0668364382345199,FALSE,-0.218623766517145,0.327288180343993
