id,varname,month,coef,significant,ci_lower,ci_upper
1,prec,jun,-0.0955995147273119,FALSE,-0.29924566435168,0.1008577093604
2,prec,jul,-0.0386971200343797,FALSE,-0.22016245669835,0.175850369219787
3,prec,aug,0.118763490135052,FALSE,-0.0561848643271611,0.295717805606834
4,prec,sep,-0.0336479651826931,FALSE,-0.237032272165083,0.177830639115987
5,prec,oct,0.00273870571824376,FALSE,-0.153522050880609,0.14937927459659
6,prec,nov,-0.20279091002575,TRUE,-0.389290280711871,-0.0275636374686249
7,prec,dec,-0.00500492064190058,FALSE,-0.187855469342538,0.172966088322371
8,prec,JAN,-0.14439171080413,FALSE,-0.351824158719976,0.103373878125468
9,prec,FEB,0.181785257920423,FALSE,-0.0442983519759045,0.393718396153551
10,prec,MAR,-0.0280688132471834,FALSE,-0.239694013608373,0.149832249537388
11,prec,APR,-0.118792467636955,FALSE,-0.288668851582304,0.0602517499524555
12,prec,MAY,0.0779517359634322,FALSE,-0.120217386504527,0.300558105227998
13,prec,JUN,0.0115358698705496,FALSE,-0.17379194431471,0.190529149180813
14,prec,JUL,0.0108978551404069,FALSE,-0.224849040680814,0.225247683552002
15,prec,AUG,0.0252574397770654,FALSE,-0.17192988019284,0.211296652913196
16,prec,SEP,0.0526254387500036,FALSE,-0.163040256125655,0.30923716491715
17,temp,jun,-0.0316630904909572,FALSE,-0.200621339325058,0.146679993369865
18,temp,jul,-0.0622545735078421,FALSE,-0.282547276441977,0.134447547292719
19,temp,aug,-0.092882232796717,FALSE,-0.288782715072688,0.0987106105661683
20,temp,sep,-0.0832825066004479,FALSE,-0.303594431290776,0.155233284556153
21,temp,oct,-0.195182422779862,FALSE,-0.397618849905826,-0.00356889348233245
22,temp,nov,0.0183451173933803,FALSE,-0.20034201844068,0.214679982803039
23,temp,dec,0.0869306455263762,FALSE,-0.112913578696641,0.272248900575251
24,temp,JAN,-0.0969633528637886,FALSE,-0.276062541784945,0.0918063093282527
25,temp,FEB,0.0503995164421055,FALSE,-0.144055308238635,0.239735614447406
26,temp,MAR,0.0449536142931095,FALSE,-0.195539203479075,0.269447884997171
27,temp,APR,-0.108507753463106,FALSE,-0.330937922713997,0.105516112082072
28,temp,MAY,0.0230850877847615,FALSE,-0.174448088263841,0.264167827895907
29,temp,JUN,0.0830133347233875,FALSE,-0.091698604935684,0.27912726785154
30,temp,JUL,0.023574503421351,FALSE,-0.192501393998305,0.221554592170557
31,temp,AUG,0.0332911624584168,FALSE,-0.149353349886747,0.208208824380726
32,temp,SEP,-0.0346816482737519,FALSE,-0.249870383525195,0.171974562965201
