id,varname,month,coef,significant,ci_lower,ci_upper
1,prec,jun,0.085538470552314,FALSE,-0.11520817929089,0.274535727375124
2,prec,jul,-0.0117531119556356,FALSE,-0.196190063567497,0.166534964553085
3,prec,aug,-0.0693066513342434,FALSE,-0.226923597462239,0.119280217331954
4,prec,sep,-0.0992320702306201,FALSE,-0.287598912181217,0.106514007632625
5,prec,oct,0.0980987090530179,FALSE,-0.0819106694028723,0.277044281411352
6,prec,nov,-0.0125868654385285,FALSE,-0.207885148524273,0.158491210555742
7,prec,dec,0.00958162082353628,FALSE,-0.181647771042413,0.188114656189822
8,prec,JAN,0.00250535033885527,FALSE,-0.20403196762959,0.207276718141807
9,prec,FEB,0.0897481187356739,FALSE,-0.0889955323333338,0.263573250331132
10,prec,MAR,0.0872186175936677,FALSE,-0.113299299692135,0.291906265319031
11,prec,APR,-0.0284776727324094,FALSE,-0.226812022562387,0.165446591489952
12,prec,MAY,0.059356926300903,FALSE,-0.122812658160636,0.22938804172308
13,prec,JUN,0.338301334695369,TRUE,0.129882543014336,0.532082637929591
14,prec,JUL,0.177640322426571,TRUE,0.0308501200243699,0.327569937678618
15,prec,AUG,0.0161586589562223,FALSE,-0.160798367518999,0.214827326682798
16,prec,SEP,-0.0549275672072866,FALSE,-0.257313044487773,0.135111184237348
17,temp,jun,-0.10175365124155,FALSE,-0.277789757347231,0.0793269356352398
18,temp,jul,-0.00528035468746687,FALSE,-0.163989912832507,0.181947982337632
19,temp,aug,-0.0366986356806871,FALSE,-0.208387482481625,0.154587685174445
20,temp,sep,-0.105326276288271,FALSE,-0.309344883173059,0.0891774045852983
21,temp,oct,0.025369210610925,FALSE,-0.194628519252122,0.245708913769768
22,temp,nov,0.114020320350213,FALSE,-0.0340438188244818,0.271500408258812
23,temp,dec,-0.058424260922769,FALSE,-0.239011813082503,0.133625360724334
24,temp,JAN,0.276991466038973,TRUE,0.0801319854774129,0.446286760321293
25,temp,FEB,0.103705777086509,FALSE,-0.101458739700526,0.302290900060866
26,temp,MAR,-0.0652356577765839,FALSE,-0.276104917343646,0.132106531371337
27,temp,APR,-0.0667025779591081,FALSE,-0.267592936793011,0.135908556858244
28,temp,MAY,0.11790027142391,FALSE,-0.070307006022754,0.311621456111206
29,temp,JUN,-0.142480391414107,FALSE,-0.324498975024586,0.068942102927576
30,temp,JUL,-0.0213433135899996,FALSE,-0.17435181140489,0.163547801449294
31,temp,AUG,0.0829293208025865,FALSE,-0.0827201744799533,0.245066496712035
32,temp,SEP,0.0406097072897236,FALSE,-0.151911564401838,0.21532863083506
