id,varname,month,coef,significant,ci_lower,ci_upper
1,prec,jun,0.129209783991723,FALSE,-0.0466496796853736,0.315831005498337
2,prec,jul,0.0871036627751307,FALSE,-0.0768730762656221,0.245297390151668
3,prec,aug,0.055030034067074,FALSE,-0.114372227330761,0.243187447241687
4,prec,sep,0.096692679752483,FALSE,-0.0508208192751076,0.245248503813855
5,prec,oct,0.101311142262144,FALSE,-0.056135394810085,0.263880555912378
6,prec,nov,0.0488725168530745,FALSE,-0.1175078078152,0.221227574900462
7,prec,dec,0.221015771690462,TRUE,0.0393321083509916,0.377485996271387
8,prec,JAN,-0.111548298822453,FALSE,-0.268705819203187,0.0694701059056226
9,prec,FEB,0.0948378921587184,FALSE,-0.0740692948723277,0.257730302861161
10,prec,MAR,0.148451684369155,FALSE,-0.0294500314156607,0.311726804157755
11,prec,APR,0.0802778112157345,FALSE,-0.103712158301706,0.275921109420801
12,prec,MAY,0.0623603167466755,FALSE,-0.095194015926375,0.241986643705058
13,prec,JUN,0.163212841935471,FALSE,-0.0310287689853176,0.31395769212342
14,prec,JUL,0.224332316246685,TRUE,0.0167828089269542,0.393738210383458
15,prec,AUG,0.103252446214197,FALSE,-0.088162864383203,0.288938227008022
16,prec,SEP,0.0189959689871052,FALSE,-0.165089293016262,0.174603856780279
17,temp,jun,-0.0892251280281308,FALSE,-0.292475813999945,0.0999556474469252
18,temp,jul,-0.0195057512131655,FALSE,-0.166416835505755,0.151917867269247
19,temp,aug,-0.0474533125438084,FALSE,-0.205922138628082,0.0841541070949915
20,temp,sep,-0.0652284484303548,FALSE,-0.214549875856982,0.0889545405292866
21,temp,oct,0.226996954108933,TRUE,0.0465302218051849,0.41865996960706
22,temp,nov,0.0956834165130339,FALSE,-0.0811949546151718,0.266188885429604
23,temp,dec,0.0581750657697769,FALSE,-0.1201585287376,0.255708638409678
24,temp,JAN,0.120082594153524,FALSE,-0.038494725227215,0.278955374216951
25,temp,FEB,0.0456021254087066,FALSE,-0.156025163056489,0.215204937332202
26,temp,MAR,0.0578259192683222,FALSE,-0.109364182037779,0.249124446415281
27,temp,APR,0.108628202275442,FALSE,-0.050664139153439,0.28048720407877
28,temp,MAY,-0.0885799501234066,FALSE,-0.256918626559917,0.0733330360436667
29,temp,JUN,-0.178961384071873,TRUE,-0.354592842783416,-0.00510524628804341
30,temp,JUL,0.0222824009874733,FALSE,-0.143795021565506,0.172796584406234
31,temp,AUG,-0.00489378776176567,FALSE,-0.169139661362845,0.149565420097909
32,temp,SEP,0.0586464261187608,FALSE,-0.118343190298382,0.227356977879107
