id,varname,month,coef,significant,ci_lower,ci_upper
1,prec,jun,0.0360682451994582,FALSE,-0.224611153987675,0.276728970799618
2,prec,jul,0.0186157777382529,FALSE,-0.155034354890676,0.215599105313026
3,prec,aug,-0.001247190140684,FALSE,-0.206819616527817,0.185260951960327
4,prec,sep,-0.045521822397296,FALSE,-0.261992354188591,0.148406488390237
5,prec,oct,-0.0559571849701404,FALSE,-0.269475542731386,0.145104716195703
6,prec,nov,0.00292456808005861,FALSE,-0.24803660776635,0.250163950479712
7,prec,dec,0.0156348299701245,FALSE,-0.160632436754754,0.208107731915166
8,prec,JAN,-0.0797473653129081,FALSE,-0.305775050570214,0.13406477581106
9,prec,FEB,0.00774528719968504,FALSE,-0.225032659493852,0.19744195229561
10,prec,MAR,-0.0960321416320028,FALSE,-0.347720195847917,0.218626060858545
11,prec,APR,-0.100143680070488,FALSE,-0.304222126069768,0.110511231738379
12,prec,MAY,0.0980229212186029,FALSE,-0.107860025347097,0.290102746662766
13,prec,JUN,0.0877880158161531,FALSE,-0.152536689869648,0.287133922738207
14,prec,JUL,0.0640340242856965,FALSE,-0.11781218997855,0.26822887691789
15,prec,AUG,0.0585879999724539,FALSE,-0.17023264843162,0.296347944131034
16,prec,SEP,-0.0631245673621688,FALSE,-0.283913749690708,0.139155140079301
17,temp,jun,-0.0317801752059698,FALSE,-0.233053832690411,0.191754977828382
18,temp,jul,0.156648890747135,FALSE,-0.0299305618637664,0.358074676569857
19,temp,aug,0.0427614236569805,FALSE,-0.167295818067768,0.238195041188555
20,temp,sep,-0.0499935666456523,FALSE,-0.288058946589267,0.17790709449962
21,temp,oct,0.172894150380114,FALSE,-0.0369559546069629,0.378871935804565
22,temp,nov,0.0210413143056687,FALSE,-0.183924862070744,0.242369475039318
23,temp,dec,0.10402756100868,FALSE,-0.161947181989284,0.347267969261368
24,temp,JAN,0.149090432794262,FALSE,-0.0902582947021229,0.363292084098986
25,temp,FEB,0.0864287517201335,FALSE,-0.0883031421819146,0.267948691326339
26,temp,MAR,-0.0245145373574675,FALSE,-0.25176277120031,0.197522410325873
27,temp,APR,0.0919069055655447,FALSE,-0.123537122425146,0.341911476253027
28,temp,MAY,0.191599915081603,FALSE,-0.0552645373649111,0.404382423629248
29,temp,JUN,0.00239615183269078,FALSE,-0.263158346866935,0.202876021270366
30,temp,JUL,0.0790646903292148,FALSE,-0.120359646291223,0.307377972419854
31,temp,AUG,0.0686219067441274,FALSE,-0.145853338253951,0.307954267043718
32,temp,SEP,-0.0719523036834457,FALSE,-0.298509582738732,0.128016506672036
