id,varname,month,coef,significant,ci_lower,ci_upper
1,prec,jun,-0.0731915120977192,FALSE,-0.226497006067963,0.0878085424586832
2,prec,jul,0.0390741850500498,FALSE,-0.116056067807463,0.180520566031666
3,prec,aug,0.0954047239442529,FALSE,-0.0519990071733303,0.227232245606473
4,prec,sep,0.0656747767028657,FALSE,-0.0610595597277186,0.217403133766161
5,prec,oct,0.00764296893007491,FALSE,-0.150839365320892,0.161648907801522
6,prec,nov,0.0318497412719357,FALSE,-0.112087758307226,0.178106707958617
7,prec,dec,0.0501540787890372,FALSE,-0.0815934618854344,0.188948338722663
8,prec,JAN,0.0537374515475463,FALSE,-0.0840421456176055,0.189597334797432
9,prec,FEB,0.185725686099789,TRUE,0.0470711446786843,0.318296193545897
10,prec,MAR,0.129936290040164,FALSE,-0.0214778488787837,0.298063395986138
11,prec,APR,-0.0560391626111508,FALSE,-0.213295124442858,0.0830471816413433
12,prec,MAY,0.1981130466439,TRUE,0.0466451345406832,0.343471788798814
13,prec,JUN,0.310298625751754,TRUE,0.179536072746011,0.443501712280563
14,prec,JUL,0.076947671971153,FALSE,-0.0733784094930857,0.222528602188582
15,prec,AUG,0.0295955921891264,FALSE,-0.127583402063842,0.18871648397361
16,prec,SEP,0.0473426743293368,FALSE,-0.116025899844502,0.203902612204696
17,temp,jun,0.0310369207131309,FALSE,-0.104524902014626,0.158562042680369
18,temp,jul,-0.0693243412762466,FALSE,-0.187409917283827,0.0585635410082818
19,temp,aug,-0.139714394944562,FALSE,-0.28090720125404,0.0337023840577537
20,temp,sep,0.035587329457843,FALSE,-0.0943446169693795,0.172467158481603
21,temp,oct,0.0640050078372266,FALSE,-0.075878699681745,0.199780442170113
22,temp,nov,-0.0490840820206164,FALSE,-0.199745812296787,0.0952149449514696
23,temp,dec,0.0648975808480763,FALSE,-0.125264385675655,0.2414524399694
24,temp,JAN,0.0753604682922012,FALSE,-0.076736091465763,0.208972822209321
25,temp,FEB,-0.084490963638346,FALSE,-0.210551493062452,0.0494235701749725
26,temp,MAR,-0.124233859829116,FALSE,-0.28803831001779,0.0431513390876859
27,temp,APR,-0.026128033765257,FALSE,-0.170263966699182,0.114584375910324
28,temp,MAY,-0.0817960574590728,FALSE,-0.194909617683369,0.0586684571960491
29,temp,JUN,-0.268242198302782,TRUE,-0.383361552278005,-0.122406468182496
30,temp,JUL,-0.142392228115121,TRUE,-0.26534732430814,-0.0242543449171949
31,temp,AUG,0.00236286744713183,FALSE,-0.129996047373088,0.13626204773118
32,temp,SEP,-0.0768607051067787,FALSE,-0.223546783372153,0.0667044069341743
