id,varname,month,coef,significant,ci_lower,ci_upper
1,prec,jun,-0.0922573144334068,FALSE,-0.251265829685556,0.0769096609213465
2,prec,jul,0.234580979256581,TRUE,0.0347840162092439,0.418023702276111
3,prec,aug,0.0816821189279272,FALSE,-0.0867168975413624,0.270041304586005
4,prec,sep,0.119909000873118,FALSE,-0.0575296959418539,0.271810516231477
5,prec,oct,-0.0820143963451235,FALSE,-0.242652488803791,0.0872035114635389
6,prec,nov,0.0848983916416391,FALSE,-0.166642546384261,0.294406455540503
7,prec,dec,0.0703995012002098,FALSE,-0.138332208885956,0.28673573394846
8,prec,JAN,0.0612107518172361,FALSE,-0.103278719130484,0.246806132399853
9,prec,FEB,-0.039351791037498,FALSE,-0.200147178606383,0.14188746843485
10,prec,MAR,-0.0706463061610196,FALSE,-0.218867868020039,0.101495804891626
11,prec,APR,-0.0438874001727569,FALSE,-0.232174577615701,0.118858530942436
12,prec,MAY,-0.0327871969983426,FALSE,-0.188911411603862,0.135080114483165
13,prec,JUN,0.0438397795665208,FALSE,-0.112433529827861,0.214402075400163
14,prec,JUL,0.16945076703577,FALSE,-0.00409472830345856,0.336398733189269
15,prec,AUG,-0.00676602576283032,FALSE,-0.182777007758834,0.195790696737172
16,prec,SEP,-0.0380557983440438,FALSE,-0.202532489802934,0.12663631105796
17,temp,jun,-0.147484410714205,FALSE,-0.352401829023479,0.0437284805222366
18,temp,jul,-0.137280300158566,FALSE,-0.314138878797835,0.0509132297486448
19,temp,aug,-0.139633809150622,FALSE,-0.313897100560179,0.0445275969731905
20,temp,sep,-0.279516758720762,TRUE,-0.436640638072529,-0.116293678915178
21,temp,oct,-0.163520718072128,FALSE,-0.368387951583148,0.0162849437431298
22,temp,nov,0.125439644734462,FALSE,-0.0645080777938782,0.317719558211816
23,temp,dec,0.102311836241184,FALSE,-0.0727160074564703,0.26507522091202
24,temp,JAN,0.0807190409439495,FALSE,-0.110433116959142,0.260633168492561
25,temp,FEB,0.0294686610597359,FALSE,-0.14318093813918,0.202251467958298
26,temp,MAR,-0.0821437268321815,FALSE,-0.242394301701135,0.078773652519531
27,temp,APR,0.141605872998833,FALSE,-0.0255032504481471,0.298653940944486
28,temp,MAY,0.0190282660617,FALSE,-0.192703449021155,0.211284460293652
29,temp,JUN,-0.0542937163063019,FALSE,-0.207238961817671,0.0881993768618114
30,temp,JUL,0.0456085394194337,FALSE,-0.115507006182577,0.207989350850179
31,temp,AUG,-0.0639429334296282,FALSE,-0.256130916674222,0.133152586747209
32,temp,SEP,-0.111933461726948,FALSE,-0.297123201641592,0.0823600608130172
