id,varname,month,coef,significant,ci_lower,ci_upper
1,prec,jun,0.0911054451986101,FALSE,-0.124446174528413,0.27617049154569
2,prec,jul,0.119507729698068,FALSE,-0.0767238814035111,0.319884347996438
3,prec,aug,0.0242341278052815,FALSE,-0.215808158953644,0.272562097092427
4,prec,sep,0.000765660276725475,FALSE,-0.168856977244134,0.157260573939704
5,prec,oct,-0.0757664334162197,FALSE,-0.240703538370993,0.10560966039414
6,prec,nov,0.135485837677522,FALSE,-0.102219528381509,0.353065690833612
7,prec,dec,-0.0347697743498755,FALSE,-0.241295045874969,0.163634418149046
8,prec,JAN,0.0820767439593921,FALSE,-0.178051737687537,0.314583531323255
9,prec,FEB,0.110783645300856,FALSE,-0.067778695124334,0.297543813373911
10,prec,MAR,0.162354993314627,TRUE,0.00998561839795853,0.331225596200543
11,prec,APR,-0.182380929458043,TRUE,-0.366557025392589,-0.00413925652448796
12,prec,MAY,0.0406346440125465,FALSE,-0.139929226059506,0.219083570349021
13,prec,JUN,0.134462371153706,FALSE,-0.0983375856780092,0.325973084064529
14,prec,JUL,0.187174213594333,TRUE,0.0198586285357172,0.357535709957387
15,prec,AUG,-0.0442611581901638,FALSE,-0.209408737015838,0.142068785254734
16,prec,SEP,-0.0200042349858269,FALSE,-0.187427620956588,0.158288427761503
17,temp,jun,-0.104300715089668,FALSE,-0.295684177652828,0.101493241086114
18,temp,jul,-0.054032014188525,FALSE,-0.225569027095327,0.137653385211718
19,temp,aug,-0.0706546848611311,FALSE,-0.266241940348225,0.120663161071804
20,temp,sep,0.0422902211652141,FALSE,-0.171255856420028,0.215140697596814
21,temp,oct,0.00762165284511175,FALSE,-0.177822392663995,0.179185406939635
22,temp,nov,0.0919115337464062,FALSE,-0.104512113339195,0.304810553563564
23,temp,dec,-0.0280323216979519,FALSE,-0.222140745907841,0.13004317180355
24,temp,JAN,-0.0269784314058468,FALSE,-0.232356351220706,0.169759078200345
25,temp,FEB,-0.111095298372659,FALSE,-0.279826950059901,0.0334214633629502
26,temp,MAR,0.0461113081108614,FALSE,-0.132017371644832,0.265531642224964
27,temp,APR,0.178468538383725,TRUE,0.0110850511132423,0.358249736751208
28,temp,MAY,0.134674993689319,FALSE,-0.0472670508615353,0.335007341851136
29,temp,JUN,-0.106892531101572,FALSE,-0.325227739041737,0.134188588286666
30,temp,JUL,0.0940176294202949,FALSE,-0.0999344710130656,0.294029872580788
31,temp,AUG,-0.0895807288029241,FALSE,-0.246465925899667,0.0806579202866118
32,temp,SEP,0.0860552748601816,FALSE,-0.119933534397119,0.256865773361105
