id,varname,month,coef,significant,ci_lower,ci_upper
1,prec,jun,-0.105419027939206,FALSE,-0.284157932376616,0.0599677575615901
2,prec,jul,0.125211359377964,FALSE,-0.0857376771463917,0.319367056910801
3,prec,aug,0.204573731208122,TRUE,0.0505934309399969,0.37077786238433
4,prec,sep,0.214317279026234,TRUE,0.0464652549408083,0.388941712189046
5,prec,oct,-0.0225421689012884,FALSE,-0.198398331550353,0.17346719602405
6,prec,nov,0.0821167258373388,FALSE,-0.108372659777167,0.280409843902835
7,prec,dec,0.140155046314751,FALSE,-0.0469227540447308,0.307534503507726
8,prec,JAN,0.0178362861668402,FALSE,-0.178579831350267,0.195639635554255
9,prec,FEB,-0.0972704690970424,FALSE,-0.268503597056982,0.0776658590845815
10,prec,MAR,0.00568545632626507,FALSE,-0.186721161409339,0.188391094326884
11,prec,APR,-0.0222872258341743,FALSE,-0.202533258149694,0.170921160196475
12,prec,MAY,0.0268326011503928,FALSE,-0.150636274141851,0.198214902844537
13,prec,JUN,-0.0189378895192793,FALSE,-0.203975134188186,0.179958679999279
14,prec,JUL,0.166666333648071,FALSE,-0.0309446737062122,0.357354289919964
15,prec,AUG,0.0157263053938015,FALSE,-0.159819673493023,0.177045494107046
16,prec,SEP,0.194430244450169,TRUE,0.0118738509855859,0.395833981017582
17,temp,jun,-0.227235837780293,TRUE,-0.410098255637807,-0.0171110860399009
18,temp,jul,-0.151073788138983,FALSE,-0.338394262735349,0.0412637284984437
19,temp,aug,0.0225670283376416,FALSE,-0.194153168807749,0.232083709567816
20,temp,sep,-0.10262484832126,FALSE,-0.279109642948718,0.0721697279742276
21,temp,oct,-0.0362958619088815,FALSE,-0.20988924762591,0.147610158588932
22,temp,nov,0.0528016203884411,FALSE,-0.157967846393969,0.271378624015567
23,temp,dec,0.0521436075590708,FALSE,-0.115165324847332,0.242488218421857
24,temp,JAN,-0.068210773312802,FALSE,-0.234507623881957,0.107293507951611
25,temp,FEB,0.0484377161814549,FALSE,-0.135691454747344,0.202406537045352
26,temp,MAR,0.0587967114468273,FALSE,-0.155689666865004,0.274169665754683
27,temp,APR,0.0532423444772077,FALSE,-0.132530818644331,0.239085166841678
28,temp,MAY,-0.140568978702094,FALSE,-0.29376947916762,0.0504750860822111
29,temp,JUN,-0.057790126731508,FALSE,-0.216701111350241,0.1144582148867
30,temp,JUL,0.161646901689913,FALSE,-0.0297094645211256,0.369561275418976
31,temp,AUG,0.0779187297125467,FALSE,-0.108274365791478,0.247450859440908
32,temp,SEP,-0.023365938581164,FALSE,-0.214777174387109,0.161021881443337
