id,varname,month,coef,significant,ci_lower,ci_upper
1,prec,jun,-0.079486682686327,FALSE,-0.257019404876812,0.142383906528483
2,prec,jul,-0.206407442832308,FALSE,-0.387272049222356,0.0134644878297529
3,prec,aug,-0.0349409498224862,FALSE,-0.221600186917506,0.168618893480746
4,prec,sep,0.0728004715320518,FALSE,-0.11404792694437,0.260693141100554
5,prec,oct,0.146356724396493,FALSE,-0.0305108104453097,0.318221139183375
6,prec,nov,0.0677827671824246,FALSE,-0.108977804530573,0.24278596638851
7,prec,dec,-0.0275864111078248,FALSE,-0.210911039374417,0.147726295910937
8,prec,JAN,0.0349057738875288,FALSE,-0.139718280058668,0.238811598793329
9,prec,FEB,0.0662839343824782,FALSE,-0.118662410926383,0.233001846886717
10,prec,MAR,-0.0443293223052454,FALSE,-0.249324247373483,0.164920347912424
11,prec,APR,-0.0209048610972202,FALSE,-0.196045418762691,0.164733485320286
12,prec,MAY,0.180910589562818,TRUE,0.00430747561133826,0.344491580675249
13,prec,JUN,0.109970675331835,FALSE,-0.0851074028496351,0.28854500454114
14,prec,JUL,-0.0408731139789798,FALSE,-0.25287585513477,0.22106078726416
15,prec,AUG,0.11013247720254,FALSE,-0.0651560414672029,0.289680262629382
16,prec,SEP,0.0880869834489239,FALSE,-0.0993550322223981,0.295909339952132
17,temp,jun,-0.0235626030810513,FALSE,-0.221838068502155,0.171499500225005
18,temp,jul,-1.25532443303201e-06,FALSE,-0.172846363515722,0.193685081115137
19,temp,aug,-0.0427506956507774,FALSE,-0.218632195662371,0.143187558223984
20,temp,sep,0.0629533325045604,FALSE,-0.0880404352635157,0.240280612475491
21,temp,oct,-0.140213231074059,FALSE,-0.350427076077162,0.0821541191933715
22,temp,nov,-0.0171974995242955,FALSE,-0.214417658450741,0.17717982401558
23,temp,dec,-0.0457501036421661,FALSE,-0.269110516458181,0.165442170049412
24,temp,JAN,0.257636586477325,TRUE,0.0625123456533713,0.443004471689461
25,temp,FEB,-0.0389444918320671,FALSE,-0.199450648914464,0.15755106582916
26,temp,MAR,0.066952327624405,FALSE,-0.125067875211279,0.251764706222663
27,temp,APR,0.0270365525605861,FALSE,-0.140811360341434,0.222688234402781
28,temp,MAY,-0.123539447014628,FALSE,-0.355305037161331,0.102533989918671
29,temp,JUN,-0.0596819378100219,FALSE,-0.251083680402089,0.0982065374524599
30,temp,JUL,-0.0146931098668221,FALSE,-0.163458504778445,0.155708759566607
31,temp,AUG,-0.184747250041626,FALSE,-0.362794377709452,0.00158962359814074
32,temp,SEP,0.125565907073669,FALSE,-0.0506897432458928,0.29268449880173
