id,varname,month,coef,significant,ci_lower,ci_upper
1,prec,jun,0.156378193044026,FALSE,-0.0211788741925621,0.328822005245666
2,prec,jul,-0.017776595489041,FALSE,-0.183687400667961,0.170254037537694
3,prec,aug,-0.0976324926786776,FALSE,-0.276024946128212,0.0946331147923064
4,prec,sep,0.0343218941091355,FALSE,-0.163948933505638,0.232081533258205
5,prec,oct,0.143419589333514,FALSE,-0.0537473470427364,0.324514876499466
6,prec,nov,0.205043937337258,TRUE,0.0121675017229591,0.417172573239045
7,prec,dec,0.105456059898241,FALSE,-0.108912274799567,0.311930127321169
8,prec,JAN,0.0374353455985804,FALSE,-0.181153228182472,0.21673129482605
9,prec,FEB,-0.0483170880594029,FALSE,-0.240438185569007,0.121662347512992
10,prec,MAR,0.197538644659298,FALSE,-0.0412386246415721,0.366451630501265
11,prec,APR,-0.0476650017456068,FALSE,-0.246650872077209,0.120340906322341
12,prec,MAY,0.16817735762061,FALSE,-0.0812803650879917,0.354652605308278
13,prec,JUN,-0.0285744128772706,FALSE,-0.208608217631475,0.178483932124023
14,prec,JUL,-0.0911047461729069,FALSE,-0.268100662563196,0.0818731690134618
15,prec,AUG,-0.289795772534949,TRUE,-0.454491476560182,-0.0765163441076726
16,prec,SEP,-0.0797412368499922,FALSE,-0.266544182412389,0.120047575790402
17,temp,jun,0.0297689251009464,FALSE,-0.16740515456135,0.213704214813284
18,temp,jul,-0.136996380091933,FALSE,-0.327906266738815,0.0659467612525325
19,temp,aug,-0.110168184040533,FALSE,-0.292605436376982,0.0614315758884657
20,temp,sep,-0.132729625085417,FALSE,-0.347478446458508,0.0630122334388752
21,temp,oct,-0.0276089565911206,FALSE,-0.219826306257743,0.152827173494713
22,temp,nov,-0.233724095546514,TRUE,-0.447450595561874,-0.00730608684476355
23,temp,dec,0.0963888544827969,FALSE,-0.0968493051014653,0.284130655106073
24,temp,JAN,-0.197477548538473,FALSE,-0.395543267630526,0.0144294493028009
25,temp,FEB,-0.0175155474087861,FALSE,-0.185958052715656,0.196837285767697
26,temp,MAR,0.0594594152563384,FALSE,-0.138727382806336,0.260570827603371
27,temp,APR,-0.0167120453586388,FALSE,-0.233116188567363,0.173329786306786
28,temp,MAY,0.0046617648494727,FALSE,-0.206759250080807,0.183882365868307
29,temp,JUN,-0.020530196098417,FALSE,-0.207866516818286,0.19190920146444
30,temp,JUL,-0.0178297526219168,FALSE,-0.227047685864011,0.195476343909004
31,temp,AUG,-0.0624932544061856,FALSE,-0.229735163597894,0.130047111893351
32,temp,SEP,-0.137812174410808,FALSE,-0.346130181412415,0.114057088825995
