id,varname,month,coef,significant,ci_lower,ci_upper
1,prec,jun,-0.0393528489029441,FALSE,-0.226097299698128,0.176206296512594
2,prec,jul,0.109670811534898,FALSE,-0.09978774512174,0.295329161986511
3,prec,aug,-0.0501312584802065,FALSE,-0.245981763591522,0.13269532407007
4,prec,sep,0.0486248600811629,FALSE,-0.170000562159801,0.27272924369986
5,prec,oct,0.172359297246741,FALSE,0.0116066990161842,0.375843181082404
6,prec,nov,0.0404771517914252,FALSE,-0.158099612039571,0.261701006521959
7,prec,dec,0.044536590382317,FALSE,-0.163529145723268,0.236826374827898
8,prec,JAN,-0.0848099810096465,FALSE,-0.311449101692334,0.132757487354465
9,prec,FEB,0.0539155200835748,FALSE,-0.132302512691449,0.262782328355054
10,prec,MAR,0.0295417179963293,FALSE,-0.176223327011265,0.222976752854423
11,prec,APR,-0.126649066960147,FALSE,-0.332709110844191,0.0730873441944467
12,prec,MAY,0.274180942391114,TRUE,0.10208098605553,0.493251555255626
13,prec,JUN,0.0189536572622592,FALSE,-0.203331092012665,0.24294762203361
14,prec,JUL,0.107216411329839,FALSE,-0.144093624235901,0.328808238145734
15,prec,AUG,-0.0407719656149284,FALSE,-0.230684494966091,0.13661999938973
16,prec,SEP,0.110111055752932,FALSE,-0.104077904722001,0.306923372912966
17,temp,jun,0.0302582804355401,FALSE,-0.168737715089491,0.214652913626418
18,temp,jul,-0.0781705623032461,FALSE,-0.259500033354463,0.121235494657825
19,temp,aug,-0.232836177113098,TRUE,-0.421350795998938,-0.044943648680629
20,temp,sep,-0.0885843645610302,FALSE,-0.275825996185719,0.0878684703048629
21,temp,oct,-0.113428787482335,FALSE,-0.286952913621721,0.0817382121479759
22,temp,nov,0.234952609061095,TRUE,0.0245365853166714,0.415524098845632
23,temp,dec,-0.113601398945828,FALSE,-0.301250364104937,0.0757320309841888
24,temp,JAN,-0.0737632897722604,FALSE,-0.25854677056371,0.137471895628503
25,temp,FEB,0.0589637697155316,FALSE,-0.140467643595098,0.26220532513061
26,temp,MAR,0.0565237798480598,FALSE,-0.126977230185093,0.221328354638528
27,temp,APR,-0.148140426915182,FALSE,-0.371143274796262,0.0575006593752577
28,temp,MAY,-0.235680524070547,TRUE,-0.438336359988532,-0.0108851770370065
29,temp,JUN,-0.0249338672760512,FALSE,-0.214507507169227,0.154243966646424
30,temp,JUL,0.0884309098538098,FALSE,-0.123818054936833,0.321834022852124
31,temp,AUG,-0.0395557028836084,FALSE,-0.22334484082284,0.142427000145767
32,temp,SEP,0.0258308071801524,FALSE,-0.169350927911087,0.253211463329006
