id,varname,month,coef,significant,ci_lower,ci_upper
1,prec,jun,0.110639932578982,FALSE,-0.0799181100720159,0.292722006641993
2,prec,jul,0.00240408323842893,FALSE,-0.221819644771594,0.223163164475117
3,prec,aug,0.0686184193889413,FALSE,-0.133306158775178,0.275544414419574
4,prec,sep,0.140927841937913,FALSE,-0.095783233541765,0.342835285188765
5,prec,oct,0.0873696436569358,FALSE,-0.105733869195491,0.263125168639307
6,prec,nov,-0.0829152904324246,FALSE,-0.299787683216278,0.118120365478236
7,prec,dec,0.154743584155763,TRUE,0.00677404274868327,0.315326655905619
8,prec,JAN,-0.127364239523042,FALSE,-0.336747700109588,0.0639889128221359
9,prec,FEB,-0.185021290152357,FALSE,-0.379365388914267,0.0111391629744758
10,prec,MAR,-0.0137514754951906,FALSE,-0.233233997848617,0.180649036522628
11,prec,APR,-0.0260702388572831,FALSE,-0.199193688085618,0.153009501601121
12,prec,MAY,-0.11192333041551,FALSE,-0.291320639517568,0.074074003505733
13,prec,JUN,-0.10726320972326,FALSE,-0.321889075708709,0.0908008570225498
14,prec,JUL,-0.112065315927194,FALSE,-0.308275139218318,0.079325033372093
15,prec,AUG,0.0547072829164587,FALSE,-0.138575958455061,0.253523114887606
16,prec,SEP,0.0406013053052939,FALSE,-0.177385524958328,0.219497407826982
17,temp,jun,0.0785318600208164,FALSE,-0.118044922263739,0.257201583279425
18,temp,jul,-0.143651789463731,FALSE,-0.362292240490228,0.0420458236852148
19,temp,aug,-0.108285130513616,FALSE,-0.296008948780144,0.0996247718404464
20,temp,sep,0.171221604494237,FALSE,-0.0482540119729301,0.357435381134765
21,temp,oct,-0.0229043633090022,FALSE,-0.239342445408668,0.17246310150412
22,temp,nov,0.106633473138212,FALSE,-0.050121240169807,0.289310508845589
23,temp,dec,-0.0661178794798691,FALSE,-0.257733021555675,0.127370627748528
24,temp,JAN,-0.0445800591352691,FALSE,-0.207982933743504,0.119773887529704
25,temp,FEB,0.0632195595907256,FALSE,-0.127220564349915,0.239045067992962
26,temp,MAR,0.0770030685825987,FALSE,-0.0810049147705652,0.250286728780457
27,temp,APR,0.053802366518864,FALSE,-0.147454676454491,0.232440217734547
28,temp,MAY,0.0834459575045665,FALSE,-0.115390546272688,0.277106271501261
29,temp,JUN,-0.149700932991761,FALSE,-0.378886506826905,0.0949072225230028
30,temp,JUL,0.0103282139334542,FALSE,-0.187292049065327,0.180142125342253
31,temp,AUG,0.247504675872129,TRUE,0.081386180329504,0.422911423803261
32,temp,SEP,-0.0528237241510808,FALSE,-0.247761142245408,0.124478365979408
