id,varname,month,coef,significant,ci_lower,ci_upper
1,prec,jun,-0.113934556689808,FALSE,-0.292892968109962,0.0907866238753679
2,prec,jul,-0.11326017476428,FALSE,-0.322046044111051,0.0951842534485722
3,prec,aug,-0.0290195457851267,FALSE,-0.23134325175055,0.158929608087606
4,prec,sep,0.118683848158905,FALSE,-0.100652241361084,0.36286935957051
5,prec,oct,0.0618370990268474,FALSE,-0.130034127645675,0.242823554904515
6,prec,nov,-0.133205059260939,FALSE,-0.301744291457919,0.0363150386600343
7,prec,dec,-0.00492183126615787,FALSE,-0.197744630314235,0.16831884516075
8,prec,JAN,-0.00898973542029616,FALSE,-0.188587456258898,0.22115933548701
9,prec,FEB,-0.119128254144202,FALSE,-0.313769920852763,0.0815794583307362
10,prec,MAR,0.0247374199571123,FALSE,-0.187154251216434,0.223645045739768
11,prec,APR,0.0321685482156797,FALSE,-0.16794639789323,0.246694682181885
12,prec,MAY,-0.116450004965826,FALSE,-0.303840065277579,0.0793676714509008
13,prec,JUN,-0.0573442374990175,FALSE,-0.228705880068569,0.120585051150069
14,prec,JUL,-0.0057946803765464,FALSE,-0.214813697363422,0.187684757971813
15,prec,AUG,-0.0449246137990534,FALSE,-0.229090576479524,0.133230304258844
16,prec,SEP,0.184792316404797,FALSE,-0.0600513315311565,0.382150572174151
17,temp,jun,0.00458660565452456,FALSE,-0.185905969540243,0.215350405981475
18,temp,jul,0.09168337257606,FALSE,-0.107617523922231,0.286988525643791
19,temp,aug,-0.0960100089271565,FALSE,-0.302474182904448,0.140235794152472
20,temp,sep,-0.0461838952569991,FALSE,-0.245701948156258,0.166112334912856
21,temp,oct,-0.103854306479685,FALSE,-0.295236376158206,0.106338583823569
22,temp,nov,0.045078825279472,FALSE,-0.170691296219161,0.248339516816741
23,temp,dec,0.115575663793114,FALSE,-0.0676452825600217,0.300221624546218
24,temp,JAN,0.0625900676841624,FALSE,-0.131689423902503,0.26394276842461
25,temp,FEB,0.0741421229554668,FALSE,-0.144667466444743,0.289853496521558
26,temp,MAR,-0.0291328388356153,FALSE,-0.23313948403864,0.12972398424992
27,temp,APR,0.160798751198594,FALSE,-0.0172110165752114,0.3191277398325
28,temp,MAY,0.25468352979662,TRUE,0.0369555169736437,0.451881196230597
29,temp,JUN,-0.221760143201933,TRUE,-0.401813845100944,-0.0437806793485735
30,temp,JUL,0.0533200680014072,FALSE,-0.113560765797766,0.230171660545084
31,temp,AUG,0.0290405017157152,FALSE,-0.173436012427703,0.208666244955708
32,temp,SEP,-0.0917281548124709,FALSE,-0.269557925096596,0.127842664687861
