id,varname,month,coef,significant,ci_lower,ci_upper
1,prec,jun,0.0508895122542388,FALSE,-0.109467383573701,0.201710191913959
2,prec,jul,0.0254288384409406,FALSE,-0.16279275236968,0.192281249507816
3,prec,aug,0.149374485784172,FALSE,-0.0309222036059873,0.304344269919401
4,prec,sep,0.0553605906838228,FALSE,-0.105317335562674,0.230972137198746
5,prec,oct,0.0386246617350883,FALSE,-0.127643365513298,0.205857441927221
6,prec,nov,-0.0394761015418536,FALSE,-0.229616918009676,0.150294238824706
7,prec,dec,0.0502866409936746,FALSE,-0.0965748002864709,0.192660066395963
8,prec,JAN,0.000450154428691708,FALSE,-0.16911906763696,0.161564053156305
9,prec,FEB,0.128734639374724,FALSE,-0.0928996805796962,0.364970690295369
10,prec,MAR,0.0623854783394493,FALSE,-0.106540387291177,0.229096926867487
11,prec,APR,0.107596356366359,FALSE,-0.0448474015839153,0.254668113344041
12,prec,MAY,0.069931262707304,FALSE,-0.0856727386774854,0.228586977501197
13,prec,JUN,0.223881400740494,TRUE,0.0363384421009197,0.404506133768996
14,prec,JUL,0.11362905964748,FALSE,-0.0650024086855172,0.290315849868219
15,prec,AUG,0.127471298432856,FALSE,-0.0432129572932291,0.284819354857768
16,prec,SEP,0.0304616798472854,FALSE,-0.15158579482573,0.217103604637336
17,temp,jun,-0.12223331159343,FALSE,-0.304776280232047,0.0495155979212697
18,temp,jul,0.120199420827349,FALSE,-0.0702252335289498,0.331373660384251
19,temp,aug,0.0233633327947653,FALSE,-0.133923267085967,0.165718840135972
20,temp,sep,-0.00278609747307721,FALSE,-0.172367024407667,0.184500466788057
21,temp,oct,0.027224075367361,FALSE,-0.164430714576287,0.222610963057915
22,temp,nov,-0.00189461029372382,FALSE,-0.133865034321948,0.143768631888516
23,temp,dec,0.0520075454368435,FALSE,-0.132524531766487,0.194071334440988
24,temp,JAN,-0.0982712633630826,FALSE,-0.26912973996794,0.0491699267309097
25,temp,FEB,0.129875269604272,FALSE,-0.0540381541121607,0.302978501238781
26,temp,MAR,0.0565715789744306,FALSE,-0.0763774114101771,0.19200561470342
27,temp,APR,0.0897389831762313,FALSE,-0.0707939965294961,0.239428798525624
28,temp,MAY,-0.0324363200319403,FALSE,-0.180603434641167,0.130374810406779
29,temp,JUN,-0.194959725768919,TRUE,-0.357997128830349,-0.0417330001841177
30,temp,JUL,-0.0801995744586446,FALSE,-0.260804002938474,0.100080790466384
31,temp,AUG,-0.0395963481026047,FALSE,-0.177901121607351,0.104844383810557
32,temp,SEP,0.0310221139265462,FALSE,-0.136020644681013,0.205990234034376
