id,varname,month,coef,significant,ci_lower,ci_upper
1,prec,jun,-0.00334418628200777,FALSE,-0.158548426999475,0.140913366526117
2,prec,jul,-0.020669520645253,FALSE,-0.196764189928599,0.150956592512186
3,prec,aug,0.00288825708190703,FALSE,-0.207567390899202,0.173158102988648
4,prec,sep,0.0872227063859254,FALSE,-0.0598049852263011,0.280419994144948
5,prec,oct,-0.0818394034970943,FALSE,-0.231933841957966,0.0668575477476513
6,prec,nov,0.0070781359521538,FALSE,-0.148136960054886,0.156779723330671
7,prec,dec,0.125478450620005,FALSE,-0.0297352898184679,0.276582847410799
8,prec,JAN,0.227120531051923,TRUE,0.0465539371925798,0.400885693851978
9,prec,FEB,0.11543728220395,FALSE,-0.0570658108645991,0.280945255004374
10,prec,MAR,0.17797385657715,FALSE,-0.0457746113264261,0.355970804992737
11,prec,APR,0.218476798837273,TRUE,0.0197694082413605,0.402662343724987
12,prec,MAY,-0.0350566981092401,FALSE,-0.200521664182491,0.125469009553955
13,prec,JUN,-0.00516656517887263,FALSE,-0.140948998946396,0.129488052410983
14,prec,JUL,0.091602904327981,FALSE,-0.0617547205651055,0.240909866257715
15,prec,AUG,-0.0644571390747882,FALSE,-0.248293580999123,0.0842660642775709
16,prec,SEP,-0.11180907065484,FALSE,-0.266872285979093,0.0358265937835404
17,temp,jun,-0.0434771456952586,FALSE,-0.205753173294142,0.124609096167752
18,temp,jul,0.0203158330515635,FALSE,-0.104642608050512,0.159629454141667
19,temp,aug,-0.0782563011969448,FALSE,-0.267326043807477,0.0654583753187075
20,temp,sep,-0.0759786277566583,FALSE,-0.233328790839686,0.132582544400997
21,temp,oct,-0.015908094640677,FALSE,-0.220445283343469,0.19542494700442
22,temp,nov,0.221751156589011,TRUE,0.0602237451677596,0.407935168086062
23,temp,dec,0.0332280440235238,FALSE,-0.150460375368449,0.20024512658366
24,temp,JAN,-0.0026900473740327,FALSE,-0.161233726870091,0.13628530303277
25,temp,FEB,-0.0634260931821363,FALSE,-0.246405777477059,0.132464912043294
26,temp,MAR,-0.0166512276993548,FALSE,-0.161524078370049,0.136620157615511
27,temp,APR,-0.0662493585982507,FALSE,-0.220693637149592,0.10187334468577
28,temp,MAY,-0.115132542564968,FALSE,-0.279180505832047,0.0764442662343215
29,temp,JUN,0.0213587376930799,FALSE,-0.1097574020137,0.149803715266427
30,temp,JUL,-0.059679196443036,FALSE,-0.197459266644365,0.063678275084627
31,temp,AUG,0.067018869113955,FALSE,-0.0611254921745741,0.214542120828728
32,temp,SEP,0.0176905332956707,FALSE,-0.149212090907465,0.189823957522603
