id,varname,month,coef,significant,ci_lower,ci_upper
1,prec,jun,0.102138936425934,FALSE,-0.0640921646736912,0.277366766035745
2,prec,jul,0.0714557792799166,FALSE,-0.0915788637340924,0.223803442482871
3,prec,aug,0.0213224399119128,FALSE,-0.137277909193352,0.18153444688791
4,prec,sep,0.0911026283352614,FALSE,-0.0777910052881617,0.259064071050701
5,prec,oct,0.182420627330295,FALSE,-0.0144779276719868,0.36410738697843
6,prec,nov,0.0971296937037192,FALSE,-0.111865215350995,0.257770792949478
7,prec,dec,0.110041042054431,FALSE,-0.0595783809668159,0.285810875382481
8,prec,JAN,0.0750914234475395,FALSE,-0.116888887246906,0.257966818376304
9,prec,FEB,0.156078445803576,FALSE,-0.0225135753880837,0.362727396226746
10,prec,MAR,0.0655355192501016,FALSE,-0.11184166105815,0.246115373667866
11,prec,APR,0.100136595935706,FALSE,-0.0684306503683762,0.286006072153884
12,prec,MAY,0.0522221730919711,FALSE,-0.14874158569966,0.245956196554851
13,prec,JUN,0.135396170385303,FALSE,-0.0474797794440897,0.30356122757885
14,prec,JUL,0.114318488421061,FALSE,-0.0421895406209507,0.264599737761035
15,prec,AUG,-0.124484696877214,FALSE,-0.295327598116028,0.0604513490888031
16,prec,SEP,-0.0965308975190018,FALSE,-0.271856376249913,0.0870356719788251
17,temp,jun,-0.0431431110423363,FALSE,-0.21572846022915,0.137323870286533
18,temp,jul,-0.158148103858225,TRUE,-0.305796994377537,-0.00991765625256482
19,temp,aug,0.0286783503438368,FALSE,-0.14522591358788,0.201213305401555
20,temp,sep,0.0137186023980598,FALSE,-0.133109768916254,0.156508046787923
21,temp,oct,-0.171684230284317,FALSE,-0.350863785274726,-0.00223918673455321
22,temp,nov,-0.00451409832097333,FALSE,-0.163457659713886,0.171441337021544
23,temp,dec,0.0110597227720997,FALSE,-0.126766799842059,0.153711018167013
24,temp,JAN,-0.106889451094988,FALSE,-0.312284643574407,0.0955519010420237
25,temp,FEB,0.101330281597292,FALSE,-0.089957362956818,0.28236606278371
26,temp,MAR,0.00568655146657327,FALSE,-0.155471602749566,0.162521013375678
27,temp,APR,-0.126949060493002,FALSE,-0.316673114288978,0.0253646967563172
28,temp,MAY,-0.0233915284785617,FALSE,-0.185848534351708,0.130828333688571
29,temp,JUN,-0.0891023477702761,FALSE,-0.269705642736388,0.102516735423131
30,temp,JUL,-0.0155739330797902,FALSE,-0.184784199725351,0.147448404633238
31,temp,AUG,0.0248094233693106,FALSE,-0.187101447264088,0.232288453651583
32,temp,SEP,-0.033178024581888,FALSE,-0.205534459810993,0.124672484312284
