id,varname,month,coef,significant,ci_lower,ci_upper
1,prec,jun,-0.0415102624691368,FALSE,-0.233113902667006,0.145587407810312
2,prec,jul,0.0672191800399143,FALSE,-0.108901330885221,0.239158620305103
3,prec,aug,0.146031865833805,FALSE,-0.0545876627789723,0.328946959304899
4,prec,sep,0.0284456446633238,FALSE,-0.170234599872105,0.225051108976636
5,prec,oct,6.86722012678738e-06,FALSE,-0.173833231602455,0.162474570486025
6,prec,nov,0.0998638171549574,FALSE,-0.0922557644807588,0.288220118952465
7,prec,dec,0.171011392761237,FALSE,-0.0174858749813225,0.369523312659202
8,prec,JAN,0.0634956090443702,FALSE,-0.148151717086112,0.211026738857964
9,prec,FEB,0.177877939147412,TRUE,0.0145431274819215,0.344253727910353
10,prec,MAR,0.158269653319046,FALSE,-0.0236800999696845,0.31249582964609
11,prec,APR,0.188058169458098,FALSE,0.0149430739878905,0.402898090417974
12,prec,MAY,-0.0468744072099303,FALSE,-0.232492249771009,0.135745770442909
13,prec,JUN,0.0800760424788019,FALSE,-0.090265753250312,0.270754355240036
14,prec,JUL,0.0563128053873715,FALSE,-0.172425878994244,0.246415673004485
15,prec,AUG,0.128161208073002,FALSE,-0.0534145337553743,0.304998902617724
16,prec,SEP,0.0560350343000061,FALSE,-0.144878926856603,0.254610655855649
17,temp,jun,0.00466846876285591,FALSE,-0.204589904174671,0.189474145553278
18,temp,jul,-0.0108134701696286,FALSE,-0.170811563961981,0.151886385848771
19,temp,aug,-0.114554607139117,FALSE,-0.318915755901646,0.0686431443397182
20,temp,sep,0.151495749305375,FALSE,-0.0149030377889644,0.34414624467272
21,temp,oct,-0.0697534480366238,FALSE,-0.288552469960133,0.151352633392245
22,temp,nov,0.00577916993808469,FALSE,-0.175954056710423,0.184116367323638
23,temp,dec,0.0365721792893725,FALSE,-0.163410962634742,0.225430170585094
24,temp,JAN,-0.0521584071510496,FALSE,-0.233963776285958,0.152870143203633
25,temp,FEB,0.119384691606874,FALSE,-0.0844751510821782,0.329653516586337
26,temp,MAR,-0.0612987240239214,FALSE,-0.24649465634648,0.161903244579885
27,temp,APR,0.0453170420981718,FALSE,-0.188312241326602,0.248989657980953
28,temp,MAY,-0.175528734040593,FALSE,-0.400277620630813,0.0332734640298607
29,temp,JUN,-0.113875375692887,FALSE,-0.299575408989123,0.0737852506995073
30,temp,JUL,0.0265829911394327,FALSE,-0.144345507632119,0.194691654696515
31,temp,AUG,0.0832861507776183,FALSE,-0.102542487474661,0.295716391286617
32,temp,SEP,-0.0831535247473255,FALSE,-0.292138509539062,0.113909556050581
