id,varname,month,coef,significant,ci_lower,ci_upper
1,prec,jun,-0.0796821799596791,FALSE,-0.242319001573492,0.080514352790655
2,prec,jul,-0.0222258328207172,FALSE,-0.179380857339743,0.164062034484306
3,prec,aug,0.0892099490786114,FALSE,-0.0573686164640182,0.233560897986951
4,prec,sep,0.0262097581020782,FALSE,-0.118470602983682,0.17341502819383
5,prec,oct,0.178883671286689,TRUE,0.0127872787581204,0.33739066387713
6,prec,nov,-0.0109233327255381,FALSE,-0.175119820631729,0.154554480688919
7,prec,dec,-0.0321005602459391,FALSE,-0.226417609847172,0.128642839955607
8,prec,JAN,0.0489090532829585,FALSE,-0.104427526088626,0.189207993000285
9,prec,FEB,0.03090503518436,FALSE,-0.116166284270267,0.181557873830785
10,prec,MAR,0.0998093562910257,FALSE,-0.0749101461043485,0.25614367543175
11,prec,APR,0.112409508237061,FALSE,-0.0759736723173566,0.270093549555417
12,prec,MAY,0.112699420065783,FALSE,-0.0648800051880962,0.256701645350494
13,prec,JUN,0.180132502506543,TRUE,0.0401965838692238,0.33912231881467
14,prec,JUL,0.0674954233088399,FALSE,-0.124021215724069,0.233312467899368
15,prec,AUG,-0.0837989093277903,FALSE,-0.217573722051724,0.0859771761418311
16,prec,SEP,0.0114520386122858,FALSE,-0.165231527078995,0.168407871417877
17,temp,jun,0.0617062831858759,FALSE,-0.12814871336494,0.22733374728207
18,temp,jul,0.147676411119901,FALSE,-0.0510425747312431,0.371875162081652
19,temp,aug,0.000655500956956316,FALSE,-0.158264922341931,0.147412194941312
20,temp,sep,0.0533456572254334,FALSE,-0.0921460466049173,0.201489507411265
21,temp,oct,0.028790757814236,FALSE,-0.128324838700061,0.192965434835663
22,temp,nov,-0.0667158433433044,FALSE,-0.240447987262134,0.107548285273292
23,temp,dec,0.0778499487285106,FALSE,-0.0707210732514764,0.251429933461025
24,temp,JAN,0.00870050422659643,FALSE,-0.142491069034284,0.139040143905896
25,temp,FEB,0.084540394576311,FALSE,-0.116467709282445,0.262070670318168
26,temp,MAR,-0.0118082192861028,FALSE,-0.195797341256903,0.139117636905926
27,temp,APR,0.0826610446139364,FALSE,-0.0742855159345483,0.245578388948871
28,temp,MAY,0.131958455054486,FALSE,-0.0335762388679196,0.290461136183945
29,temp,JUN,-0.216674297071227,TRUE,-0.369646376894542,-0.0660196273442388
30,temp,JUL,-0.159268644829484,FALSE,-0.311765123837463,0.037993817219481
31,temp,AUG,-0.0682648647528733,FALSE,-0.230369704275978,0.0640368866621643
32,temp,SEP,-0.153009801804571,FALSE,-0.319709128487486,0.00390605583740525
