id,varname,month,coef,significant,ci_lower,ci_upper
1,prec,jun,0.123381781665345,FALSE,-0.0286939556800307,0.283611758421211
2,prec,jul,-0.243641356660908,TRUE,-0.453116949735893,-0.0173478710013889
3,prec,aug,0.175196693001099,FALSE,-0.0336678083497972,0.414168010339066
4,prec,sep,0.0321224703511496,FALSE,-0.189722568689151,0.240116739840673
5,prec,oct,0.063090849916473,FALSE,-0.142368606215114,0.254527930020791
6,prec,nov,-0.0764415645383897,FALSE,-0.281452354982452,0.116793810323719
7,prec,dec,0.0110926489754219,FALSE,-0.165336894943554,0.245624861468316
8,prec,JAN,0.112326338322479,FALSE,-0.0542416140980864,0.269534628476865
9,prec,FEB,0.110314684321144,FALSE,-0.102402449215618,0.334857456863106
10,prec,MAR,0.239933147039688,TRUE,0.0303924962748201,0.441587394073486
11,prec,APR,-0.0157717842099158,FALSE,-0.223245259331132,0.156602628571451
12,prec,MAY,0.10369652999995,FALSE,-0.0792671108869668,0.312014686436147
13,prec,JUN,0.301300006813507,TRUE,0.11352542620589,0.482813702917644
14,prec,JUL,-0.0971400207267298,FALSE,-0.299968937378379,0.0710168590640347
15,prec,AUG,-0.0417210822849375,FALSE,-0.216833678708562,0.158007735253505
16,prec,SEP,0.0037066139424893,FALSE,-0.1526661759539,0.164987182917626
17,temp,jun,-0.00899073368449227,FALSE,-0.189643633547883,0.192286675031527
18,temp,jul,0.01677229235207,FALSE,-0.18680843063556,0.189818300407744
19,temp,aug,-0.00921753278492698,FALSE,-0.203810238749102,0.149310472284805
20,temp,sep,-0.0128378458468491,FALSE,-0.236826488069494,0.227704420146384
21,temp,oct,0.0674881133031102,FALSE,-0.112894314427068,0.249708493220442
22,temp,nov,-0.0811838926743101,FALSE,-0.244587959170747,0.0995809948477605
23,temp,dec,-0.118722120003617,FALSE,-0.290585287977616,0.0711528456410938
24,temp,JAN,-0.0293592151686299,FALSE,-0.247614963272965,0.214606256502534
25,temp,FEB,0.084934672308374,FALSE,-0.111090512180545,0.249754719979704
26,temp,MAR,0.000363732547471989,FALSE,-0.1773134893756,0.22604285909283
27,temp,APR,-0.0804076027469878,FALSE,-0.268187204017086,0.0782905460286712
28,temp,MAY,-0.0040452846572232,FALSE,-0.217621106954425,0.179006543411113
29,temp,JUN,-0.142358600202205,FALSE,-0.327091239151919,0.0705297388064665
30,temp,JUL,-0.156297019482498,FALSE,-0.348786717125912,0.0322255887139062
31,temp,AUG,0.151692519710501,FALSE,-0.0254196509696154,0.323560893692306
32,temp,SEP,-0.0105135245500737,FALSE,-0.213610729065998,0.17577500618732
