id,varname,month,coef,significant,ci_lower,ci_upper
1,prec,jun,0.123720766826913,FALSE,-0.0113257389879759,0.280416777111641
2,prec,jul,0.0313519436019328,FALSE,-0.133807434800545,0.196666377183046
3,prec,aug,0.00244301314965996,FALSE,-0.171337539624367,0.152450135412824
4,prec,sep,-0.00707508605290549,FALSE,-0.200935886405138,0.171900393942554
5,prec,oct,-0.00968010768750451,FALSE,-0.191469334361699,0.134672507059439
6,prec,nov,0.0629993296340721,FALSE,-0.110250523535848,0.225850154461541
7,prec,dec,-0.0563181144058336,FALSE,-0.234162694891939,0.113957822633973
8,prec,JAN,-0.0860414390783636,FALSE,-0.236641970923395,0.0859032260998137
9,prec,FEB,0.0771341888041504,FALSE,-0.109545334171048,0.247969815680745
10,prec,MAR,-0.0135252448763093,FALSE,-0.199250909353405,0.179193446128422
11,prec,APR,0.10216717799412,FALSE,-0.0828252532452863,0.275160437524007
12,prec,MAY,0.148337646536596,FALSE,-0.0140512889922162,0.317993268820614
13,prec,JUN,0.194386760939992,TRUE,0.0145721027029828,0.374704633390908
14,prec,JUL,0.108541883376321,FALSE,-0.0975090770443988,0.286967361653846
15,prec,AUG,0.100391217485802,FALSE,-0.0726651013598104,0.312861020260166
16,prec,SEP,0.0117597028775206,FALSE,-0.156587339560726,0.184947193935681
17,temp,jun,-0.131750244782986,FALSE,-0.312173898956329,0.040556128192563
18,temp,jul,-0.00208960291080759,FALSE,-0.171789142444357,0.166412294526988
19,temp,aug,-0.00604961909970441,FALSE,-0.147918897017259,0.154481536362518
20,temp,sep,-0.0105080690764175,FALSE,-0.177279353653442,0.165586233931441
21,temp,oct,0.0233424085854486,FALSE,-0.130446665126823,0.199899558747682
22,temp,nov,0.0280950282985408,FALSE,-0.151039529484892,0.190684685433757
23,temp,dec,0.116696878193955,FALSE,-0.0554503023341567,0.297538773419112
24,temp,JAN,0.15807466527986,FALSE,-0.0479392323690754,0.33742032384458
25,temp,FEB,0.114593743701254,FALSE,-0.0983714296209316,0.307527210001265
26,temp,MAR,0.057269591834099,FALSE,-0.0997294088527031,0.210994610706537
27,temp,APR,-0.0262453809575748,FALSE,-0.207794873122991,0.164296705251805
28,temp,MAY,-0.0368863848795643,FALSE,-0.215601867490638,0.14866060655726
29,temp,JUN,-0.0156013577087266,FALSE,-0.163710628154255,0.150412578282547
30,temp,JUL,-0.258405629089401,TRUE,-0.429967263085496,-0.116188809587996
31,temp,AUG,-0.0623281234976008,FALSE,-0.20898449227278,0.0807131158572294
32,temp,SEP,-0.0761745194093935,FALSE,-0.26965071712335,0.124376688258867
