id,varname,month,coef,significant,ci_lower,ci_upper
1,prec,jun,-0.0975489390480072,FALSE,-0.243166671955149,0.0450379869318604
2,prec,jul,0.0914529204126486,FALSE,-0.115203224215575,0.27799244487215
3,prec,aug,0.0859626602536075,FALSE,-0.130984194240775,0.315515517611569
4,prec,sep,-0.0818757697500067,FALSE,-0.266763720092543,0.0833577647615725
5,prec,oct,0.0139882523330387,FALSE,-0.160901410961763,0.164162254015665
6,prec,nov,-0.0868464863422114,FALSE,-0.254708857724484,0.0679826827832917
7,prec,dec,0.128200365838587,FALSE,-0.0361118901909361,0.281326967722197
8,prec,JAN,0.0598794921355768,FALSE,-0.134455971265394,0.207639272251792
9,prec,FEB,0.00799845674772596,FALSE,-0.154831134879787,0.173407732482511
10,prec,MAR,0.0771567695491664,FALSE,-0.0849808090804947,0.251672231641977
11,prec,APR,0.0978655395919934,FALSE,-0.0657599928612414,0.270986305909524
12,prec,MAY,0.015830388369222,FALSE,-0.1822358702819,0.230739184572021
13,prec,JUN,-0.190569596712544,TRUE,-0.349413694401295,-0.0183114503974591
14,prec,JUL,-0.0141542473167252,FALSE,-0.200321966727254,0.17611045289943
15,prec,AUG,0.0390806931628505,FALSE,-0.136108641328748,0.202150616975331
16,prec,SEP,-0.0958386036385127,FALSE,-0.289148867122357,0.0920525823692813
17,temp,jun,-0.131196454192852,FALSE,-0.328087801682221,0.0431699807695056
18,temp,jul,-0.125661663408071,FALSE,-0.283718918975759,0.0306045122280681
19,temp,aug,-0.0074879233105806,FALSE,-0.196834936266663,0.175478693280593
20,temp,sep,-0.00525076270767756,FALSE,-0.168111709819156,0.178846542155285
21,temp,oct,0.108834967413286,FALSE,-0.124477362486544,0.325657875851105
22,temp,nov,-0.0839299287118279,FALSE,-0.258561640404507,0.100842287445137
23,temp,dec,0.0235187830181098,FALSE,-0.157111129725215,0.171170091764594
24,temp,JAN,-0.138367181333006,FALSE,-0.279748066830579,0.0245201877456464
25,temp,FEB,-0.0182492107060676,FALSE,-0.203551000619964,0.149890267269136
26,temp,MAR,-0.0596264684218009,FALSE,-0.246345690385695,0.102211349718658
27,temp,APR,-0.108449007280885,FALSE,-0.267101160531998,0.0624750075331962
28,temp,MAY,0.0518555221735703,FALSE,-0.106804419972286,0.21002515966836
29,temp,JUN,0.0337735932302042,FALSE,-0.124404454391523,0.206107819626307
30,temp,JUL,0.0737072760606319,FALSE,-0.120550673776669,0.238035100701881
31,temp,AUG,-0.00483648898435844,FALSE,-0.145573883444178,0.13612104693372
32,temp,SEP,-0.101704744852076,FALSE,-0.237489449709541,0.042113905562166
