id,varname,month,coef,significant,ci_lower,ci_upper
1,prec,jun,0.0855120361117122,FALSE,-0.0773606651641718,0.231316762498715
2,prec,jul,0.131714706386235,FALSE,-0.0244767874608473,0.29206712901669
3,prec,aug,-0.0618503510771055,FALSE,-0.202643997328116,0.0841809689959288
4,prec,sep,-0.0411347302421493,FALSE,-0.181419642228299,0.0982308831879748
5,prec,oct,0.132050002861118,FALSE,-0.00415213104243829,0.278072888553117
6,prec,nov,0.0589098718641099,FALSE,-0.0882409897842782,0.214890138182138
7,prec,dec,0.212020917485011,TRUE,0.0466055526979996,0.368500646599358
8,prec,JAN,0.144446683577157,FALSE,0.00764373089500975,0.307850585037639
9,prec,FEB,0.0871797903245985,FALSE,-0.0324728757299488,0.217336609900946
10,prec,MAR,0.0946374561864482,FALSE,-0.074570978279371,0.241280181768684
11,prec,APR,0.0654443017138381,FALSE,-0.0577425722991327,0.192020435475878
12,prec,MAY,-0.044682908406443,FALSE,-0.191174703284967,0.103425708004755
13,prec,JUN,0.184437413975873,TRUE,0.0396626597058946,0.347365509698437
14,prec,JUL,0.147927742773487,FALSE,-0.01915049763225,0.310235818560271
15,prec,AUG,0.0326212022853819,FALSE,-0.138029125488949,0.190169658826648
16,prec,SEP,0.130695147516873,FALSE,-0.0150684556961095,0.275026387097086
17,temp,jun,-0.0587127340785464,FALSE,-0.228090922325825,0.0942009951034729
18,temp,jul,-0.0435338013639941,FALSE,-0.196022934491809,0.0891837730383431
19,temp,aug,-0.0472850838608462,FALSE,-0.190422661096956,0.0980487650980839
20,temp,sep,-0.0528019121161974,FALSE,-0.20258290934099,0.103943569395919
21,temp,oct,-0.0380283998956821,FALSE,-0.176806546099487,0.115549057374444
22,temp,nov,-0.0478230838362244,FALSE,-0.194862356581529,0.111934226344051
23,temp,dec,0.0261441611831052,FALSE,-0.141112232736454,0.175306866899187
24,temp,JAN,0.169951961329097,TRUE,0.0113168689403521,0.321956207428803
25,temp,FEB,-0.0573836081797999,FALSE,-0.218964759333442,0.111073987433444
26,temp,MAR,-0.0292906416690732,FALSE,-0.167492679825519,0.105549846273482
27,temp,APR,-0.0929964454959497,FALSE,-0.271686922421476,0.0734999299331307
28,temp,MAY,0.00167496396561721,FALSE,-0.159268232443665,0.157815141043979
29,temp,JUN,-0.127524083072044,FALSE,-0.290771362224618,0.019664287863438
30,temp,JUL,-0.0146066776864795,FALSE,-0.120947449431008,0.105546095251821
31,temp,AUG,0.0267647349853514,FALSE,-0.109812858755663,0.152643125279038
32,temp,SEP,-0.0745346278132377,FALSE,-0.2549547835069,0.108157147124085
