id,varname,month,coef,significant,ci_lower,ci_upper
1,prec,jun,-0.0837448818665321,FALSE,-0.227125207923593,0.0845257305778867
2,prec,jul,0.0116273253943496,FALSE,-0.150277167682871,0.138834763144292
3,prec,aug,0.157653735871825,FALSE,-0.0316103972641679,0.323412837510598
4,prec,sep,-0.0983010237405623,FALSE,-0.263593302491322,0.0707987782864512
5,prec,oct,0.0511128755695008,FALSE,-0.129408101910467,0.197958741031134
6,prec,nov,0.00888652332827847,FALSE,-0.14548951499754,0.163220559632927
7,prec,dec,-0.0458197408682841,FALSE,-0.191726041222349,0.12625831067937
8,prec,JAN,0.0905206214944519,FALSE,-0.031587054869756,0.221148540631207
9,prec,FEB,0.0876079039967898,FALSE,-0.0714621630606092,0.25180151570711
10,prec,MAR,-0.0167918691130887,FALSE,-0.178886523374648,0.143337773968259
11,prec,APR,-0.087680686509195,FALSE,-0.259188198745751,0.0764584925153532
12,prec,MAY,0.21617081971855,TRUE,0.057605206902637,0.376960970868943
13,prec,JUN,0.132973133671918,TRUE,0.0106586380719691,0.272374241985112
14,prec,JUL,0.019602062676174,FALSE,-0.119014470904922,0.144468451136747
15,prec,AUG,-0.0738241461099481,FALSE,-0.231962823766911,0.140449838966289
16,prec,SEP,0.0258377678541002,FALSE,-0.120167138472542,0.168779431211152
17,temp,jun,-0.0640581055899084,FALSE,-0.224253229664937,0.104503906147075
18,temp,jul,-0.138431712467072,TRUE,-0.259217535744544,-0.00895803400116718
19,temp,aug,-0.124250549931034,FALSE,-0.295835389691111,0.0283653891357124
20,temp,sep,-0.0539864451561667,FALSE,-0.218596330605459,0.10755125282721
21,temp,oct,-0.08217441907375,FALSE,-0.19522769041707,0.0377631047862762
22,temp,nov,0.0501795012819345,FALSE,-0.107411105931353,0.195675258671717
23,temp,dec,-0.0132776467751003,FALSE,-0.192117154486854,0.164421877127185
24,temp,JAN,0.00586478921372156,FALSE,-0.181913271720219,0.160712566519393
25,temp,FEB,-0.00335670632650372,FALSE,-0.199576693542357,0.172464261527651
26,temp,MAR,0.000254987867820939,FALSE,-0.168692689934105,0.167127798434423
27,temp,APR,-0.125034764918951,FALSE,-0.278665380104505,0.041883678476453
28,temp,MAY,-0.19780381650081,TRUE,-0.333592828463791,-0.0465939887255414
29,temp,JUN,-0.0912788671418861,FALSE,-0.229988200601727,0.0470361133227062
30,temp,JUL,-0.160254099570998,TRUE,-0.265661515910148,-0.052288830541038
31,temp,AUG,-0.113348792616837,FALSE,-0.297595850462082,0.0426210566739818
32,temp,SEP,-0.0946191013042138,FALSE,-0.2473796892066,0.0619548230725472
