id,varname,month,coef,significant,ci_lower,ci_upper
1,prec,jun,0.114168448132169,FALSE,-0.0737972608205248,0.275310180974639
2,prec,jul,0.163855127196263,FALSE,-0.0288003412532505,0.341893089687416
3,prec,aug,0.174220023572344,FALSE,-0.00118033954071212,0.36435396910342
4,prec,sep,0.0156285399420906,FALSE,-0.154268218458559,0.20750277078256
5,prec,oct,-0.139452105765949,FALSE,-0.311450680134136,0.0141834309605901
6,prec,nov,0.0594356285076345,FALSE,-0.121056797938729,0.250455118410777
7,prec,dec,-0.158138791903438,FALSE,-0.366533400823901,0.0282598594685501
8,prec,JAN,0.0527556622751582,FALSE,-0.155245577415815,0.251906991933056
9,prec,FEB,-0.0139488846132661,FALSE,-0.221433718670953,0.153655676586473
10,prec,MAR,0.0482712983346761,FALSE,-0.1329458492578,0.224815558747815
11,prec,APR,0.0472177974142233,FALSE,-0.150752711096566,0.216809151722287
12,prec,MAY,0.108179418720894,FALSE,-0.0878273751404507,0.286404359665108
13,prec,JUN,0.0965997406814046,FALSE,-0.0595463885169298,0.256830268131659
14,prec,JUL,0.0665340022449792,FALSE,-0.124905182529008,0.234549499856702
15,prec,AUG,0.0265697401469802,FALSE,-0.169474670254672,0.211404251921957
16,prec,SEP,0.0093980201140417,FALSE,-0.199224597495647,0.197395500605606
17,temp,jun,0.0380450582723135,FALSE,-0.155070710830201,0.205324029747174
18,temp,jul,-0.11318338763368,FALSE,-0.278829589734872,0.0537905076148893
19,temp,aug,0.074264041110608,FALSE,-0.129498127380114,0.25650398425727
20,temp,sep,0.0218016877174194,FALSE,-0.170533670853481,0.196065774951229
21,temp,oct,-0.0469413099685536,FALSE,-0.215449281546701,0.100937783904444
22,temp,nov,0.0471981434639435,FALSE,-0.159917720573709,0.263086466865491
23,temp,dec,0.0737309989494481,FALSE,-0.152032723160179,0.275456075113041
24,temp,JAN,0.0183152210638823,FALSE,-0.163434910801157,0.181924342367698
25,temp,FEB,0.0652882863198572,FALSE,-0.111089384951055,0.256013590196229
26,temp,MAR,0.0309426394017188,FALSE,-0.164803993059134,0.208991569310763
27,temp,APR,-0.206476190454713,TRUE,-0.421573212614463,-0.0152410855656049
28,temp,MAY,-0.129596397408027,FALSE,-0.323576507372716,0.065418562475873
29,temp,JUN,0.147645442506447,FALSE,-0.0191951708099623,0.311518428852475
30,temp,JUL,0.0585650965985385,FALSE,-0.0985892495013189,0.240983112577579
31,temp,AUG,0.0701023318199833,FALSE,-0.124201264847358,0.259820013479149
32,temp,SEP,0.0188724120483951,FALSE,-0.165821688528465,0.209607918383279
