id,varname,month,coef,significant,ci_lower,ci_upper
1,prec,jun,-0.0183408128448065,FALSE,-0.189044584139523,0.146085394797484
2,prec,jul,0.0590940805112427,FALSE,-0.116215927694318,0.244218894139985
3,prec,aug,0.120451952068107,FALSE,-0.0361968849166166,0.283672637696396
4,prec,sep,-0.0265605194236829,FALSE,-0.224947046335566,0.17617995817791
5,prec,oct,-0.115376379083036,FALSE,-0.241980147949619,0.0325656498757324
6,prec,nov,0.0135807598178571,FALSE,-0.17110160337551,0.195270706394702
7,prec,dec,-0.145535907001909,FALSE,-0.290284058984027,0.0209031619373587
8,prec,JAN,-0.229061154702406,TRUE,-0.392466849578911,-0.0547999694967822
9,prec,FEB,-0.0443243278744214,FALSE,-0.212338436665412,0.125973940874526
10,prec,MAR,0.046053997948651,FALSE,-0.151035999988667,0.233138902414474
11,prec,APR,-0.0440734345259344,FALSE,-0.207303478531405,0.146274712566607
12,prec,MAY,0.00961591612136766,FALSE,-0.126809764176658,0.165196758419146
13,prec,JUN,-0.0234546481227837,FALSE,-0.172035457916172,0.121685917126986
14,prec,JUL,-0.168016895235821,TRUE,-0.330284566695155,-0.0121783844853096
15,prec,AUG,0.0386793024768923,FALSE,-0.13255080024225,0.209688495767941
16,prec,SEP,-0.0193283183717165,FALSE,-0.196139123525855,0.144765625356535
17,temp,jun,0.00375795143978751,FALSE,-0.170786165969033,0.168478441968301
18,temp,jul,0.114744890860086,FALSE,-0.0613874728907581,0.299430581721876
19,temp,aug,0.0605411411245825,FALSE,-0.0751588851818713,0.204878839914022
20,temp,sep,0.0569884904970711,FALSE,-0.110072215312875,0.219356824707675
21,temp,oct,0.122334252484298,FALSE,-0.0391861888859479,0.262078041957137
22,temp,nov,0.00962733549496509,FALSE,-0.176789377561537,0.197830563514453
23,temp,dec,0.156493071578407,FALSE,-0.0352396556029117,0.354868670132055
24,temp,JAN,-0.148592083039033,FALSE,-0.304550214755217,0.0248219431116357
25,temp,FEB,0.0282608828166101,FALSE,-0.16260983986406,0.215050497353865
26,temp,MAR,-0.00405737049767943,FALSE,-0.154627789224194,0.15802203825259
27,temp,APR,-0.0194492745936452,FALSE,-0.214815992681786,0.16047254474438
28,temp,MAY,-0.04353070203924,FALSE,-0.228845881783368,0.116070912476367
29,temp,JUN,0.196737766781596,TRUE,0.000604023088458056,0.375488315806612
30,temp,JUL,0.14367312629915,FALSE,-0.0322043150074606,0.292507586330724
31,temp,AUG,0.0341818616052056,FALSE,-0.119337772562003,0.215983505939006
32,temp,SEP,-0.00189444435072147,FALSE,-0.171147136001705,0.159832792637323
