id,varname,month,coef,significant,ci_lower,ci_upper
1,prec,jun,0.16599483349525,TRUE,0.0377117099412364,0.306447010252653
2,prec,jul,0.235781594923588,TRUE,0.0435456816450304,0.381122453924207
3,prec,aug,0.197191011691935,TRUE,0.0452156495699577,0.35961465921071
4,prec,sep,0.0707528101909873,FALSE,-0.0802195375478866,0.211397096563798
5,prec,oct,-0.091059794140629,FALSE,-0.241661602730603,0.0537767467562305
6,prec,nov,0.0348336988198122,FALSE,-0.112083657845954,0.179289030688375
7,prec,dec,-0.135888342333655,FALSE,-0.305298311339594,0.0336013301724956
8,prec,JAN,0.052515469279126,FALSE,-0.111139871444435,0.225764176375191
9,prec,FEB,-0.00164711305260297,FALSE,-0.151828708900064,0.133816639687458
10,prec,MAR,0.0769978129576229,FALSE,-0.109976079159077,0.25304861889039
11,prec,APR,0.0540919435270724,FALSE,-0.0905661468506418,0.204495516957482
12,prec,MAY,0.123195044931232,FALSE,-0.0243789843201013,0.258444866668031
13,prec,JUN,0.102658177633326,FALSE,-0.0337314822653618,0.257671759099913
14,prec,JUL,0.0666068001458638,FALSE,-0.109093601021634,0.20232272362039
15,prec,AUG,0.0568933610834697,FALSE,-0.12321142912019,0.23497866309924
16,prec,SEP,0.0919248489824505,FALSE,-0.0549519766690813,0.252744699927805
17,temp,jun,0.130051249035247,FALSE,-0.0330423320825467,0.267019574450365
18,temp,jul,-0.120401603690832,FALSE,-0.257045777863087,-0.00915417667158581
19,temp,aug,0.0391702575915651,FALSE,-0.119574446754944,0.213423443218442
20,temp,sep,0.0227834122627889,FALSE,-0.135723926127018,0.175518963858988
21,temp,oct,0.0273848101464327,FALSE,-0.114672142783972,0.174150928889598
22,temp,nov,0.0751913459233412,FALSE,-0.079246497100029,0.235207780157249
23,temp,dec,0.112114907080697,FALSE,-0.0601451710367679,0.271850306935435
24,temp,JAN,-0.0290431906134618,FALSE,-0.179372562895983,0.12111810582038
25,temp,FEB,0.139128395617777,FALSE,-0.0464111915980702,0.302401362820981
26,temp,MAR,-0.037095129854385,FALSE,-0.178909919402814,0.120814098830029
27,temp,APR,-0.137493311114922,FALSE,-0.314048354781872,0.0109692526994959
28,temp,MAY,-0.0314930787014396,FALSE,-0.184619391322056,0.138034476043448
29,temp,JUN,0.0901505447022039,FALSE,-0.056799028576731,0.254444512642606
30,temp,JUL,0.0820309478128188,FALSE,-0.0671750111740719,0.228548587896979
31,temp,AUG,0.121180648593917,FALSE,-0.0315475774831149,0.265973932800587
32,temp,SEP,0.0554362084655984,FALSE,-0.104012257784876,0.220569168855126
