id,varname,month,coef,significant,ci_lower,ci_upper
1,prec,jun,0.0612351184300779,FALSE,-0.103626407910296,0.222081764375651
2,prec,jul,0.107697959445039,FALSE,-0.0497473025540729,0.261745837054315
3,prec,aug,0.0452181473590848,FALSE,-0.130558639524696,0.192174008307468
4,prec,sep,0.0113310057636825,FALSE,-0.139435651208963,0.178432397090718
5,prec,oct,0.0288846460482658,FALSE,-0.109401581030332,0.145606534956701
6,prec,nov,0.137258870644346,FALSE,-0.0196543074695577,0.304829337025822
7,prec,dec,-0.11780477783243,FALSE,-0.276775496904958,0.0583969606099369
8,prec,JAN,0.0379574082290423,FALSE,-0.108879196499753,0.203190890937911
9,prec,FEB,-0.123612053114203,FALSE,-0.281632719598198,0.0235438642467143
10,prec,MAR,-0.0628114824569098,FALSE,-0.234799406196067,0.0893585779842514
11,prec,APR,-0.0584704597165295,FALSE,-0.214456534514508,0.107621976311293
12,prec,MAY,0.0248265307983976,FALSE,-0.136324799515094,0.170479023240658
13,prec,JUN,0.0835267986972586,FALSE,-0.0559615434230564,0.217966092088962
14,prec,JUL,0.0907475044448002,FALSE,-0.067882361560045,0.246821304800239
15,prec,AUG,-0.0367248273723625,FALSE,-0.186575925584694,0.12725436741139
16,prec,SEP,-0.000669118359840579,FALSE,-0.146696305439463,0.135944957250322
17,temp,jun,0.0394822126492554,FALSE,-0.123132281194627,0.197160471905541
18,temp,jul,-0.219961072525068,TRUE,-0.367155114422477,-0.0535448398536612
19,temp,aug,-0.157641174374428,FALSE,-0.33140500378578,0.00812162394779604
20,temp,sep,-0.0200268962716531,FALSE,-0.16339882006259,0.128118674595097
21,temp,oct,0.00112624353957569,FALSE,-0.189540295627477,0.159602678051094
22,temp,nov,0.192200089317663,TRUE,0.0288814817773327,0.366718475902208
23,temp,dec,0.171580974594182,TRUE,0.0239479269075528,0.320595619733103
24,temp,JAN,0.039884395528752,FALSE,-0.125342424818545,0.174297490990111
25,temp,FEB,0.0128508821883035,FALSE,-0.150189094822636,0.153217309707121
26,temp,MAR,0.0890651683273744,FALSE,-0.0906547448133745,0.26099454360578
27,temp,APR,0.121028841179848,FALSE,-0.0404463859524452,0.282156554228383
28,temp,MAY,-0.076631717106412,FALSE,-0.212060583104815,0.0567376317128617
29,temp,JUN,-0.195295840882653,TRUE,-0.349350887939971,-0.0147857236260432
30,temp,JUL,-0.136681198446026,FALSE,-0.29407379084129,0.0284794150995513
31,temp,AUG,0.00511203837866682,FALSE,-0.16176198056999,0.167738445699183
32,temp,SEP,-0.00492749507160162,FALSE,-0.148086114864299,0.13870123662217
