id,varname,month,coef,significant,ci_lower,ci_upper
1,prec,jun,0.0393045217890503,FALSE,-0.156939495997615,0.235596608338184
2,prec,jul,-0.0448767218989768,FALSE,-0.231856104832623,0.148575107886247
3,prec,aug,-0.121360616508381,FALSE,-0.271682368523249,0.0382644150493499
4,prec,sep,0.0687599132040778,FALSE,-0.123325953573877,0.244614207335541
5,prec,oct,0.0585742036128513,FALSE,-0.121475814314701,0.225871532057351
6,prec,nov,0.00696795405438741,FALSE,-0.169900014115657,0.202587276361632
7,prec,dec,-0.0291474665266723,FALSE,-0.222455093632521,0.155374678861291
8,prec,JAN,-0.0734684119675122,FALSE,-0.259328301893308,0.123840185476738
9,prec,FEB,0.00805384154467057,FALSE,-0.182955327030373,0.202057858753505
10,prec,MAR,-0.0538849523882877,FALSE,-0.225909312564826,0.121504737714248
11,prec,APR,-0.00620844852400292,FALSE,-0.202746877695689,0.167876512878189
12,prec,MAY,0.137805617605744,FALSE,-0.0721729492678834,0.31095986669468
13,prec,JUN,0.0947249834325602,FALSE,-0.0597272117550677,0.271470323614018
14,prec,JUL,-0.038725300180161,FALSE,-0.246540492418831,0.13983105077757
15,prec,AUG,-0.110283048944786,FALSE,-0.265620152543539,0.0629889870859619
16,prec,SEP,-0.0569076669631345,FALSE,-0.219402030712863,0.117569664609595
17,temp,jun,-0.0588811236026906,FALSE,-0.237830356810441,0.129681822709321
18,temp,jul,-0.0783851146042473,FALSE,-0.2634749745858,0.121323497212129
19,temp,aug,-0.0309107960078895,FALSE,-0.215267245730022,0.167192882508487
20,temp,sep,-0.020761640344248,FALSE,-0.188929427444451,0.144383830178202
21,temp,oct,-0.0380232280475778,FALSE,-0.208569776048692,0.115953701648971
22,temp,nov,0.105525797684459,FALSE,-0.116086785871461,0.306521082118021
23,temp,dec,-0.0963631517076122,FALSE,-0.318849482263791,0.121169523739631
24,temp,JAN,0.0457684211052766,FALSE,-0.121884245157508,0.227949817978286
25,temp,FEB,-0.0123640762630103,FALSE,-0.181035664347799,0.152807478579322
26,temp,MAR,-0.110431855541475,FALSE,-0.272196193888591,0.0545113455740814
27,temp,APR,-0.0346388130446587,FALSE,-0.172795336285807,0.123912924871021
28,temp,MAY,-0.222215630937849,TRUE,-0.385470476440417,-0.0474007667119002
29,temp,JUN,-0.100230792611695,FALSE,-0.230885007295835,0.053245602400529
30,temp,JUL,0.00295644659074262,FALSE,-0.154595795636035,0.155269740196718
31,temp,AUG,-0.107966920093795,FALSE,-0.291319861606706,0.0680812445546553
32,temp,SEP,0.0649504836432341,FALSE,-0.106772929238481,0.242044817542665
