id,varname,month,coef,significant,ci_lower,ci_upper
1,prec,jun,0.0528835390693589,FALSE,-0.100268450911694,0.250493069539822
2,prec,jul,0.0290285677279331,FALSE,-0.164264183688398,0.212677206053359
3,prec,aug,-0.114349239236022,FALSE,-0.290035378776702,0.0431271283153968
4,prec,sep,0.0657166494512576,FALSE,-0.127426617881559,0.271940571279021
5,prec,oct,-0.0168501881376259,FALSE,-0.23300360148373,0.201954405984105
6,prec,nov,-0.114094944884741,FALSE,-0.275329470475477,0.0687463666751583
7,prec,dec,-0.0920890050647999,FALSE,-0.272817177660453,0.0854708344910609
8,prec,JAN,-0.0283862881064937,FALSE,-0.207347796250978,0.139851050297532
9,prec,FEB,-0.0856607794593969,FALSE,-0.270114990091765,0.102931520182485
10,prec,MAR,0.0054238204324795,FALSE,-0.202183851885382,0.201294311849165
11,prec,APR,0.0702344162352695,FALSE,-0.115822656220451,0.222422054678467
12,prec,MAY,-0.0132984005366302,FALSE,-0.206006283587486,0.157849059892337
13,prec,JUN,-0.164955286105195,FALSE,-0.336981977544026,0.00386653045831465
14,prec,JUL,-0.03469078990148,FALSE,-0.206569692674777,0.127064677841207
15,prec,AUG,-0.00766010132677643,FALSE,-0.174758766978271,0.130437907451391
16,prec,SEP,0.0523573044675609,FALSE,-0.151137810352062,0.268513482545031
17,temp,jun,-0.0987427803352269,FALSE,-0.301479885564917,0.0925535053578247
18,temp,jul,-0.0440228190488069,FALSE,-0.236003538873819,0.151150988270719
19,temp,aug,-0.0912867729517782,FALSE,-0.26091286500646,0.139777702167686
20,temp,sep,-0.0753314892040381,FALSE,-0.256109405995744,0.101189538563555
21,temp,oct,-0.0964236577579825,FALSE,-0.266790042736307,0.0823706865025763
22,temp,nov,0.106411938235909,FALSE,-0.0657412537997714,0.280813973199695
23,temp,dec,-0.0308390767465331,FALSE,-0.239586125274849,0.147875803556262
24,temp,JAN,-0.0668915738485664,FALSE,-0.257792582904282,0.126413490360066
25,temp,FEB,-0.018322877090517,FALSE,-0.159588337532305,0.151757918144675
26,temp,MAR,-0.031807580339715,FALSE,-0.220284204118424,0.153551710698741
27,temp,APR,-0.00909968081196843,FALSE,-0.17480205049174,0.153379723884049
28,temp,MAY,-0.100496999479784,FALSE,-0.266928601525341,0.07687127611653
29,temp,JUN,-0.0329658046174567,FALSE,-0.205518354829215,0.140895797857244
30,temp,JUL,0.108115046141599,FALSE,-0.0458353923792473,0.252460818469633
31,temp,AUG,-0.0174907777279793,FALSE,-0.220430485701866,0.162837696785352
32,temp,SEP,0.0220785832708281,FALSE,-0.133962257767666,0.196346768583272
