id,varname,month,coef,significant,ci_lower,ci_upper
1,prec,jun,0.122006648465183,FALSE,-0.0506691661372292,0.3098106964303
2,prec,jul,0.117095562749698,FALSE,-0.0685590227291326,0.302851359371767
3,prec,aug,-0.0654757841962812,FALSE,-0.266592024426094,0.103032577336818
4,prec,sep,-0.101109286077924,FALSE,-0.306361075832335,0.0879680590311565
5,prec,oct,0.129787334652178,FALSE,-0.0735409721421338,0.31816435035966
6,prec,nov,-0.000511130751265815,FALSE,-0.217043874263687,0.189247074710591
7,prec,dec,0.0140900232266413,FALSE,-0.158952188900079,0.188268652455233
8,prec,JAN,0.0554839587447604,FALSE,-0.135242656122714,0.259647162141315
9,prec,FEB,-0.0322578546572985,FALSE,-0.23327319338086,0.161019824418866
10,prec,MAR,0.0267681831618347,FALSE,-0.167221102696605,0.211168595887385
11,prec,APR,0.0268231298912018,FALSE,-0.13702892700277,0.208266250052281
12,prec,MAY,0.0639120058242497,FALSE,-0.138767311424776,0.251120211919908
13,prec,JUN,-0.110986914483282,FALSE,-0.283761434319835,0.0443992064723967
14,prec,JUL,0.164119704871083,FALSE,-0.0133628050529258,0.356629932251971
15,prec,AUG,-0.097111987048697,FALSE,-0.238543276191638,0.0549304911911132
16,prec,SEP,-0.00137108855909319,FALSE,-0.198354043484152,0.183174231409536
17,temp,jun,-0.184258492073271,FALSE,-0.377635913361387,0.0101222280831308
18,temp,jul,-0.0973946585264907,FALSE,-0.308623698796184,0.14265733000603
19,temp,aug,-0.0717545981892637,FALSE,-0.310903620137887,0.143624925575252
20,temp,sep,0.0944645623707913,FALSE,-0.140938083833817,0.292260501794264
21,temp,oct,0.0440140167463812,FALSE,-0.157586731134424,0.264895669925067
22,temp,nov,0.0219983737782881,FALSE,-0.192593265445427,0.219840860590614
23,temp,dec,-0.113953576654281,FALSE,-0.311574535868926,0.067035624959012
24,temp,JAN,0.0056587907299491,FALSE,-0.193660742754643,0.193850183732234
25,temp,FEB,0.0123595659288471,FALSE,-0.178869395124623,0.217088764114539
26,temp,MAR,0.145315605725459,FALSE,-0.0458908322144716,0.325666596710115
27,temp,APR,0.0406428076257871,FALSE,-0.143711230951992,0.208322472903265
28,temp,MAY,-0.0607561453977479,FALSE,-0.290488778324004,0.166790448273427
29,temp,JUN,-0.0460173071581329,FALSE,-0.233966357672805,0.163629783729371
30,temp,JUL,0.134697951270094,FALSE,-0.0489715186403104,0.314952986342388
31,temp,AUG,-0.0173822058400968,FALSE,-0.187026316932644,0.153791196740766
32,temp,SEP,0.163385098250077,FALSE,-0.0642836801992336,0.380019876204813
