id,varname,month,coef,significant,ci_lower,ci_upper
1,prec,jun,0.037520190135174,FALSE,-0.159191708216261,0.242119213638229
2,prec,jul,-0.0336027680232741,FALSE,-0.251283332798255,0.17672275535921
3,prec,aug,0.0339511908863764,FALSE,-0.118857339472956,0.193122351577701
4,prec,sep,-0.000400851344955934,FALSE,-0.166474475272308,0.155804284581275
5,prec,oct,-0.116573772742322,FALSE,-0.256092485315745,0.0409241628312149
6,prec,nov,-0.0188589742384883,FALSE,-0.173729526305198,0.12070705647362
7,prec,dec,-0.107107159777821,FALSE,-0.255884789678484,0.0737214072618901
8,prec,JAN,0.2309319554867,TRUE,0.0698272497169343,0.379284928779097
9,prec,FEB,-0.174011848376767,TRUE,-0.333600495635759,-0.0124754113634863
10,prec,MAR,0.0634195883805052,FALSE,-0.0949753613104836,0.199430463278121
11,prec,APR,0.0536455277206178,FALSE,-0.0743405980943198,0.179254865952951
12,prec,MAY,0.145559774669923,FALSE,-0.0206336358353025,0.294804500754681
13,prec,JUN,-0.030182441518245,FALSE,-0.189916786379705,0.129840504129001
14,prec,JUL,-0.171031290940643,TRUE,-0.305417407851412,-0.0202378198523762
15,prec,AUG,0.00527485821350563,FALSE,-0.121304919601851,0.131166184586492
16,prec,SEP,-0.0499415445493473,FALSE,-0.212001700398053,0.0995060150040933
17,temp,jun,-0.094285432351298,FALSE,-0.250497819753443,0.0611885236237299
18,temp,jul,0.154236257915906,FALSE,-0.0279104175820326,0.337797986771101
19,temp,aug,0.0948691813633689,FALSE,-0.103311377003995,0.292389990390559
20,temp,sep,0.0243319283739025,FALSE,-0.168253797692988,0.19724358633997
21,temp,oct,0.0306838206462097,FALSE,-0.138089210790039,0.220522189609579
22,temp,nov,0.102313845827213,FALSE,-0.081469975239058,0.305859076457965
23,temp,dec,-0.142875195943312,FALSE,-0.323048270225156,0.0185796629669929
24,temp,JAN,-0.000327188452030715,FALSE,-0.16435957312239,0.17142810315337
25,temp,FEB,0.0443723826395682,FALSE,-0.127883984023903,0.19670533849719
26,temp,MAR,-0.00327517948754062,FALSE,-0.169301183545518,0.179223025044433
27,temp,APR,-0.046360151448313,FALSE,-0.227091772916237,0.0938206514568286
28,temp,MAY,-0.00622560568915124,FALSE,-0.174865972826733,0.178640505624989
29,temp,JUN,-0.0213141155168219,FALSE,-0.182096819254264,0.130423941815123
30,temp,JUL,0.302158066096099,TRUE,0.119120584636983,0.46081798524519
31,temp,AUG,0.191217490139911,FALSE,-0.0245708202220851,0.390726602002044
32,temp,SEP,-0.0389008391177321,FALSE,-0.215642964587871,0.137070796340435
