id,varname,month,coef,significant,ci_lower,ci_upper
1,prec,jun,-0.0654381111821907,FALSE,-0.253426535159055,0.123048720215961
2,prec,jul,-0.0236838766383605,FALSE,-0.182451096717214,0.135733918988044
3,prec,aug,0.0366407355001635,FALSE,-0.19051230557746,0.241047947580553
4,prec,sep,0.1139655053537,FALSE,-0.121072850848492,0.321237752474782
5,prec,oct,0.149764350014994,FALSE,-0.0434476293285752,0.331943255818863
6,prec,nov,0.00270324478888516,FALSE,-0.213501797509127,0.201055629788573
7,prec,dec,0.034560931653621,FALSE,-0.192988842378682,0.256429842313399
8,prec,JAN,-0.020403015789357,FALSE,-0.212052544154689,0.156161726923635
9,prec,FEB,-0.0138912075211653,FALSE,-0.21905300291208,0.186857150888506
10,prec,MAR,-0.131347239659912,FALSE,-0.3521796214152,0.0657330237159817
11,prec,APR,-0.0763813501652143,FALSE,-0.269117644950328,0.12435005819102
12,prec,MAY,-0.0433983599905151,FALSE,-0.226635997250416,0.131972908591198
13,prec,JUN,-0.137018792941396,FALSE,-0.327579773710445,0.054827050972333
14,prec,JUL,-0.0321821879421997,FALSE,-0.224491151462283,0.154909641041139
15,prec,AUG,-0.148560781290051,FALSE,-0.369637891724794,0.0594719919063541
16,prec,SEP,0.159854445307491,FALSE,-0.0499270906588288,0.353383800300208
17,temp,jun,-0.108920190556515,FALSE,-0.27546986366022,0.0633206248814406
18,temp,jul,0.0811767085275484,FALSE,-0.0769359923564111,0.234054825607265
19,temp,aug,0.0592488968595716,FALSE,-0.143954881802761,0.250400383495537
20,temp,sep,0.206938844226116,TRUE,0.0233770782558536,0.370776602424622
21,temp,oct,0.0877513646057862,FALSE,-0.0920546452478471,0.266363011098486
22,temp,nov,-0.0157693584626124,FALSE,-0.230725163019703,0.192996325621223
23,temp,dec,-0.0938562822248533,FALSE,-0.288188654916728,0.12167290130847
24,temp,JAN,0.103736990412186,FALSE,-0.0615993787379523,0.272015534501854
25,temp,FEB,-0.0211880380367793,FALSE,-0.202279450548878,0.149522952844164
26,temp,MAR,-0.00265067120107636,FALSE,-0.150012546042533,0.158068642268569
27,temp,APR,-0.0904188708854475,FALSE,-0.229822483249699,0.0572503412875554
28,temp,MAY,-0.101246504248693,FALSE,-0.265457696876507,0.0571140143014279
29,temp,JUN,-0.185693923782057,FALSE,-0.381080038791559,0.00193730532509597
30,temp,JUL,0.0155507208527261,FALSE,-0.155713752412173,0.188554656193163
31,temp,AUG,0.176607125733755,FALSE,-0.000416287179343313,0.331919085155827
32,temp,SEP,0.281995281020231,TRUE,0.0453912707869344,0.463910865544754
