id,varname,month,coef,significant,ci_lower,ci_upper
1,prec,jun,0.0785142963459639,FALSE,-0.0947167650970071,0.256746778232903
2,prec,jul,0.0329853236041153,FALSE,-0.158358164498843,0.249957007661433
3,prec,aug,-0.0402091331013037,FALSE,-0.215940279134965,0.133768017770999
4,prec,sep,-0.0334726384687592,FALSE,-0.223549462105734,0.136467055434198
5,prec,oct,0.288435074925002,TRUE,0.0966050011636378,0.469659387712783
6,prec,nov,-0.110635525894192,FALSE,-0.290072064723425,0.0633020618368604
7,prec,dec,-0.00963745360648083,FALSE,-0.207174061603398,0.167337577005003
8,prec,JAN,0.0212558210773852,FALSE,-0.178128851665286,0.176293921256576
9,prec,FEB,-0.0829736152785708,FALSE,-0.277887582603709,0.10326575895401
10,prec,MAR,-0.0424200771757036,FALSE,-0.235453331503356,0.157168720600071
11,prec,APR,0.00890360320586646,FALSE,-0.186629726078119,0.234937011315575
12,prec,MAY,-0.0848139819767418,FALSE,-0.327771906028682,0.146708183384134
13,prec,JUN,0.101532412611981,FALSE,-0.0829515655517895,0.285446869108191
14,prec,JUL,0.0185871460101863,FALSE,-0.169940374315022,0.190098788627543
15,prec,AUG,-0.0656314273996622,FALSE,-0.333571085178263,0.189333767751273
16,prec,SEP,-0.0733596547033573,FALSE,-0.2867126236045,0.148676534468046
17,temp,jun,-0.0191700984363945,FALSE,-0.207630839400685,0.137680588634678
18,temp,jul,-0.00270500693793832,FALSE,-0.225359747374162,0.17964729277878
19,temp,aug,0.0694201967162498,FALSE,-0.098319730807744,0.263725531992509
20,temp,sep,-0.0204482961113596,FALSE,-0.200879469352833,0.181573915840753
21,temp,oct,0.0983822981608619,FALSE,-0.103052606498217,0.265287940811428
22,temp,nov,-0.0137946770909543,FALSE,-0.216755345782537,0.206785545073057
23,temp,dec,-0.113723083778113,FALSE,-0.250509567108299,0.0353130968277538
24,temp,JAN,-0.0744430739670008,FALSE,-0.242583669466623,0.0915984816293867
25,temp,FEB,-0.0316529902976054,FALSE,-0.219663435351032,0.152904736373922
26,temp,MAR,-0.1761455395951,FALSE,-0.373580945124267,0.00970481394033561
27,temp,APR,-0.151881992040163,FALSE,-0.337855656144501,0.0463438697517825
28,temp,MAY,0.0242198956876528,FALSE,-0.15793463952396,0.190737721090286
29,temp,JUN,-0.0878061522382468,FALSE,-0.28136543180094,0.109999495771034
30,temp,JUL,-0.00798948375125029,FALSE,-0.202770785364141,0.189762317295456
31,temp,AUG,0.0589840824572846,FALSE,-0.118862551854015,0.228155611148997
32,temp,SEP,0.118785501627933,FALSE,-0.0811789332389379,0.318732422258222
