id,varname,month,coef,significant,ci_lower,ci_upper
1,prec,jun,-0.0998941442888323,FALSE,-0.261415922515337,0.07034285572368
2,prec,jul,0.0244872794443595,FALSE,-0.157765068381014,0.222371352587506
3,prec,aug,-0.0755613273574429,FALSE,-0.218793036010686,0.0981657864663529
4,prec,sep,-0.0577145522856666,FALSE,-0.240918613164523,0.131271999589968
5,prec,oct,0.110357699144404,FALSE,-0.0617596855508884,0.296097688033573
6,prec,nov,-0.00922387048995088,FALSE,-0.201625798808435,0.185733904725881
7,prec,dec,-0.0860508160993512,FALSE,-0.296906743490864,0.125824420029888
8,prec,JAN,-0.0494945678956062,FALSE,-0.233847982365243,0.123636637935581
9,prec,FEB,0.0724741911092087,FALSE,-0.145471402667549,0.297141092544531
10,prec,MAR,-0.0283045032792459,FALSE,-0.216144150274362,0.126381745347704
11,prec,APR,-0.0467817549769775,FALSE,-0.207254946818991,0.102031890345425
12,prec,MAY,0.0166785167361713,FALSE,-0.200213199741864,0.205342037997714
13,prec,JUN,0.0126073942236892,FALSE,-0.135061751620943,0.17504615775328
14,prec,JUL,-0.0757955323737549,FALSE,-0.22530415889826,0.0904372751102539
15,prec,AUG,-0.0787412574480346,FALSE,-0.257509708981748,0.0883626024504011
16,prec,SEP,-0.0360918298494708,FALSE,-0.246250715417316,0.187844210156965
17,temp,jun,-0.0619221341085489,FALSE,-0.25869997407558,0.119039902077365
18,temp,jul,0.0321035744151341,FALSE,-0.158308527987044,0.234184835230211
19,temp,aug,-0.044361569734437,FALSE,-0.246023324728449,0.171879934450611
20,temp,sep,-0.0483366704657617,FALSE,-0.217987673961697,0.119140420902026
21,temp,oct,0.0923356976214279,FALSE,-0.124986287845574,0.32414408053875
22,temp,nov,0.0948743986292986,FALSE,-0.125500722435498,0.329383600574331
23,temp,dec,0.0753544712581977,FALSE,-0.0877197631233229,0.23732403797406
24,temp,JAN,-0.0256219189248971,FALSE,-0.234898245665095,0.143421766955505
25,temp,FEB,0.121602541360561,FALSE,-0.0779497673321178,0.299792111941965
26,temp,MAR,-0.0203872284719723,FALSE,-0.214287413351372,0.144901189602317
27,temp,APR,-0.0969586907355425,FALSE,-0.296879051355043,0.0847911578172963
28,temp,MAY,-0.0394278587399327,FALSE,-0.25383569411185,0.132500198131152
29,temp,JUN,-0.0548743914991674,FALSE,-0.240884012534814,0.126890502688609
30,temp,JUL,0.0491730219613325,FALSE,-0.169262431438733,0.244014895659004
31,temp,AUG,0.155941552278377,FALSE,-0.102131760427491,0.366918625225463
32,temp,SEP,0.100701968140732,FALSE,-0.0770949744904277,0.282475273452802
