id,varname,month,coef,significant,ci_lower,ci_upper
1,prec,jun,0.028902559873802,FALSE,-0.167917214345132,0.209826945258471
2,prec,jul,-0.0462461058684465,FALSE,-0.257260055162322,0.186006745506875
3,prec,aug,-0.114004934996621,FALSE,-0.332288436133308,0.124959687020886
4,prec,sep,0.0799878093942407,FALSE,-0.14257108409024,0.302485178186898
5,prec,oct,0.00538567332455065,FALSE,-0.23777103987093,0.217748004013629
6,prec,nov,0.0121678980097347,FALSE,-0.185523922162084,0.218710907209874
7,prec,dec,-0.0931065757615064,FALSE,-0.296619853636861,0.101768878446745
8,prec,JAN,0.133197855975894,FALSE,-0.0963877011176545,0.400745093117784
9,prec,FEB,0.0917210569443038,FALSE,-0.124126481863634,0.297807306617759
10,prec,MAR,-0.103984868335355,FALSE,-0.326940365417024,0.114561088409287
11,prec,APR,0.0998895784285135,FALSE,-0.0737958936468576,0.268819845698027
12,prec,MAY,-0.0659475428338498,FALSE,-0.300960299135757,0.143208115849804
13,prec,JUN,0.0105515317961231,FALSE,-0.208339430447976,0.202521777195728
14,prec,JUL,0.0981282842044832,FALSE,-0.0937147784864418,0.287554948351668
15,prec,AUG,-0.0831498104649254,FALSE,-0.277638835947478,0.113763203084472
16,prec,SEP,0.102169589829708,FALSE,-0.09203542817488,0.296656631233268
17,temp,jun,-0.0498462242446026,FALSE,-0.278767706912596,0.164366909929202
18,temp,jul,-0.0321634180644282,FALSE,-0.232755066512436,0.178388895841304
19,temp,aug,-0.0457550973563566,FALSE,-0.239056357966634,0.173698613810875
20,temp,sep,0.0159114528797591,FALSE,-0.192766086491487,0.247283577642206
21,temp,oct,-0.0759703857772271,FALSE,-0.297592554649008,0.123180999763861
22,temp,nov,0.0962427560118474,FALSE,-0.0748775314298077,0.302393198829594
23,temp,dec,-0.0450940048486925,FALSE,-0.263516100322505,0.155700076959229
24,temp,JAN,-0.120694723567273,FALSE,-0.326175157643252,0.0777695941201093
25,temp,FEB,-0.220561375962147,TRUE,-0.429808126573289,-0.0304549510186704
26,temp,MAR,-0.0583091684064819,FALSE,-0.301335656315986,0.206734572513981
27,temp,APR,-0.00309632738482157,FALSE,-0.215222308901782,0.224653249327187
28,temp,MAY,0.0189097655212872,FALSE,-0.204450975332073,0.242361834459132
29,temp,JUN,-0.0653768601518331,FALSE,-0.284280387966721,0.138616288979353
30,temp,JUL,-0.0477678518113806,FALSE,-0.292990151331691,0.156900769454556
31,temp,AUG,0.0119219796530202,FALSE,-0.249867035955661,0.262736372580741
32,temp,SEP,0.196870764882877,FALSE,-0.0497194395635243,0.425267835103151
