id,varname,month,coef,significant,ci_lower,ci_upper
1,prec,jun,0.0161406821950095,FALSE,-0.145000922199035,0.184567423272469
2,prec,jul,0.163996780441095,FALSE,-0.0510187836942047,0.362438316387944
3,prec,aug,-0.0864371576802057,FALSE,-0.285097337291804,0.0996614452790089
4,prec,sep,-0.0245839938694899,FALSE,-0.212694197813095,0.166317923215288
5,prec,oct,-0.129858058416456,FALSE,-0.293600380653261,0.0404857311481933
6,prec,nov,0.0833002375541545,FALSE,-0.0870893647835302,0.274499286508622
7,prec,dec,-0.0860279521880956,FALSE,-0.263040639346688,0.0790924330998945
8,prec,JAN,0.122797197177468,FALSE,-0.0740675604172352,0.297103390859297
9,prec,FEB,-0.042451026878535,FALSE,-0.226493469686838,0.136458253549919
10,prec,MAR,-0.0861962625755315,FALSE,-0.330865182740057,0.131923191859757
11,prec,APR,-0.0355220379610834,FALSE,-0.218475914732227,0.14283629199244
12,prec,MAY,0.00603527414121623,FALSE,-0.181271882478689,0.198984630278626
13,prec,JUN,0.0169659658018054,FALSE,-0.169436345931957,0.171808595855154
14,prec,JUL,-0.0268205912069376,FALSE,-0.212314309548285,0.13286288513683
15,prec,AUG,-0.0157661067212563,FALSE,-0.216438276339772,0.20183709080418
16,prec,SEP,0.0140849823505363,FALSE,-0.161441451053267,0.205032219070434
17,temp,jun,0.0582536692890674,FALSE,-0.121811645650747,0.255802203200593
18,temp,jul,0.0276048509925854,FALSE,-0.152359306669116,0.205360365390025
19,temp,aug,-0.0496931522895943,FALSE,-0.269435766707885,0.14348546508301
20,temp,sep,0.0600095148744994,FALSE,-0.164694249120333,0.271759389282942
21,temp,oct,-0.00848738463465847,FALSE,-0.169330660151022,0.12928704509932
22,temp,nov,-0.0729450125165245,FALSE,-0.225714592465326,0.111435508669785
23,temp,dec,-0.0563569921124563,FALSE,-0.196353843587421,0.0901909563464877
24,temp,JAN,-0.010801773350993,FALSE,-0.187892309316082,0.155276588652739
25,temp,FEB,-0.113876200759176,FALSE,-0.289141592264744,0.068549783830977
26,temp,MAR,-0.172254458214465,FALSE,-0.380022355604327,-0.00841762437246774
27,temp,APR,-0.0856497433975061,FALSE,-0.22898475529449,0.0785616082368447
28,temp,MAY,-0.0417823318561141,FALSE,-0.227807878680558,0.127446763838373
29,temp,JUN,0.0910704987009793,FALSE,-0.110812346284963,0.294617555392776
30,temp,JUL,0.248941564857754,TRUE,0.0915431826185204,0.413988331687575
31,temp,AUG,0.0498470984980317,FALSE,-0.160409398271062,0.26191132176403
32,temp,SEP,0.0224679843556398,FALSE,-0.134638473485567,0.170936245520587
