id,varname,month,coef,significant,ci_lower,ci_upper
1,prec,jun,-0.0388112719049079,FALSE,-0.218326300672006,0.15054570639714
2,prec,jul,0.0553807599254301,FALSE,-0.152046198740366,0.232875173857522
3,prec,aug,-0.120700245972623,FALSE,-0.300576915887634,0.0409959037068195
4,prec,sep,0.0757912224678167,FALSE,-0.120346406004287,0.26330561119365
5,prec,oct,0.0314425368879687,FALSE,-0.15841630678652,0.238623066392764
6,prec,nov,-0.0538839856946956,FALSE,-0.257720478278616,0.131393204799981
7,prec,dec,0.0087878779116957,FALSE,-0.186065027284604,0.183193585146688
8,prec,JAN,-0.128141312237897,FALSE,-0.312161043390065,0.0618222339263275
9,prec,FEB,-0.066733355781388,FALSE,-0.269368594967757,0.127516348922425
10,prec,MAR,0.033277069566742,FALSE,-0.227697304706142,0.24962803244128
11,prec,APR,0.0656974672810346,FALSE,-0.158484696274302,0.260610574116514
12,prec,MAY,-0.0335479803946259,FALSE,-0.237360606854118,0.155731872562483
13,prec,JUN,0.000795675532798957,FALSE,-0.181140563772027,0.18405607608307
14,prec,JUL,0.01538772638518,FALSE,-0.154785862865056,0.199155080466626
15,prec,AUG,-0.147224061871003,FALSE,-0.336972704210127,0.0285382599621452
16,prec,SEP,0.0637789442405381,FALSE,-0.148547847221189,0.253322330400549
17,temp,jun,-0.0754159798514443,FALSE,-0.250473858531012,0.0879417676468318
18,temp,jul,0.0317848656995239,FALSE,-0.174991532579853,0.220560342157722
19,temp,aug,0.0776435414041197,FALSE,-0.139775592940333,0.284547838494654
20,temp,sep,-0.0673756604269782,FALSE,-0.231030400448048,0.130136388999435
21,temp,oct,0.0542300979884277,FALSE,-0.175257305244888,0.275567159843719
22,temp,nov,-0.0439662477766994,FALSE,-0.241434205988632,0.173397353520904
23,temp,dec,-0.0401458680766799,FALSE,-0.195267959425153,0.115511724614177
24,temp,JAN,0.042057601922163,FALSE,-0.162725103800174,0.240650871400983
25,temp,FEB,-0.0273108418245637,FALSE,-0.198986994711165,0.1489195117763
26,temp,MAR,-0.0406411128361491,FALSE,-0.218168271700712,0.136823815856838
27,temp,APR,-0.0956299811198287,FALSE,-0.280977414527504,0.0955509374193537
28,temp,MAY,-0.131939275801218,FALSE,-0.325342422546047,0.0529913439541954
29,temp,JUN,-0.098308979162739,FALSE,-0.296530769207055,0.0772733989031144
30,temp,JUL,0.0233927268613544,FALSE,-0.155650481668523,0.213773120649331
31,temp,AUG,0.11248078200228,FALSE,-0.147546583690554,0.347436794231415
32,temp,SEP,0.121749285622773,FALSE,-0.0612292757712303,0.332167240121337
