id,varname,month,coef,significant,ci_lower,ci_upper
1,prec,jun,-0.014274574344778,FALSE,-0.189160296695879,0.16289729134293
2,prec,jul,-0.021669641322335,FALSE,-0.270776755166618,0.204599986405605
3,prec,aug,-0.12680327427305,FALSE,-0.321825518849369,0.0443128690710502
4,prec,sep,0.0181069793023949,FALSE,-0.155583492557273,0.176295351072618
5,prec,oct,-0.0759875851157011,FALSE,-0.248543085544454,0.126135922509874
6,prec,nov,0.11163307737644,FALSE,-0.084634634855137,0.288370089734657
7,prec,dec,0.0064774886928534,FALSE,-0.182696035397572,0.213906642396879
8,prec,JAN,0.24052084732565,TRUE,0.0404282392072298,0.424924759598395
9,prec,FEB,-0.172175055163709,FALSE,-0.35453278364763,0.00886919654054699
10,prec,MAR,-0.0257868129362463,FALSE,-0.216655636673079,0.173057056098682
11,prec,APR,0.00913092381393872,FALSE,-0.18327644009639,0.209772021672891
12,prec,MAY,0.0294083626732736,FALSE,-0.156132557330038,0.18296157298208
13,prec,JUN,-0.0388466164530244,FALSE,-0.21436622906456,0.130100059411383
14,prec,JUL,-0.124434776092131,FALSE,-0.312562335846397,0.0508944340493719
15,prec,AUG,-0.0196291095678538,FALSE,-0.258963744902213,0.259315434922248
16,prec,SEP,0.112555809790808,FALSE,-0.0766938700761003,0.279967777324128
17,temp,jun,0.0862400209744886,FALSE,-0.101751382833277,0.295572464779269
18,temp,jul,0.060963594475427,FALSE,-0.0989305077539423,0.237177432447113
19,temp,aug,0.0155647991753262,FALSE,-0.197947553292104,0.190369512037717
20,temp,sep,0.0638478179633985,FALSE,-0.167793789746208,0.286145276261974
21,temp,oct,0.052571370812394,FALSE,-0.133701748436425,0.21585281900256
22,temp,nov,-0.133026625814861,FALSE,-0.288997890609431,0.0428683446482107
23,temp,dec,-0.0663560002375456,FALSE,-0.211349605242933,0.129877813118951
24,temp,JAN,-0.00610015555947335,FALSE,-0.184473515055112,0.171972178433227
25,temp,FEB,-0.194434943118377,FALSE,-0.410145309868299,-0.00727341428290199
26,temp,MAR,-0.138054487736774,FALSE,-0.358361936287298,0.0640264968948387
27,temp,APR,-0.0917034976262722,FALSE,-0.254395080168085,0.0706725060938442
28,temp,MAY,0.00618111243499712,FALSE,-0.179489548708336,0.220907611170804
29,temp,JUN,0.0335344989132628,FALSE,-0.155481115728314,0.218824009099613
30,temp,JUL,0.0822068346454921,FALSE,-0.109029401645421,0.266958442894211
31,temp,AUG,0.0187073925890632,FALSE,-0.198681818021033,0.244129355624485
32,temp,SEP,0.0963705879318188,FALSE,-0.101065861921877,0.257564129280827
