id,varname,month,coef,significant,ci_lower,ci_upper
1,prec,jun,0.0658483393064755,FALSE,-0.135731474859743,0.260243682636787
2,prec,jul,0.0265277491680888,FALSE,-0.142858392793496,0.212646387324857
3,prec,aug,-0.0524678440463549,FALSE,-0.206096786014014,0.121573203936669
4,prec,sep,0.0911482648556032,FALSE,-0.086810789395672,0.26879447582303
5,prec,oct,0.0387375209042135,FALSE,-0.129219369047318,0.21759734763342
6,prec,nov,0.0922639419514822,FALSE,-0.0724936046490942,0.259980210345525
7,prec,dec,-0.0145291738718371,FALSE,-0.19830663939851,0.161136477914393
8,prec,JAN,-0.055898440758411,FALSE,-0.239728700165196,0.129189760831547
9,prec,FEB,-0.02956627284633,FALSE,-0.190322276882296,0.142402427709262
10,prec,MAR,0.0538415182714766,FALSE,-0.135109261389515,0.235798006796598
11,prec,APR,-0.110575556633528,FALSE,-0.369921918538787,0.116871956662694
12,prec,MAY,0.070984199930528,FALSE,-0.108380963861044,0.252711890796319
13,prec,JUN,-0.064621339235135,FALSE,-0.211463781939425,0.107490006030323
14,prec,JUL,-0.0109459389997595,FALSE,-0.14713052993068,0.138547784107757
15,prec,AUG,-0.000157719305939987,FALSE,-0.249102023501032,0.20399466102267
16,prec,SEP,-0.0475824141859519,FALSE,-0.205967113234292,0.127513404862026
17,temp,jun,0.0249685555727579,FALSE,-0.151068747479018,0.201476084420232
18,temp,jul,-0.0155046890550917,FALSE,-0.231460879184464,0.222589578527411
19,temp,aug,0.0194956538870257,FALSE,-0.177843144893693,0.208084860663263
20,temp,sep,-0.037947504923324,FALSE,-0.225206150356529,0.124108633415675
21,temp,oct,0.0222607421443248,FALSE,-0.163658812995456,0.223586269148985
22,temp,nov,0.0489579585001581,FALSE,-0.123999276728309,0.247546027708185
23,temp,dec,-0.151897610673455,FALSE,-0.320403671139461,0.0512899930471473
24,temp,JAN,-0.184908164585058,TRUE,-0.368583427065677,-0.000805505677145553
25,temp,FEB,-0.198798524563783,TRUE,-0.38477347071577,-0.0178769112981449
26,temp,MAR,0.0027391616492578,FALSE,-0.165047450634408,0.197799525958184
27,temp,APR,-0.125243183930048,FALSE,-0.335181890952789,0.0610598942101652
28,temp,MAY,-0.037442366949844,FALSE,-0.263634492087535,0.149823756007508
29,temp,JUN,-0.135704415776308,FALSE,-0.350551110366727,0.0449556688773341
30,temp,JUL,0.0626738568708486,FALSE,-0.108331628571092,0.277449373632998
31,temp,AUG,0.0955688699745117,FALSE,-0.103433768587518,0.302665981570328
32,temp,SEP,0.119051423944943,FALSE,-0.0476053597322786,0.308770180137968
