id,varname,month,coef,significant,ci_lower,ci_upper
1,prec,jun,0.121781045775686,FALSE,-0.0304371387535511,0.267371745570869
2,prec,jul,-0.0333026764318686,FALSE,-0.226204935745778,0.13508089390623
3,prec,aug,0.123987646608814,FALSE,-0.117578219657365,0.344842689889836
4,prec,sep,-0.00962484805734454,FALSE,-0.18249301014902,0.146508971867483
5,prec,oct,-0.0937361029905185,FALSE,-0.266210133339608,0.0721335256906413
6,prec,nov,0.0295047460467489,FALSE,-0.141080117950298,0.180596685677109
7,prec,dec,-0.163333024312834,FALSE,-0.320036700609766,0.00782273924710783
8,prec,JAN,0.0331235785038765,FALSE,-0.133355277394949,0.190239614102782
9,prec,FEB,0.0654501447439931,FALSE,-0.110212963440927,0.233860003786398
10,prec,MAR,0.0417366248850833,FALSE,-0.141317729010902,0.188897693703942
11,prec,APR,-0.014712412547959,FALSE,-0.16427653046758,0.148293168683326
12,prec,MAY,0.0895178829844906,FALSE,-0.0863693547918298,0.261868917984295
13,prec,JUN,-0.0167926418938509,FALSE,-0.190335196568895,0.161967087341701
14,prec,JUL,-0.0690689586821223,FALSE,-0.214561958261119,0.111248903551697
15,prec,AUG,0.0160476803985415,FALSE,-0.164973304596921,0.192980115904487
16,prec,SEP,-0.0731826710771779,FALSE,-0.253472048126363,0.0835089170273542
17,temp,jun,-0.00896717300954103,FALSE,-0.206696427902768,0.180636089502552
18,temp,jul,0.0516517806695045,FALSE,-0.122285700938853,0.21006410237772
19,temp,aug,0.0574611806539537,FALSE,-0.136121379209958,0.243150923588068
20,temp,sep,-0.265010161744929,TRUE,-0.454460489627424,-0.100320115224653
21,temp,oct,-0.00321231555525292,FALSE,-0.223874710478523,0.241220948476781
22,temp,nov,-0.134947549891658,FALSE,-0.293037057479701,0.0411969692153409
23,temp,dec,-0.0285659717303868,FALSE,-0.216614485714854,0.152339319399346
24,temp,JAN,-0.054041848037885,FALSE,-0.216277569986643,0.120391104997646
25,temp,FEB,-0.0712115536726712,FALSE,-0.240484623589705,0.11952226665003
26,temp,MAR,0.0395840357256894,FALSE,-0.184139597633506,0.227290676996298
27,temp,APR,-0.0620629724657703,FALSE,-0.233318586763637,0.122049794629103
28,temp,MAY,-0.0769861978332071,FALSE,-0.248901753185721,0.097444286778981
29,temp,JUN,-0.17915786653564,FALSE,-0.378146497012197,0.00792231470226877
30,temp,JUL,0.0484837668003345,FALSE,-0.122578874465776,0.233567029018014
31,temp,AUG,0.070295285648021,FALSE,-0.148032472314463,0.273118120294187
32,temp,SEP,-0.21073625498537,TRUE,-0.383773410859661,-0.0345802435941723
