id,varname,month,coef,significant,ci_lower,ci_upper
1,prec,jun,-0.0104147176293167,FALSE,-0.174963924228892,0.159171099333448
2,prec,jul,0.241900988301047,TRUE,0.0474438809553602,0.446071944419416
3,prec,aug,0.0596880221552793,FALSE,-0.104422793272892,0.220079778138749
4,prec,sep,0.0776888661812726,FALSE,-0.124660792544635,0.287606261891121
5,prec,oct,0.0546991412740058,FALSE,-0.11061897329823,0.24840043879597
6,prec,nov,0.203001522660374,TRUE,0.0371560624719481,0.364128206748685
7,prec,dec,0.214086473147313,TRUE,0.0367962140549264,0.392726037996108
8,prec,JAN,0.238128788532452,TRUE,0.0837807339090449,0.414697354230718
9,prec,FEB,0.140422263867981,FALSE,-0.0285239247309843,0.33056320643282
10,prec,MAR,0.118268967988145,FALSE,-0.0365548661742517,0.308723274400413
11,prec,APR,0.124664189867651,FALSE,-0.0656149514136388,0.255754739328268
12,prec,MAY,0.0198403179234278,FALSE,-0.127302083943903,0.181822106833776
13,prec,JUN,0.114151786889015,FALSE,-0.0925670117810751,0.326809730350155
14,prec,JUL,0.0331654096168783,FALSE,-0.150219357578287,0.191698546626438
15,prec,AUG,-0.0231895938964887,FALSE,-0.165375142376794,0.137392480494336
16,prec,SEP,-0.00671351541237761,FALSE,-0.178556332763397,0.181850738441799
17,temp,jun,-0.0569395643428224,FALSE,-0.250702400111847,0.136737450958886
18,temp,jul,0.00909048886540776,FALSE,-0.126630590301152,0.150890862193739
19,temp,aug,0.0675267861507585,FALSE,-0.0838013589033704,0.242652616004931
20,temp,sep,-0.0287795926046147,FALSE,-0.216138377274723,0.15482792598215
21,temp,oct,-0.170615732776478,FALSE,-0.329219792976788,0.0255019763178321
22,temp,nov,-0.0739584479576495,FALSE,-0.240536186636036,0.0664102139952978
23,temp,dec,-0.0729324692327969,FALSE,-0.262758874517696,0.103305194819317
24,temp,JAN,-0.0169467000981027,FALSE,-0.187518311565686,0.173288458310116
25,temp,FEB,0.0176144368619921,FALSE,-0.195722947849596,0.196825539441436
26,temp,MAR,0.0642058869179388,FALSE,-0.105662397314038,0.221917503781007
27,temp,APR,0.0628217631697,FALSE,-0.120046875780994,0.266925537458025
28,temp,MAY,-0.100425773668207,FALSE,-0.281472436478376,0.0935534201697829
29,temp,JUN,0.0167453777024819,FALSE,-0.152577890411569,0.184279519434171
30,temp,JUL,-0.00532723865196119,FALSE,-0.157240296286466,0.146433226819122
31,temp,AUG,0.0404226798328602,FALSE,-0.135459698678529,0.235733199518928
32,temp,SEP,0.0670346995270556,FALSE,-0.109030078737423,0.250000409393941
