id,varname,month,coef,significant,ci_lower,ci_upper
1,prec,jun,-0.018525256601504,FALSE,-0.243607532871434,0.189750051334787
2,prec,jul,-0.036012057924571,FALSE,-0.280140355846673,0.159118900270067
3,prec,aug,0.112452028777578,FALSE,-0.0804023798171839,0.287918910200383
4,prec,sep,0.102406140939674,FALSE,-0.102959090780636,0.300750786067042
5,prec,oct,0.185164350150507,FALSE,-0.0372104751661688,0.379513047119941
6,prec,nov,0.0495624480510269,FALSE,-0.179903642936157,0.252549657159987
7,prec,dec,0.00987650747933674,FALSE,-0.233992172405971,0.232842625909334
8,prec,JAN,-0.00863655129659437,FALSE,-0.207685821680249,0.197457054514751
9,prec,FEB,-0.175187563305911,FALSE,-0.395017197015862,0.0237279753857203
10,prec,MAR,-0.132116883829686,FALSE,-0.367564413645712,0.091273346731259
11,prec,APR,-0.0374631198685148,FALSE,-0.266130624798228,0.169257787523593
12,prec,MAY,-0.00372704215458902,FALSE,-0.206145100196657,0.176608190249777
13,prec,JUN,0.0444755777453227,FALSE,-0.148658605615931,0.235190575986785
14,prec,JUL,-0.0786199190455066,FALSE,-0.260712069418682,0.115918527549954
15,prec,AUG,0.13162192789852,FALSE,-0.0650744945671546,0.345975886886659
16,prec,SEP,0.0812473079845232,FALSE,-0.165726657820748,0.302103787118337
17,temp,jun,0.0604756311246115,FALSE,-0.166332112138136,0.313377111012933
18,temp,jul,-0.056227081442479,FALSE,-0.276163994541286,0.156888782548263
19,temp,aug,0.13498040090764,FALSE,-0.0891267192147502,0.325002260599446
20,temp,sep,0.182103806087816,FALSE,-0.0216045585554091,0.386627594456365
21,temp,oct,0.212924083552304,TRUE,0.00308189907284335,0.398633705493901
22,temp,nov,-0.130932443427441,FALSE,-0.293872708515326,0.043912333647676
23,temp,dec,0.0541845516432155,FALSE,-0.163597804396268,0.266899991618259
24,temp,JAN,-0.0640487564632848,FALSE,-0.288119395282804,0.167203740713614
25,temp,FEB,-0.138633924417139,FALSE,-0.330388826745686,0.0555142916499607
26,temp,MAR,-0.0216558126589785,FALSE,-0.252796466170474,0.171707097937108
27,temp,APR,0.0344572885847901,FALSE,-0.19332053632035,0.244169741193579
28,temp,MAY,0.125836629264205,FALSE,-0.0897414515038836,0.343635269411461
29,temp,JUN,-0.128993868357617,FALSE,-0.348358374154643,0.106278576826296
30,temp,JUL,-0.0777730176177122,FALSE,-0.34353332866183,0.183130556149799
31,temp,AUG,0.0325319818312967,FALSE,-0.19248130766865,0.264338200235897
32,temp,SEP,0.131317308331066,FALSE,-0.111218262441734,0.372521240615326
