id,varname,month,coef,significant,ci_lower,ci_upper
1,prec,jun,-0.0798758159330054,FALSE,-0.288330323397918,0.126718134173718
2,prec,jul,-0.0933064311773626,FALSE,-0.329494774821612,0.119046343351687
3,prec,aug,0.141868581176518,FALSE,-0.058405514089983,0.331998584708349
4,prec,sep,-0.0377766921146608,FALSE,-0.261681966020704,0.195515145873197
5,prec,oct,0.0424064665473285,FALSE,-0.193953669079818,0.30555231286807
6,prec,nov,0.0139793736685499,FALSE,-0.19735919442798,0.251048328280737
7,prec,dec,0.0242136656917274,FALSE,-0.254517945601522,0.264689924222242
8,prec,JAN,-0.0312975596527925,FALSE,-0.228832569669137,0.184474885409034
9,prec,FEB,-0.0590324416238579,FALSE,-0.242828715471518,0.148175106959783
10,prec,MAR,-0.190243550442726,FALSE,-0.404328652900151,-0.00228864867936907
11,prec,APR,-0.0314774985884526,FALSE,-0.223625595165306,0.170200120475124
12,prec,MAY,-0.147905047695437,FALSE,-0.336472428266928,0.0305136604108997
13,prec,JUN,-0.0188595538395742,FALSE,-0.235634179284018,0.213787662708404
14,prec,JUL,-0.0351047341205633,FALSE,-0.266301592335081,0.177316661259656
15,prec,AUG,0.179118826850632,FALSE,-0.0306809141262324,0.383897203130247
16,prec,SEP,-0.085647759865057,FALSE,-0.292257439077252,0.143374001340301
17,temp,jun,-0.0261608059875452,FALSE,-0.237035304093332,0.233660472462617
18,temp,jul,-0.0763906022033974,FALSE,-0.302017887824745,0.138204435637923
19,temp,aug,-0.187230979109106,FALSE,-0.384918294899068,0.00280361912973303
20,temp,sep,0.089856234541852,FALSE,-0.0898287001177969,0.294412122644097
21,temp,oct,0.0230404439442102,FALSE,-0.168776953823613,0.216567906364854
22,temp,nov,0.00148174786688354,FALSE,-0.175239403233772,0.204029627829082
23,temp,dec,0.0394879699233776,FALSE,-0.185925768185917,0.221079183156655
24,temp,JAN,-0.156875717923,FALSE,-0.365871204519515,0.0594815793502139
25,temp,FEB,-0.105999336044344,FALSE,-0.317262453782296,0.101051940911817
26,temp,MAR,-0.0803487396409911,FALSE,-0.353405137245197,0.152588682652473
27,temp,APR,0.0447518701363359,FALSE,-0.190852622584488,0.258578445599851
28,temp,MAY,0.128533142253986,FALSE,-0.0498448214344317,0.308376623304416
29,temp,JUN,-0.149249960555998,FALSE,-0.422139862367078,0.085474115604063
30,temp,JUL,-0.0471496240718761,FALSE,-0.360916618492165,0.180351055109574
31,temp,AUG,-0.190780622659197,FALSE,-0.386900732320008,0.0516160117797281
32,temp,SEP,0.0406884546639648,FALSE,-0.169626997410195,0.275381994777966
