id,varname,month,coef,significant,ci_lower,ci_upper
1,prec,jun,-0.0280281957697237,FALSE,-0.145846170188005,0.0981325191361769
2,prec,jul,0.189789931616244,TRUE,0.0481336619748097,0.350684545040463
3,prec,aug,0.012162718800344,FALSE,-0.109710860630057,0.143394482434771
4,prec,sep,0.211295307299734,TRUE,0.062064531821753,0.336417537288936
5,prec,oct,0.157275758137206,TRUE,0.00666580454716586,0.297433147663847
6,prec,nov,0.176404963578978,TRUE,0.018788033138658,0.310722427566863
7,prec,dec,0.288043725073687,TRUE,0.157340668336228,0.40637703279862
8,prec,JAN,0.222421007641355,FALSE,-0.0062483561918647,0.409720454474085
9,prec,FEB,0.191447755337332,TRUE,0.0317773690667931,0.329604613815567
10,prec,MAR,0.0854308531670647,FALSE,-0.0328606847988086,0.225046567427525
11,prec,APR,0.204400380773916,TRUE,0.0490019597832695,0.340858701604325
12,prec,MAY,0.127505445765832,FALSE,0.00168458173671041,0.262770506240524
13,prec,JUN,0.0839521670544399,FALSE,-0.0479428319990541,0.241148125618421
14,prec,JUL,0.107322971949297,FALSE,-0.063243233923792,0.248356630669482
15,prec,AUG,-0.0317506579685144,FALSE,-0.161230107669851,0.0831954309061978
16,prec,SEP,-0.0241260850423123,FALSE,-0.16772784772811,0.123606077855819
17,temp,jun,-0.0491040089613083,FALSE,-0.161829984343998,0.0829488768954688
18,temp,jul,0.00818164991051569,FALSE,-0.121162699507417,0.139306836442868
19,temp,aug,-0.0755660834377099,FALSE,-0.20507005187502,0.0596628743345838
20,temp,sep,-0.0466201679646074,FALSE,-0.175132423792636,0.0781346609469488
21,temp,oct,-0.0881839246123299,FALSE,-0.208596800358426,0.0503025793584386
22,temp,nov,-0.0874017765288314,FALSE,-0.218160580569682,0.0409313015088274
23,temp,dec,-0.0488152834493144,FALSE,-0.178339363808801,0.0842068199489979
24,temp,JAN,-0.043357823879817,FALSE,-0.195752897657277,0.0989442581129882
25,temp,FEB,-0.0342563545238312,FALSE,-0.170562968302318,0.089514290574508
26,temp,MAR,-0.0255028079004598,FALSE,-0.146565228711813,0.0866888606271813
27,temp,APR,-0.060497995947614,FALSE,-0.21245967380977,0.088660387270402
28,temp,MAY,-0.0841958516137579,FALSE,-0.223521569685466,0.0483068994575425
29,temp,JUN,-0.0212368943591702,FALSE,-0.143028923896255,0.0939142331147306
30,temp,JUL,0.0309479531766089,FALSE,-0.107037697235862,0.183798023935871
31,temp,AUG,-0.036531760502076,FALSE,-0.183725084881127,0.102170522082973
32,temp,SEP,0.0153388840522968,FALSE,-0.1013222760544,0.133832307542165
