id,varname,month,coef,significant,ci_lower,ci_upper
1,prec,jun,-0.0802735275606514,FALSE,-0.220549495368665,0.0646789734817648
2,prec,jul,0.0424843367436048,FALSE,-0.116417918509844,0.192572387886521
3,prec,aug,0.130068593206934,FALSE,-0.0560964929369653,0.276456557095476
4,prec,sep,0.162599638630757,TRUE,0.0184876358876543,0.322128530841551
5,prec,oct,0.193736352094938,TRUE,0.0354296578922077,0.361428064879557
6,prec,nov,0.231450216595763,FALSE,-0.000188516106832001,0.407052899579952
7,prec,dec,0.124012572012028,FALSE,-0.0148049232260966,0.276662581322088
8,prec,JAN,0.119000118450103,FALSE,-0.0403501285432688,0.302069254682101
9,prec,FEB,0.13582217236245,TRUE,0.001153397309982,0.270766089511
10,prec,MAR,0.102796392193991,FALSE,-0.0149297528421837,0.222395644839856
11,prec,APR,0.164869778199847,TRUE,0.00809116738733564,0.288884195122583
12,prec,MAY,0.152555599755095,TRUE,0.0237325282130199,0.290571725852462
13,prec,JUN,0.0602271671019654,FALSE,-0.0856440917990749,0.212480368603591
14,prec,JUL,0.0939684127772493,FALSE,-0.0441323522733879,0.219697051449956
15,prec,AUG,-0.0327571708167943,FALSE,-0.171676975342347,0.0911488605618774
16,prec,SEP,-0.0171880719473191,FALSE,-0.180038942319712,0.12695867031218
17,temp,jun,-0.0719947109868326,FALSE,-0.237574363798327,0.102403063308901
18,temp,jul,0.0514762090334928,FALSE,-0.0862045085502862,0.189397259258186
19,temp,aug,0.0464744490418378,FALSE,-0.0888070880372699,0.179634437581786
20,temp,sep,0.0280229678371641,FALSE,-0.101674533631974,0.151510783196611
21,temp,oct,-0.165622608221254,TRUE,-0.313729768444439,-0.02193698291057
22,temp,nov,-0.0791223090407221,FALSE,-0.219961993037045,0.0711182551543299
23,temp,dec,0.0337822354879882,FALSE,-0.110000627630003,0.170954752164961
24,temp,JAN,0.0388102009486926,FALSE,-0.105397647628133,0.177953651677325
25,temp,FEB,0.119764642049344,FALSE,-0.010639509701896,0.251193152294536
26,temp,MAR,0.0353899615692413,FALSE,-0.164409533649553,0.194228368629879
27,temp,APR,-0.161360580868867,FALSE,-0.322089069569674,0.00150677865920716
28,temp,MAY,-0.148497541119994,FALSE,-0.288580635124198,0.0310287363098055
29,temp,JUN,-0.102938118975111,FALSE,-0.233607568646725,0.00897153046389749
30,temp,JUL,-0.0177534691208887,FALSE,-0.142003652160823,0.112404562221474
31,temp,AUG,0.121328773797152,FALSE,-0.0227309257721194,0.258247669705209
32,temp,SEP,0.0389538729436267,FALSE,-0.104739913594105,0.193103333877534
