id,varname,month,coef,significant,ci_lower,ci_upper
1,prec,jun,0.00927976373548437,FALSE,-0.124965174372048,0.175926848804652
2,prec,jul,0.0165708366440898,FALSE,-0.121865839719713,0.174312153579884
3,prec,aug,0.135840691223736,FALSE,-0.00078771096864922,0.240057315547899
4,prec,sep,0.166898734607209,TRUE,0.0176911827050537,0.308746746040141
5,prec,oct,0.16079455844116,FALSE,-0.00467244521900284,0.321456319581883
6,prec,nov,0.172733233193143,TRUE,0.0275487806740156,0.298158995002617
7,prec,dec,0.18797526555848,TRUE,0.0226120897444677,0.334655322997541
8,prec,JAN,0.0537365419573281,FALSE,-0.0977668056498136,0.20264531884587
9,prec,FEB,0.121212319332977,FALSE,-0.0186812213507523,0.274647555058768
10,prec,MAR,0.0347749293798649,FALSE,-0.0917926363967363,0.155782852182583
11,prec,APR,0.153248207467149,TRUE,0.0109746123789397,0.297925121582813
12,prec,MAY,0.177309072697387,TRUE,0.0416308848304863,0.296850745479673
13,prec,JUN,0.20780900702515,TRUE,0.0545982622060632,0.352107830515667
14,prec,JUL,0.0201661241723336,FALSE,-0.142601345198981,0.174180033865388
15,prec,AUG,-0.0608750599570998,FALSE,-0.212549149637818,0.0919472244101247
16,prec,SEP,0.058386757460058,FALSE,-0.0827701716759979,0.208668370805409
17,temp,jun,-0.00938198814351055,FALSE,-0.162924718425051,0.138542385357312
18,temp,jul,-0.00317372381962599,FALSE,-0.118642000941045,0.127975508895099
19,temp,aug,-0.155905452079205,FALSE,-0.333398276474199,-0.00302010531631517
20,temp,sep,-0.0247260753258295,FALSE,-0.193281279943856,0.120452939776179
21,temp,oct,-0.0592123116539319,FALSE,-0.208309729739049,0.0918370416387144
22,temp,nov,-0.0459653569023821,FALSE,-0.200452541883038,0.104329882633346
23,temp,dec,0.0344981271005474,FALSE,-0.134402513505271,0.192290290595621
24,temp,JAN,0.119349015306154,FALSE,-0.0192630337569632,0.273686303184363
25,temp,FEB,0.14018792529137,FALSE,-0.0171201008732344,0.309166160571026
26,temp,MAR,8.67017252106999e-05,FALSE,-0.148448864916487,0.149642142445097
27,temp,APR,-0.0431680367975487,FALSE,-0.198427044914144,0.105108968950449
28,temp,MAY,-0.142643978069086,FALSE,-0.305262001751856,0.00113036955598532
29,temp,JUN,-0.0554793780177835,FALSE,-0.19696509508697,0.0800224151953358
30,temp,JUL,-0.0239711282503707,FALSE,-0.17974424076622,0.130071613835112
31,temp,AUG,0.0576190408454515,FALSE,-0.0736310212328071,0.171430844614748
32,temp,SEP,0.108023089206143,FALSE,-0.0565225336487463,0.257444545048102
