id,varname,month,coef,significant,ci_lower,ci_upper
1,prec,jun,-0.0138367269026483,FALSE,-0.162956850203245,0.139120075171635
2,prec,jul,0.114983737837725,FALSE,-0.018273046090352,0.257938120478682
3,prec,aug,-0.0361318285266824,FALSE,-0.162265333563477,0.1024344835977
4,prec,sep,0.133212521534521,FALSE,-0.0207509168973434,0.280794709090991
5,prec,oct,0.124399846542281,FALSE,-0.013737060450658,0.254943495295728
6,prec,nov,0.192739937469531,TRUE,0.0458347377899412,0.347725438928979
7,prec,dec,0.223818287904197,TRUE,0.0735596090556847,0.371896953981316
8,prec,JAN,0.149034165320801,FALSE,-0.0311606843531403,0.312209618902942
9,prec,FEB,0.232367494621139,TRUE,0.0693169344267215,0.393207711052805
10,prec,MAR,0.145355649955844,FALSE,-0.00233435684320436,0.291598520400623
11,prec,APR,0.213328818667338,TRUE,0.0411532799896307,0.371602618052337
12,prec,MAY,0.0522785969665906,FALSE,-0.0987521921375511,0.192512120664845
13,prec,JUN,0.0866075529529333,FALSE,-0.0405207879648313,0.240487549999079
14,prec,JUL,0.287092771996211,TRUE,0.073871117105525,0.452273824886694
15,prec,AUG,-0.0523477045100369,FALSE,-0.210754740267646,0.0961297739140464
16,prec,SEP,-0.0690258663862062,FALSE,-0.209955358434192,0.0672357409334102
17,temp,jun,0.0657807231806914,FALSE,-0.0898419491662552,0.220005839690878
18,temp,jul,-0.00271474100776438,FALSE,-0.139321355271676,0.121820075563012
19,temp,aug,-0.0443738163266353,FALSE,-0.194865858649191,0.0997134839770242
20,temp,sep,-0.0628758409694199,FALSE,-0.199926739329981,0.062268622833989
21,temp,oct,-0.191945444215139,TRUE,-0.328064662972765,-0.0710542004840388
22,temp,nov,0.0198620022934761,FALSE,-0.133364935840855,0.164461716962712
23,temp,dec,0.0365250322508547,FALSE,-0.0932719410705306,0.183398961671697
24,temp,JAN,0.0261736655315897,FALSE,-0.131756072116405,0.190856315442934
25,temp,FEB,0.00280848980854515,FALSE,-0.146809977661226,0.128509698351864
26,temp,MAR,0.0107879118849563,FALSE,-0.150882007017447,0.158006760221803
27,temp,APR,-0.0661560733426956,FALSE,-0.207159126935848,0.0846032365298988
28,temp,MAY,-0.100107894222595,FALSE,-0.268187824683581,0.0744687158948043
29,temp,JUN,-0.0211759452455676,FALSE,-0.174188042110402,0.10428997532444
30,temp,JUL,0.0334266813862595,FALSE,-0.116326000768614,0.188843096961996
31,temp,AUG,0.0240574163755235,FALSE,-0.113903459154567,0.145107239148122
32,temp,SEP,-0.0513469999255045,FALSE,-0.2169005438214,0.0874267281046313
