id,varname,month,coef,significant,ci_lower,ci_upper
1,prec,jun,0.117058758560736,FALSE,-0.0535738840577093,0.281855976837702
2,prec,jul,0.208053641154612,TRUE,0.0783148985456839,0.341476773396923
3,prec,aug,0.0287447921001631,FALSE,-0.098867261518436,0.174075471955539
4,prec,sep,0.135380940504668,FALSE,-0.0107167922553446,0.298475044949861
5,prec,oct,0.200569988083786,TRUE,0.0640621148875925,0.308665211766388
6,prec,nov,0.105079485926222,FALSE,-0.0112686626045319,0.209914753594728
7,prec,dec,0.265331057393687,TRUE,0.13631225666169,0.40814202645329
8,prec,JAN,0.214010723376565,TRUE,0.0381140253780623,0.357314142094341
9,prec,FEB,0.206236661172384,TRUE,0.0890610650960024,0.32708879784775
10,prec,MAR,0.122465634535102,FALSE,-0.00478212953725462,0.270394594687952
11,prec,APR,0.0859471977395623,FALSE,-0.0746454603604866,0.222535557521085
12,prec,MAY,0.151367230448137,TRUE,0.00948938300831459,0.281107890626402
13,prec,JUN,0.121617624886768,FALSE,-0.0331491681358851,0.286657904947279
14,prec,JUL,0.0901498190987677,FALSE,-0.0416010507260588,0.215847066325072
15,prec,AUG,-0.0767385301435846,FALSE,-0.229365888221352,0.077295761631818
16,prec,SEP,-0.0412819346281626,FALSE,-0.193293485487895,0.11337836131157
17,temp,jun,0.0227994909931855,FALSE,-0.129350211627814,0.165975153216675
18,temp,jul,0.0205010780819283,FALSE,-0.0880003355542389,0.123573727957259
19,temp,aug,-0.015310076361043,FALSE,-0.12961336143885,0.102277438555868
20,temp,sep,-0.00197420955104289,FALSE,-0.135844320158174,0.10182270199906
21,temp,oct,-0.150710380364565,TRUE,-0.260573288211746,-0.021597844305821
22,temp,nov,-0.0172688473209629,FALSE,-0.141563139778953,0.0897802323231307
23,temp,dec,0.0754936514477973,FALSE,-0.0468256101646688,0.189833013121737
24,temp,JAN,-0.0692845773103078,FALSE,-0.204662598275023,0.0588004988916325
25,temp,FEB,-0.0852371839143039,FALSE,-0.203118158021852,0.0228964202314448
26,temp,MAR,-0.00871294627883791,FALSE,-0.128680454487882,0.130846060338339
27,temp,APR,-0.148725150042274,FALSE,-0.304744348045332,0.0181021095395498
28,temp,MAY,-0.0897393728463586,FALSE,-0.224698864180065,0.0256716673614529
29,temp,JUN,-0.00919307531419626,FALSE,-0.14136295048365,0.139005353389422
30,temp,JUL,0.10854759504243,FALSE,-0.024090722016198,0.240104817485031
31,temp,AUG,-0.0326116530354122,FALSE,-0.163150821226537,0.105248622541609
32,temp,SEP,0.0517600387607925,FALSE,-0.0674943446441314,0.181437246449046
