id,varname,month,coef,significant,ci_lower,ci_upper
1,prec,jun,-0.123963139718081,FALSE,-0.286798007812762,0.0389925212038449
2,prec,jul,0.140456696588667,FALSE,-0.0328814237310406,0.315241415011126
3,prec,aug,0.0336507037081148,FALSE,-0.14037931766114,0.204208777280634
4,prec,sep,0.0434085332392002,FALSE,-0.13509526664228,0.182026696443852
5,prec,oct,0.288394874317627,TRUE,0.100065056547108,0.465272627972405
6,prec,nov,0.103969331121443,FALSE,-0.0718323111914431,0.249132666816556
7,prec,dec,0.227442092786945,TRUE,0.0591226598600245,0.394221419015713
8,prec,JAN,0.181222546976511,TRUE,0.0223162478295163,0.339510758158332
9,prec,FEB,0.085331933308882,FALSE,-0.064527268786271,0.256152654911155
10,prec,MAR,0.0814598828180484,FALSE,-0.102529377801999,0.274055044025176
11,prec,APR,0.0628106899588128,FALSE,-0.0915447122811111,0.240062796307989
12,prec,MAY,-0.0128292693453028,FALSE,-0.198568159430184,0.158243530118236
13,prec,JUN,0.121563406141419,FALSE,-0.0403671065798557,0.255234977188311
14,prec,JUL,0.171031883620821,FALSE,-0.00343461274387688,0.333583405647616
15,prec,AUG,0.0213600566098188,FALSE,-0.161953965363217,0.189723329434487
16,prec,SEP,-0.0565463400923344,FALSE,-0.231106155791197,0.0905210496453037
17,temp,jun,-0.0500026567714443,FALSE,-0.210272056835519,0.106481059268688
18,temp,jul,0.0267856431160006,FALSE,-0.140937042711537,0.19127826531554
19,temp,aug,-0.0732208113313753,FALSE,-0.236613093623438,0.107770220381311
20,temp,sep,-0.00693510176904751,FALSE,-0.136580071990388,0.11697711118192
21,temp,oct,-0.0959887301820507,FALSE,-0.24893607875978,0.0518707253937129
22,temp,nov,-0.0486380574066963,FALSE,-0.209765694558301,0.130205175023322
23,temp,dec,-0.204316719762185,TRUE,-0.378513216388308,-0.0295845989552309
24,temp,JAN,-0.0217786388312841,FALSE,-0.219212739222684,0.142581279821204
25,temp,FEB,0.0130176825892847,FALSE,-0.138697170838823,0.164024883667259
26,temp,MAR,0.00806556603574059,FALSE,-0.170926490619417,0.176587276158056
27,temp,APR,-0.023957440857664,FALSE,-0.184526803972617,0.140454807162355
28,temp,MAY,-0.0966030669487699,FALSE,-0.250556996431086,0.0785609263568127
29,temp,JUN,-0.184947179950217,TRUE,-0.368522309630681,-0.00538807052312032
30,temp,JUL,0.0998472122373999,FALSE,-0.0690945527165748,0.263630604105162
31,temp,AUG,0.0207680494259988,FALSE,-0.145376757443517,0.187089524319005
32,temp,SEP,0.0528291440951203,FALSE,-0.12091620320512,0.233149794812452
