id,varname,month,coef,significant,ci_lower,ci_upper
1,prec,jun,-0.0700901146252696,FALSE,-0.20517407213655,0.0588233591791002
2,prec,jul,0.00506885880826909,FALSE,-0.152229999590991,0.156934259338263
3,prec,aug,0.109824329147427,FALSE,-0.0356418979489638,0.264577146875438
4,prec,sep,0.168822854720443,TRUE,0.00869502675111609,0.326906486729049
5,prec,oct,0.168980001487689,FALSE,-0.0259932604668807,0.355603216465471
6,prec,nov,0.206646646673824,TRUE,0.0646033230735923,0.338405605070336
7,prec,dec,0.218137612225942,TRUE,0.0498367774913301,0.368562427621279
8,prec,JAN,0.132910129287329,FALSE,-0.00577228294089055,0.266566582764982
9,prec,FEB,0.091828921376619,FALSE,-0.0721762861246424,0.254776086280396
10,prec,MAR,0.0421461197014693,FALSE,-0.094476193450434,0.201470178785416
11,prec,APR,0.0686881511478132,FALSE,-0.0650940006717026,0.207597978754788
12,prec,MAY,0.0363332766318946,FALSE,-0.100368687613357,0.16764521232002
13,prec,JUN,0.125807814989697,FALSE,-0.0365666382908656,0.282346772683399
14,prec,JUL,-0.00471308213436389,FALSE,-0.162754166198893,0.14033546221304
15,prec,AUG,0.00429720781210325,FALSE,-0.142362395903406,0.171109061115573
16,prec,SEP,0.0344778337170798,FALSE,-0.111547689780186,0.185749248733492
17,temp,jun,-0.0837817528177019,FALSE,-0.225231435538245,0.0637463987277551
18,temp,jul,0.00159125394637619,FALSE,-0.157704972563139,0.1291815450343
19,temp,aug,0.0752570590428114,FALSE,-0.0684088633446055,0.222197843175756
20,temp,sep,-0.107712856251729,FALSE,-0.249207134052956,0.06978310541891
21,temp,oct,-0.120525243152112,FALSE,-0.273804462099528,0.0401879587513858
22,temp,nov,-0.020054967241258,FALSE,-0.191588694775719,0.12985667156986
23,temp,dec,0.0224114946066929,FALSE,-0.140915255547488,0.188341531421571
24,temp,JAN,0.0757734773319838,FALSE,-0.106295830971566,0.226920264240527
25,temp,FEB,0.02548769645959,FALSE,-0.133839410247687,0.158067672378535
26,temp,MAR,0.0325364943401769,FALSE,-0.114780330725834,0.190081932154717
27,temp,APR,0.00787385305903871,FALSE,-0.154712633368656,0.165930367991895
28,temp,MAY,-0.129830796193411,FALSE,-0.310983636509831,0.0183239076900897
29,temp,JUN,-0.0547190278496586,FALSE,-0.201174622485995,0.103057749959358
30,temp,JUL,-0.113779086651254,FALSE,-0.262663317340209,0.0328757647339644
31,temp,AUG,0.0407970430013626,FALSE,-0.130640857328765,0.196686916555037
32,temp,SEP,-0.0773729224389444,FALSE,-0.232848746553472,0.106108824729569
