id,varname,month,coef,significant,ci_lower,ci_upper
1,prec,jun,-0.131381323325396,FALSE,-0.274744622905089,0.0148823785112086
2,prec,jul,-0.0643191740286866,FALSE,-0.18415878387406,0.0768250720325217
3,prec,aug,0.11153000206947,FALSE,-0.0144352220543612,0.25273780139052
4,prec,sep,0.110601767293633,FALSE,-0.0209229126090765,0.235735154622252
5,prec,oct,0.0128902744352564,FALSE,-0.126649343204314,0.166969485347276
6,prec,nov,0.0717909669521136,FALSE,-0.0738426176164596,0.211684240722934
7,prec,dec,0.161996773081573,FALSE,-0.0255021437671422,0.352041289123135
8,prec,JAN,0.053522287969088,FALSE,-0.0669942054604941,0.175001541455262
9,prec,FEB,0.12452841937281,FALSE,-0.0267810194270276,0.26003018681384
10,prec,MAR,0.070151953298259,FALSE,-0.0618276120468697,0.21301573128935
11,prec,APR,0.123059203242527,FALSE,-0.0151029068550328,0.275285306574373
12,prec,MAY,0.168587627941726,TRUE,0.0232776333945797,0.314574434298277
13,prec,JUN,0.300639218390799,TRUE,0.139451561057629,0.462501308951658
14,prec,JUL,-0.0219931037698549,FALSE,-0.159340373334398,0.115311441426752
15,prec,AUG,-0.00896987386207224,FALSE,-0.137686351830303,0.13032434848107
16,prec,SEP,-0.0386434886825209,FALSE,-0.180924920625656,0.0981017537726192
17,temp,jun,-0.0415614270902097,FALSE,-0.200259555011808,0.117509060681723
18,temp,jul,-0.0544364127431422,FALSE,-0.177023798390408,0.0410512497690131
19,temp,aug,-0.0543914984261613,FALSE,-0.200165973052823,0.0669702785532833
20,temp,sep,0.0231607434801716,FALSE,-0.109550967061921,0.201172755270914
21,temp,oct,0.0568115203550698,FALSE,-0.104233962109957,0.20144257093274
22,temp,nov,0.0276596930674512,FALSE,-0.11355397827038,0.183342657463613
23,temp,dec,0.00703409540337482,FALSE,-0.154881216419235,0.153873248196967
24,temp,JAN,0.0893612942513914,FALSE,-0.0509908115031222,0.239152030729098
25,temp,FEB,0.00869980298754032,FALSE,-0.157160076681331,0.184485342309022
26,temp,MAR,-0.0305927335139647,FALSE,-0.176030711608155,0.115596566475029
27,temp,APR,-0.0943022603751314,FALSE,-0.262686865598577,0.0482373033309734
28,temp,MAY,-0.139587793404248,FALSE,-0.285626898535237,-0.00233119170486071
29,temp,JUN,-0.150076462406897,TRUE,-0.28917728896253,-0.0166360003061986
30,temp,JUL,-0.061811689341222,FALSE,-0.177984999347892,0.0417871013388113
31,temp,AUG,0.0705368566515986,FALSE,-0.0587781090836558,0.210212204424453
32,temp,SEP,0.000191363769550795,FALSE,-0.177962759098066,0.147814728783331
