id,varname,month,coef,significant,ci_lower,ci_upper
1,prec,jun,-0.0605089373132413,FALSE,-0.222738549703663,0.100772984908081
2,prec,jul,0.0841968993425695,FALSE,-0.0768444342036212,0.26063712556166
3,prec,aug,0.0355934661319514,FALSE,-0.123247703561768,0.201116860974642
4,prec,sep,0.0513503956304508,FALSE,-0.106689070406053,0.206774558681188
5,prec,oct,0.0611763595550374,FALSE,-0.118010665848666,0.213774543415948
6,prec,nov,-0.0549220575303155,FALSE,-0.216284921865989,0.103737025039486
7,prec,dec,-0.10057015763641,FALSE,-0.273491407408009,0.0643475305026252
8,prec,JAN,0.0216582328617398,FALSE,-0.164408884886907,0.205506140424461
9,prec,FEB,-0.0704926253452506,FALSE,-0.245408956809263,0.118971229495684
10,prec,MAR,0.103423853501289,FALSE,-0.0492192516267023,0.256226497328245
11,prec,APR,0.163378365965876,TRUE,0.000791892808216519,0.320579405102522
12,prec,MAY,0.221546892492311,TRUE,0.0456437625105928,0.398384280706788
13,prec,JUN,0.139568429371384,FALSE,-0.0340393896466458,0.297763984265523
14,prec,JUL,0.0857407606403314,FALSE,-0.0591148811350391,0.266747245964692
15,prec,AUG,0.00208088304291862,FALSE,-0.137493143198268,0.164283580619939
16,prec,SEP,-0.0948952321387222,FALSE,-0.278471003216744,0.084450777801614
17,temp,jun,0.0967003175673601,FALSE,-0.0824934691269902,0.244846293930231
18,temp,jul,0.0965341777263167,FALSE,-0.0584229250243815,0.242553758411794
19,temp,aug,0.031436687645309,FALSE,-0.149637359755084,0.207945955925247
20,temp,sep,0.019159263760605,FALSE,-0.168395418103604,0.181842950226999
21,temp,oct,-0.125126816739604,FALSE,-0.296819722006054,0.0499899496539111
22,temp,nov,0.0320789388726412,FALSE,-0.0951442773597116,0.172821470883401
23,temp,dec,0.0268364258509836,FALSE,-0.130556207575001,0.170621724125212
24,temp,JAN,-0.0279217917288858,FALSE,-0.197251935257531,0.130821870239388
25,temp,FEB,-0.0738569744573482,FALSE,-0.237182731449615,0.100266715871175
26,temp,MAR,-0.0910156032866606,FALSE,-0.2711024877488,0.0894252626286563
27,temp,APR,-0.111976389588611,FALSE,-0.26782456167522,0.0433694547788888
28,temp,MAY,0.0208717191119014,FALSE,-0.131172456363423,0.184707532614681
29,temp,JUN,-0.204795441705095,TRUE,-0.358919136806335,-0.0603864420197852
30,temp,JUL,-0.058038255999873,FALSE,-0.21705872622692,0.0977120756324118
31,temp,AUG,0.128500492750875,FALSE,-0.0177314366018981,0.291437860712795
32,temp,SEP,0.04011257234438,FALSE,-0.155484760776185,0.21889750268938
