id,varname,month,coef,significant,ci_lower,ci_upper
1,prec,jun,0.0401902187301377,FALSE,-0.0888317121979471,0.165603293608636
2,prec,jul,0.0234477786556903,FALSE,-0.103650611093262,0.155845349917659
3,prec,aug,0.076404669440551,FALSE,-0.0400733693244525,0.186879377115023
4,prec,sep,0.0483474799094609,FALSE,-0.0852699119645546,0.162005367690054
5,prec,oct,0.122846990312436,FALSE,-0.0113971705064548,0.256156744934475
6,prec,nov,0.124026521754051,FALSE,-0.00527341892457522,0.251703003583334
7,prec,dec,0.145691019110915,TRUE,0.0309314014271751,0.271504172631916
8,prec,JAN,0.147538846935781,TRUE,0.0145471577294885,0.281559966703064
9,prec,FEB,0.12703153067996,FALSE,-0.0075752789215119,0.262524674288807
10,prec,MAR,0.0819708687358746,FALSE,-0.0533877446966189,0.214433549021547
11,prec,APR,0.120162705483611,FALSE,-0.0104703933168177,0.247648712646228
12,prec,MAY,0.21897929444586,TRUE,0.0906207766965047,0.338149307993347
13,prec,JUN,0.327632014231089,TRUE,0.20285391687766,0.446736176779733
14,prec,JUL,0.0826960263196956,FALSE,-0.0403723273181359,0.20657108426776
15,prec,AUG,0.0362337557041234,FALSE,-0.095034940560797,0.152216488598914
16,prec,SEP,-0.0170396933331092,FALSE,-0.139864821878877,0.101312720598161
17,temp,jun,-0.0386953368966044,FALSE,-0.157859892340256,0.0625226305498779
18,temp,jul,0.00965712124990419,FALSE,-0.118052354015192,0.116607044218569
19,temp,aug,0.0465528652008518,FALSE,-0.0686274986295388,0.168973481435312
20,temp,sep,-0.0392744682409581,FALSE,-0.16324439286028,0.0818798591102984
21,temp,oct,-0.0965069978716079,FALSE,-0.220113977869762,0.0203126553118079
22,temp,nov,-0.0371880690422286,FALSE,-0.149655424607812,0.0928512792984097
23,temp,dec,0.0349092128836915,FALSE,-0.0823415884348516,0.154641683306999
24,temp,JAN,0.0102311075504786,FALSE,-0.122357365837285,0.154120736436103
25,temp,FEB,-0.0647488345106262,FALSE,-0.188167616229144,0.0651052708695189
26,temp,MAR,0.0319004755582703,FALSE,-0.0898887783995198,0.144213879064426
27,temp,APR,-0.0937080108961075,FALSE,-0.208414239171985,0.0201191035965702
28,temp,MAY,-0.0834827506746018,FALSE,-0.21175932564912,0.050647838807858
29,temp,JUN,-0.13626638166204,TRUE,-0.268046232255012,-0.00202045097556294
30,temp,JUL,-0.035137653067269,FALSE,-0.147445293784652,0.0888410748567587
31,temp,AUG,0.0672416360932052,FALSE,-0.0687455051412392,0.20596801805916
32,temp,SEP,0.000333092092896966,FALSE,-0.111281189856148,0.101327856181041
