id,varname,month,coef,significant,ci_lower,ci_upper
1,prec,jun,0.0467469425102908,FALSE,-0.171383106920513,0.224710936959525
2,prec,jul,-0.0177183970609223,FALSE,-0.201547388313798,0.170006116721071
3,prec,aug,0.0411880061878849,FALSE,-0.161883514885163,0.266563887715051
4,prec,sep,0.0669380093831864,FALSE,-0.133464219816949,0.293166549065473
5,prec,oct,0.0864200896407967,FALSE,-0.103070447789584,0.268627848263687
6,prec,nov,0.0687435997406337,FALSE,-0.13005235681634,0.254170053504202
7,prec,dec,0.144085972025514,FALSE,-0.0165301653711936,0.320565404252892
8,prec,JAN,-0.00245790034089899,FALSE,-0.179662281894575,0.184960450643561
9,prec,FEB,0.0936420693201324,FALSE,-0.0926177939003802,0.266049781708519
10,prec,MAR,-0.00091995677248551,FALSE,-0.198677246540825,0.188696437243949
11,prec,APR,-0.0561503621285989,FALSE,-0.262912818296086,0.127718781233973
12,prec,MAY,0.139083967895639,FALSE,-0.0278055796410486,0.301257855372759
13,prec,JUN,0.199004921301416,TRUE,0.0302775874488139,0.379043988139758
14,prec,JUL,0.0285603218393699,FALSE,-0.15915123249065,0.227092699147883
15,prec,AUG,0.0682753929182797,FALSE,-0.10391788380362,0.220605207177474
16,prec,SEP,0.114209813881096,FALSE,-0.0460868982976115,0.300823111093188
17,temp,jun,-0.0118761639021444,FALSE,-0.203780936782469,0.178591939947937
18,temp,jul,-0.0649111999661723,FALSE,-0.253321430513862,0.0982891133896286
19,temp,aug,-0.0146660569767953,FALSE,-0.247710438634454,0.176924610242434
20,temp,sep,0.124505065261411,FALSE,-0.0674739201993049,0.315193656401212
21,temp,oct,-0.00190150942886023,FALSE,-0.180655159687616,0.158460243903234
22,temp,nov,-0.0510256456591342,FALSE,-0.254662026386529,0.157478688982859
23,temp,dec,-0.0469709492360332,FALSE,-0.258890245513597,0.14419719093103
24,temp,JAN,0.035646218161479,FALSE,-0.120794427264272,0.173736168693912
25,temp,FEB,0.117472737349569,FALSE,-0.0335306524311024,0.292645407413869
26,temp,MAR,0.0567635643532573,FALSE,-0.136777186733147,0.263488339848061
27,temp,APR,0.165394221889534,FALSE,-0.0384219708620206,0.379875666980713
28,temp,MAY,-0.074038027737755,FALSE,-0.280834627580288,0.108539645599842
29,temp,JUN,-0.199678803875741,TRUE,-0.360761760425723,-0.0286797106776094
30,temp,JUL,-0.0999461479385082,FALSE,-0.303975772074814,0.102410494401239
31,temp,AUG,-0.0553732847811261,FALSE,-0.242565910493761,0.127997256352736
32,temp,SEP,0.0101721962964118,FALSE,-0.150928080081651,0.188698133120219
