id,varname,month,coef,significant,ci_lower,ci_upper
1,prec,jun,0.0426205655726682,FALSE,-0.151361563516807,0.210166561266725
2,prec,jul,0.133023006720678,FALSE,-0.0797175831382673,0.286596058844026
3,prec,aug,0.0921766927492232,FALSE,-0.0699108164786436,0.243377530793124
4,prec,sep,0.0818272593803004,FALSE,-0.0835598157685586,0.247111071125848
5,prec,oct,-0.00560032749774141,FALSE,-0.16201519401103,0.152292689337767
6,prec,nov,-0.0122559143828169,FALSE,-0.151681769440333,0.138110588428083
7,prec,dec,0.0967939627378268,FALSE,-0.0570864966333091,0.241137202308294
8,prec,JAN,0.170515930194177,TRUE,0.0294026576840302,0.33626745637736
9,prec,FEB,0.163760850164927,FALSE,0.0116393143639033,0.341331076648906
10,prec,MAR,-0.00147994465928054,FALSE,-0.176913079615365,0.15509846787995
11,prec,APR,0.102592186747712,FALSE,-0.0555522779217205,0.270757920473959
12,prec,MAY,0.193501448713002,TRUE,0.0452316785351891,0.330523646219419
13,prec,JUN,0.154773575990602,FALSE,0.0016223338460698,0.34564202674472
14,prec,JUL,0.201848692098343,FALSE,-0.00133816202678751,0.370005756723365
15,prec,AUG,0.0449470583342039,FALSE,-0.0829297598069996,0.190138345446177
16,prec,SEP,0.0234133485407836,FALSE,-0.119551253949639,0.163013052441217
17,temp,jun,0.0252478155692726,FALSE,-0.12710657312196,0.172212383095381
18,temp,jul,0.0039116400991131,FALSE,-0.156725552533259,0.172282345658998
19,temp,aug,-0.0058848763933917,FALSE,-0.187177926005712,0.165055927382746
20,temp,sep,-0.0587999138600754,FALSE,-0.221286963812949,0.110240398694084
21,temp,oct,-0.0603495081103746,FALSE,-0.235433382630843,0.101142993476225
22,temp,nov,0.0214279100134027,FALSE,-0.142875221388131,0.180294101501537
23,temp,dec,0.0462804033431296,FALSE,-0.090457537647184,0.179054778400699
24,temp,JAN,0.0173147109278158,FALSE,-0.158657865411667,0.169474523319247
25,temp,FEB,0.133958590185689,FALSE,-0.0219022704682602,0.283596709387027
26,temp,MAR,0.0601600305629989,FALSE,-0.0937859472085236,0.219386814926373
27,temp,APR,0.00522873124975221,FALSE,-0.1461753042078,0.179215075861333
28,temp,MAY,-0.114543784451161,FALSE,-0.254554999671433,0.0272862810592129
29,temp,JUN,-0.1474306781457,FALSE,-0.323927790558252,0.0439395174218058
30,temp,JUL,-0.0299385792596685,FALSE,-0.185956017772737,0.110045182093383
31,temp,AUG,0.128593138984659,FALSE,-0.055186172014314,0.298972017706629
32,temp,SEP,-0.0156729018438422,FALSE,-0.179876950194808,0.145775040752029
