id,varname,month,coef,significant,ci_lower,ci_upper
1,prec,jun,0.0319305619208232,FALSE,-0.156147802610493,0.209228189085338
2,prec,jul,0.145880944977822,FALSE,-0.0543831220945797,0.334503994667458
3,prec,aug,0.207403337861736,TRUE,0.00835867277922789,0.382342274839527
4,prec,sep,0.153484990842717,FALSE,-0.0236737329238307,0.298231452195113
5,prec,oct,0.0135953809675454,FALSE,-0.16519886064147,0.186495934282362
6,prec,nov,0.134573952515226,FALSE,-0.0394665218592329,0.33124221902672
7,prec,dec,-0.0143286058057361,FALSE,-0.179388251441749,0.1284547350201
8,prec,JAN,0.0790905933200842,FALSE,-0.0959771572796153,0.251819364352392
9,prec,FEB,0.0490012133315418,FALSE,-0.15712225826508,0.264865841377677
10,prec,MAR,0.0469786222753185,FALSE,-0.175068300666827,0.25767451267362
11,prec,APR,-0.0160576185102492,FALSE,-0.186825380745928,0.16597801644586
12,prec,MAY,0.126278048625783,FALSE,-0.0693942661367264,0.339608171703395
13,prec,JUN,0.0627553679068113,FALSE,-0.145702809609632,0.237519709751017
14,prec,JUL,0.160742022722228,FALSE,-0.0154923548638111,0.32943675644551
15,prec,AUG,0.0453067332968886,FALSE,-0.111799163141839,0.218519384148198
16,prec,SEP,-0.0420692060257276,FALSE,-0.219126755128176,0.135690487261789
17,temp,jun,-0.0753451735602196,FALSE,-0.294980005814057,0.118034825708378
18,temp,jul,-0.0671027250744515,FALSE,-0.315615754224252,0.155861874349763
19,temp,aug,-0.188158577260124,FALSE,-0.388766877380787,0.018952113415423
20,temp,sep,-0.219768506495042,TRUE,-0.391832812170913,-0.0419774117130683
21,temp,oct,-0.0451465803124261,FALSE,-0.228390870247296,0.119001195118337
22,temp,nov,0.110340811246621,FALSE,-0.0589451915155567,0.287161485517749
23,temp,dec,-0.00571283046894184,FALSE,-0.199676116861085,0.167412873710057
24,temp,JAN,0.0214103365219075,FALSE,-0.181147535514138,0.223357526682693
25,temp,FEB,0.0436950683345356,FALSE,-0.123135209670229,0.215247519800256
26,temp,MAR,0.0213032644089401,FALSE,-0.144495169281961,0.229453549604292
27,temp,APR,0.0510086000923735,FALSE,-0.151413242214749,0.240220043562345
28,temp,MAY,-0.0126683236887525,FALSE,-0.179362858134086,0.156268815673269
29,temp,JUN,-0.130189408262503,FALSE,-0.33038479181393,0.0595917989836313
30,temp,JUL,-0.0224012587276622,FALSE,-0.219944502594535,0.182741536945523
31,temp,AUG,-0.0333544219859328,FALSE,-0.245264939484885,0.162376686236162
32,temp,SEP,-0.135178345098886,FALSE,-0.311978167246857,0.042985318942521
