id,varname,month,coef,significant,ci_lower,ci_upper
1,prec,jun,0.138790037206344,FALSE,-0.0239021448676873,0.306872333852263
2,prec,jul,-0.0515191375553507,FALSE,-0.215126561385233,0.135413580861914
3,prec,aug,0.0406474250774438,FALSE,-0.121378684651166,0.18648057967785
4,prec,sep,0.156896977705394,FALSE,-0.00269716197239464,0.308895526193093
5,prec,oct,0.107017878880374,FALSE,-0.0128375440781176,0.252454942776694
6,prec,nov,0.181289753575899,TRUE,0.0036028479522318,0.360086039213797
7,prec,dec,0.206146476187775,TRUE,0.0461689775643259,0.378150494748015
8,prec,JAN,0.23628974201249,TRUE,0.0657169659536062,0.394621801721441
9,prec,FEB,0.0117777252201551,FALSE,-0.139824112874413,0.146983337989858
10,prec,MAR,0.0843129758175955,FALSE,-0.0796103483745037,0.260757401104657
11,prec,APR,0.118371338682496,FALSE,-0.0329883656278036,0.265092263892654
12,prec,MAY,0.186207243549377,TRUE,0.0318277606743905,0.316129474497953
13,prec,JUN,0.174711701750915,TRUE,0.0206543244421424,0.346030668862313
14,prec,JUL,0.0452743763014548,FALSE,-0.133430764159003,0.225552996171065
15,prec,AUG,-0.0800738827114508,FALSE,-0.232770565145947,0.0772117816681105
16,prec,SEP,0.110550470762684,FALSE,-0.0728362667637585,0.265544334112112
17,temp,jun,-0.0174158774358958,FALSE,-0.195828026760261,0.15968288370666
18,temp,jul,-0.0222247780462702,FALSE,-0.174243172730103,0.143133329174179
19,temp,aug,-0.0553061235404765,FALSE,-0.252329983768343,0.133183941440279
20,temp,sep,0.0207631009103272,FALSE,-0.165338872570826,0.212945471542739
21,temp,oct,-0.0114713371719095,FALSE,-0.175721358902317,0.159050910392068
22,temp,nov,-0.0299070052737361,FALSE,-0.17199251545678,0.127844741112667
23,temp,dec,-0.00729860738891099,FALSE,-0.185981578969128,0.176607157930726
24,temp,JAN,0.0744021585549399,FALSE,-0.105671833450674,0.232672837641558
25,temp,FEB,0.0177435423905108,FALSE,-0.132168308763434,0.155833391044901
26,temp,MAR,0.0141427932724982,FALSE,-0.150718607168881,0.198228173619594
27,temp,APR,-0.000717914958923578,FALSE,-0.169391807422812,0.163547558648443
28,temp,MAY,-0.0875006480281699,FALSE,-0.241188078175627,0.0707551566623
29,temp,JUN,-0.173482034154396,TRUE,-0.344103337738331,-0.00443092654983607
30,temp,JUL,0.0250382207221902,FALSE,-0.138052816725051,0.203558831378768
31,temp,AUG,-0.0022243045614784,FALSE,-0.202492367485423,0.199280126541023
32,temp,SEP,0.0659493681621392,FALSE,-0.111363071749349,0.240570721189447
