id,varname,month,coef,significant,ci_lower,ci_upper
1,prec,jun,0.0146270109297822,FALSE,-0.167857406141107,0.164300336706117
2,prec,jul,0.127878395554482,FALSE,-0.0264667419415801,0.278016980989234
3,prec,aug,0.133994896786802,FALSE,-0.0676308274751027,0.287038090036392
4,prec,sep,0.0496440591619731,FALSE,-0.116794936392211,0.236176018051747
5,prec,oct,0.0095821429790855,FALSE,-0.13235200162519,0.134281475519647
6,prec,nov,-0.0469972130939587,FALSE,-0.238361541408194,0.0999691575773472
7,prec,dec,-0.253764244365801,TRUE,-0.38752280343128,-0.106730335218953
8,prec,JAN,-0.0856485719038251,FALSE,-0.262327063784157,0.0832418940133755
9,prec,FEB,-0.179855689255041,TRUE,-0.324557315597955,-0.0279297940859546
10,prec,MAR,-0.138846508833912,FALSE,-0.276227858232411,0.00141337114189495
11,prec,APR,-0.0548996104818067,FALSE,-0.188865483959964,0.0730622029604769
12,prec,MAY,-0.102344894730788,FALSE,-0.234743610358134,0.0323437148045159
13,prec,JUN,-0.146945285352559,TRUE,-0.293467557608221,-0.00515396844967735
14,prec,JUL,-0.00524591769805789,FALSE,-0.173380569996752,0.153888100861964
15,prec,AUG,-0.125844708462351,FALSE,-0.249128518685762,0.0195114294289121
16,prec,SEP,-0.0446541376032117,FALSE,-0.209794151876163,0.11994887684985
17,temp,jun,-0.0113312769669384,FALSE,-0.16249694916708,0.164459194827003
18,temp,jul,-0.215535177499882,TRUE,-0.357782699571664,-0.0749185265763662
19,temp,aug,-0.213086019293978,TRUE,-0.381119002893622,-0.0803803878853607
20,temp,sep,-0.154603495828168,TRUE,-0.310976832047945,-0.00957460917922158
21,temp,oct,0.0964576449949643,FALSE,-0.0579115206810989,0.285442550047317
22,temp,nov,0.158823425490326,TRUE,0.00808376237367804,0.323173531759113
23,temp,dec,0.0211348376418732,FALSE,-0.139272529505689,0.157569248050456
24,temp,JAN,0.0723495378956141,FALSE,-0.0831962685947638,0.211822834447632
25,temp,FEB,0.0347590036665656,FALSE,-0.114610552348582,0.195828558263849
26,temp,MAR,0.0843356809773444,FALSE,-0.0747891060663945,0.237355898901736
27,temp,APR,0.0771404442756708,FALSE,-0.0585709683523676,0.207033630876977
28,temp,MAY,0.162651591956304,TRUE,0.0313190605334403,0.291961206252264
29,temp,JUN,0.011853022727637,FALSE,-0.14499640498991,0.179449760479666
30,temp,JUL,0.0483012781770681,FALSE,-0.0915912639357341,0.19583227056393
31,temp,AUG,0.0391670187898207,FALSE,-0.105279764826682,0.198705105183822
32,temp,SEP,-0.0292714220422847,FALSE,-0.173087116929099,0.134167361203811
