id,varname,month,coef,significant,ci_lower,ci_upper
1,prec,jun,0.156272342581949,FALSE,-0.0279662935215288,0.319786828125656
2,prec,jul,0.0620970610884287,FALSE,-0.0724290373302472,0.217200022508406
3,prec,aug,0.0690377920827625,FALSE,-0.140902718023684,0.28582246880122
4,prec,sep,0.0128040440710467,FALSE,-0.177143722737157,0.168193013272617
5,prec,oct,-0.0313951031056315,FALSE,-0.161527293429646,0.106722232779434
6,prec,nov,-0.0558380182950695,FALSE,-0.252939106456408,0.169917929933151
7,prec,dec,-0.0261794504643474,FALSE,-0.219355571033133,0.165758598300291
8,prec,JAN,-0.0356412899016927,FALSE,-0.223425806116078,0.15268124540136
9,prec,FEB,0.0332369585028477,FALSE,-0.126447978352208,0.220835984522793
10,prec,MAR,0.0353352006138994,FALSE,-0.129832818948212,0.204358232188045
11,prec,APR,0.055845337341721,FALSE,-0.0946150154176343,0.243295341946189
12,prec,MAY,0.0270831110587992,FALSE,-0.177535296168635,0.202727339531185
13,prec,JUN,0.108355979787618,FALSE,-0.0510567910936575,0.23746466674257
14,prec,JUL,0.227884185671429,TRUE,0.0542213709583351,0.383622648034269
15,prec,AUG,0.0401903521599185,FALSE,-0.165672012466693,0.250818597079792
16,prec,SEP,-0.0996817248821183,FALSE,-0.298422165733874,0.0616880064008362
17,temp,jun,-0.0219291996460297,FALSE,-0.201395665664162,0.179573317694987
18,temp,jul,0.0268614975300142,FALSE,-0.164924948132715,0.215737682855889
19,temp,aug,-0.128550124609515,FALSE,-0.319751208939029,0.0554992812714336
20,temp,sep,-0.0662582469802388,FALSE,-0.251055537630923,0.097475400754455
21,temp,oct,-0.0445671864513369,FALSE,-0.26158718414242,0.133743796831765
22,temp,nov,0.0327789129235928,FALSE,-0.153464594753311,0.25172425583716
23,temp,dec,0.227274161352313,TRUE,0.0532971031866503,0.410814067201842
24,temp,JAN,0.104583226121584,FALSE,-0.0590851361285659,0.279542679051805
25,temp,FEB,0.0208279216705692,FALSE,-0.170562356857555,0.223042175414654
26,temp,MAR,0.217837831800449,TRUE,0.0255592590074288,0.397728540861079
27,temp,APR,0.169404444751408,TRUE,0.0176061275734062,0.329254242699163
28,temp,MAY,-0.0192713439358254,FALSE,-0.167525412290193,0.137856395307097
29,temp,JUN,-0.290836053807012,TRUE,-0.478585095388778,-0.117538022857595
30,temp,JUL,-0.00422422607596155,FALSE,-0.199520635971181,0.195608945442333
31,temp,AUG,0.0381023770785849,FALSE,-0.167686972673258,0.212716009912247
32,temp,SEP,0.00837423570187459,FALSE,-0.196285629365843,0.186763109381508
