id,varname,month,coef,significant,ci_lower,ci_upper
1,prec,jun,-0.102003128763898,FALSE,-0.289097800824417,0.0894712508246659
2,prec,jul,0.0599434904715498,FALSE,-0.119977238037851,0.255332971946509
3,prec,aug,0.0705368544513646,FALSE,-0.135037320351837,0.292448743795302
4,prec,sep,0.113478112329198,FALSE,-0.0944168070542567,0.322461944953401
5,prec,oct,0.101312951814006,FALSE,-0.133272274502526,0.341528364526843
6,prec,nov,0.0597586004909192,FALSE,-0.107994697556015,0.221280842934035
7,prec,dec,0.0289057051679303,FALSE,-0.16963870137322,0.207693744665602
8,prec,JAN,0.148131048252815,FALSE,-0.0671839522238454,0.394735787285657
9,prec,FEB,-0.0393756282226029,FALSE,-0.210773040151751,0.128677025161119
10,prec,MAR,-0.0293669464303049,FALSE,-0.242816767449687,0.188013730345974
11,prec,APR,-0.00595773739453432,FALSE,-0.176714894401152,0.201030062458333
12,prec,MAY,-0.146767715831979,FALSE,-0.335121328284579,0.0485004027961012
13,prec,JUN,-0.177318442283756,FALSE,-0.401096766314006,0.0268312744370215
14,prec,JUL,-0.131604444918463,FALSE,-0.327733450163225,0.0780717112890136
15,prec,AUG,-0.0927240414036745,FALSE,-0.246358110248535,0.0971564476706849
16,prec,SEP,-0.00510107572928219,FALSE,-0.18781557186857,0.174915113444261
17,temp,jun,0.00980626967142605,FALSE,-0.19761684779797,0.216118599030331
18,temp,jul,-0.06653180468409,FALSE,-0.250220556411399,0.123827015449554
19,temp,aug,-0.166299148223448,FALSE,-0.367860762067619,0.0492924751737873
20,temp,sep,-0.0866792750363682,FALSE,-0.263090159938497,0.105063169130114
21,temp,oct,-0.0483898265551917,FALSE,-0.259970830491891,0.185000259307027
22,temp,nov,0.0674416979642259,FALSE,-0.105360387626406,0.271447387225637
23,temp,dec,0.0234117161517703,FALSE,-0.196051912522881,0.236302024641267
24,temp,JAN,-0.0631165777491492,FALSE,-0.238096801950649,0.101242880909061
25,temp,FEB,-0.0643848055608579,FALSE,-0.263723082034613,0.100746596126332
26,temp,MAR,-0.0790098869781636,FALSE,-0.285727919186254,0.116169928739255
27,temp,APR,0.0488998141128962,FALSE,-0.15139794543338,0.265045867823758
28,temp,MAY,0.0262250362166427,FALSE,-0.166682126848746,0.196194663009795
29,temp,JUN,-0.0494160057658061,FALSE,-0.261987851917328,0.146206479829794
30,temp,JUL,0.0973315307066047,FALSE,-0.0593936056478719,0.280821359463481
31,temp,AUG,-0.0641312157557376,FALSE,-0.235582433257186,0.102258805243365
32,temp,SEP,-0.00858649338587202,FALSE,-0.171581267454348,0.163517555185328
