id,varname,month,coef,significant,ci_lower,ci_upper
1,prec,jun,0.0448835008896224,FALSE,-0.151943603129287,0.252393694289196
2,prec,jul,0.0919447852821742,FALSE,-0.102680968598188,0.2863583690785
3,prec,aug,0.0666628464032411,FALSE,-0.149519728923011,0.283532832533798
4,prec,sep,0.0530050361130258,FALSE,-0.164922979882235,0.244817583016373
5,prec,oct,0.0781597386385112,FALSE,-0.097377387518237,0.270293441416776
6,prec,nov,-0.0463002536272086,FALSE,-0.246559868231973,0.153861823029608
7,prec,dec,0.0299951552267114,FALSE,-0.167706443071276,0.217420453383547
8,prec,JAN,0.129403410396552,FALSE,-0.102287024033506,0.333051741506625
9,prec,FEB,0.0222061588294783,FALSE,-0.210954031847039,0.230207565954494
10,prec,MAR,-0.0661049421097674,FALSE,-0.29946741597358,0.182098191382836
11,prec,APR,-0.119761703922046,FALSE,-0.301882357650375,0.0488955273564277
12,prec,MAY,-0.18261007346515,FALSE,-0.384624728844818,0.0180191710279851
13,prec,JUN,-0.0295528156004306,FALSE,-0.218779287746105,0.17474670982082
14,prec,JUL,-0.0415464070414671,FALSE,-0.239457269604367,0.156484057693964
15,prec,AUG,-0.105734692842938,FALSE,-0.267717397837472,0.113500768191783
16,prec,SEP,0.0291430105780416,FALSE,-0.174959432178852,0.236643160904329
17,temp,jun,0.0695928660319253,FALSE,-0.127123960418605,0.22823371066255
18,temp,jul,-0.16990779845781,FALSE,-0.365327198166021,0.0490608870605864
19,temp,aug,-0.0889613275381476,FALSE,-0.252157017364926,0.083946796018222
20,temp,sep,-0.180726759835648,TRUE,-0.367562306165375,-0.00752107335096078
21,temp,oct,-0.0395697062172329,FALSE,-0.214844341968114,0.159402409442935
22,temp,nov,0.0637974287672777,FALSE,-0.125887565868458,0.266683535065926
23,temp,dec,0.146027886759255,FALSE,-0.0877524462601568,0.378914332841957
24,temp,JAN,-0.0866790996609903,FALSE,-0.282160552377883,0.0916507724060728
25,temp,FEB,-0.0350713753233601,FALSE,-0.237153840918906,0.180611387290212
26,temp,MAR,-0.0459568153522431,FALSE,-0.239418223041407,0.14174781603943
27,temp,APR,0.100409734997881,FALSE,-0.0804772027617711,0.30084041085627
28,temp,MAY,0.0539521423949047,FALSE,-0.127347778341156,0.236242840546748
29,temp,JUN,-0.12993042673681,FALSE,-0.333453533168422,0.0606546918509993
30,temp,JUL,0.18907375866843,TRUE,0.0163099719645011,0.37804782809986
31,temp,AUG,-0.0365155529720512,FALSE,-0.202571993317366,0.159756166005473
32,temp,SEP,-0.0193976958443544,FALSE,-0.203501062736459,0.193422869199834
