id,varname,month,coef,significant,ci_lower,ci_upper
1,prec,jun,0.0394518270568492,FALSE,-0.145008859581133,0.189808953981744
2,prec,jul,0.0964269777901773,FALSE,-0.0680493426527069,0.266064517756463
3,prec,aug,0.175887966526414,TRUE,0.0158597986172787,0.309716058068638
4,prec,sep,0.00408007278843085,FALSE,-0.159542647677694,0.199251733192367
5,prec,oct,0.0790406553776177,FALSE,-0.100585910617175,0.236703414860004
6,prec,nov,-0.00179873840933311,FALSE,-0.186732671801933,0.184645124278857
7,prec,dec,-0.0362567435597625,FALSE,-0.213489043897785,0.138283284638696
8,prec,JAN,0.0406672037742907,FALSE,-0.130735960704325,0.194086328045952
9,prec,FEB,-0.129059279718019,FALSE,-0.296188106950503,0.0316830330812585
10,prec,MAR,0.0139227816551076,FALSE,-0.164375136495733,0.18947733096854
11,prec,APR,-0.0860491774234428,FALSE,-0.235055302600226,0.0654531713895145
12,prec,MAY,-0.0917144978751821,FALSE,-0.251373003225946,0.0773524409274922
13,prec,JUN,-0.17100215899303,TRUE,-0.342013279579543,-0.00798417503968025
14,prec,JUL,0.0425147967597931,FALSE,-0.121329332232411,0.210889344551112
15,prec,AUG,0.0359771725498414,FALSE,-0.149042629320651,0.237558330827399
16,prec,SEP,-0.0760495216160795,FALSE,-0.225717134149252,0.0944983628749382
17,temp,jun,-0.0121137133076604,FALSE,-0.177521402914541,0.167948175323161
18,temp,jul,-0.209146987246661,TRUE,-0.38692122027997,-0.0448407992926027
19,temp,aug,-0.245792523124108,TRUE,-0.420090302614201,-0.0779950612011445
20,temp,sep,-0.0704720222622856,FALSE,-0.225317965634626,0.096600976497165
21,temp,oct,-0.0456195448880935,FALSE,-0.210161518465689,0.128225241441499
22,temp,nov,0.1030302743571,FALSE,-0.0722212787529486,0.307662678461806
23,temp,dec,0.0191491075378977,FALSE,-0.13907728465152,0.21106684613834
24,temp,JAN,0.122683934500557,FALSE,-0.0422448556739945,0.27498246260388
25,temp,FEB,0.00628908724088301,FALSE,-0.177084165699486,0.19745045197262
26,temp,MAR,0.049727494969396,FALSE,-0.116730804875754,0.21659123277288
27,temp,APR,0.208674891086957,TRUE,0.0433148598198306,0.37610261291891
28,temp,MAY,0.193190040416308,TRUE,0.00654696938489419,0.361255039007722
29,temp,JUN,-0.0309206004621841,FALSE,-0.187243183060637,0.129021001314362
30,temp,JUL,-0.0586106289575261,FALSE,-0.226546063385223,0.121404503103282
31,temp,AUG,-0.0784242029431632,FALSE,-0.235166916447512,0.0836074366878536
32,temp,SEP,-0.0061887622436979,FALSE,-0.207504071927819,0.194043362606589
