id,varname,month,coef,significant,ci_lower,ci_upper
1,prec,jun,0.0113250704918722,FALSE,-0.149611903225204,0.175298240696163
2,prec,jul,-0.0790372511104106,FALSE,-0.244852366646599,0.094645575383961
3,prec,aug,0.125508375252262,FALSE,-0.0910125589355328,0.283358677843595
4,prec,sep,0.0901973418445869,FALSE,-0.0773104047805828,0.25690152576222
5,prec,oct,0.076738412179628,FALSE,-0.0877179526456648,0.236197710715301
6,prec,nov,-0.0178775078600419,FALSE,-0.201502540449313,0.156659867542336
7,prec,dec,-0.218038735051489,TRUE,-0.384836656490391,-0.0602163928705213
8,prec,JAN,-0.130637557426057,FALSE,-0.270220202888306,0.0383626044258442
9,prec,FEB,-0.0941044396850606,FALSE,-0.238651206134793,0.0592138391109837
10,prec,MAR,-0.0634082203756104,FALSE,-0.242284793440146,0.115098957371721
11,prec,APR,0.0409225662133505,FALSE,-0.126629208488001,0.197877132505052
12,prec,MAY,-0.0309407965670784,FALSE,-0.197069322762809,0.128345095966944
13,prec,JUN,0.10378313106886,FALSE,-0.0625863121042666,0.273399743121105
14,prec,JUL,-0.0234371287516369,FALSE,-0.197171120514604,0.14905478212408
15,prec,AUG,0.054443449571629,FALSE,-0.0909665281554439,0.199403964060997
16,prec,SEP,0.108535940252215,FALSE,-0.0783111513924588,0.280911798404063
17,temp,jun,-0.0606087933856954,FALSE,-0.219798264904607,0.112340575888891
18,temp,jul,-0.0703594339062646,FALSE,-0.232778891083177,0.0928477247364171
19,temp,aug,-0.189657093674676,TRUE,-0.370634302284533,-0.0251624350872846
20,temp,sep,-0.0306603677634312,FALSE,-0.221788565650236,0.140720317818085
21,temp,oct,0.121244033773595,FALSE,-0.0250315094207275,0.267144792771965
22,temp,nov,0.0490469482869162,FALSE,-0.102483226295371,0.201212386928168
23,temp,dec,0.069694036401422,FALSE,-0.0875021173225855,0.224315413256311
24,temp,JAN,-0.0461097942486575,FALSE,-0.258521733588293,0.143757327317483
25,temp,FEB,-0.00546081795412665,FALSE,-0.162182833255145,0.145201867891753
26,temp,MAR,0.0571415517934433,FALSE,-0.124842838120212,0.224344072731584
27,temp,APR,0.0951792407100244,FALSE,-0.0809454436819337,0.265342422636856
28,temp,MAY,0.0893320082506121,FALSE,-0.0613648762946052,0.244728252483936
29,temp,JUN,0.0435005489878896,FALSE,-0.130789892760005,0.232384497016142
30,temp,JUL,-0.0283568476562523,FALSE,-0.201093509916004,0.140631252563603
31,temp,AUG,0.0562852639826099,FALSE,-0.0893651381062923,0.22539766986692
32,temp,SEP,0.0885037365538282,FALSE,-0.067505526077735,0.281999872968294
