id,varname,month,coef,significant,ci_lower,ci_upper
1,prec,jun,0.0535001780631126,FALSE,-0.150948785692173,0.243355327031318
2,prec,jul,0.00269386834099839,FALSE,-0.163691758045575,0.183016685417014
3,prec,aug,0.0714634843203701,FALSE,-0.0901461364885038,0.213163513079915
4,prec,sep,0.140210993540512,FALSE,-0.0493333305644974,0.310070881245866
5,prec,oct,-0.0274958222955045,FALSE,-0.201016467343085,0.147282230840653
6,prec,nov,-0.133217280400603,FALSE,-0.308485087824361,0.053280408026269
7,prec,dec,-0.219501406214954,TRUE,-0.418103115159009,-0.00249135994236406
8,prec,JAN,-0.215584294182417,TRUE,-0.386872361262532,-0.0378993299647793
9,prec,FEB,-0.0794692303309021,FALSE,-0.285024104493362,0.0990242996931839
10,prec,MAR,-0.169482520484932,TRUE,-0.328680818417752,-0.013840270084176
11,prec,APR,-0.0814272567504946,FALSE,-0.236594313699187,0.085158778996733
12,prec,MAY,-0.0756473173844879,FALSE,-0.250445622107818,0.0988453520384319
13,prec,JUN,0.0237481883138882,FALSE,-0.176392396598632,0.221292087421331
14,prec,JUL,0.0136134369150185,FALSE,-0.150134906843455,0.211546363458699
15,prec,AUG,-0.00893904086475105,FALSE,-0.200909456944603,0.168193753052747
16,prec,SEP,0.0522003495395191,FALSE,-0.111335670179503,0.220535982569327
17,temp,jun,0.0233129596460527,FALSE,-0.169292299978522,0.200982262921854
18,temp,jul,-0.107530973733902,FALSE,-0.275701615261106,0.0717015850806024
19,temp,aug,-0.181646712935773,FALSE,-0.378798952135222,0.0165391086310558
20,temp,sep,-0.0675997250422018,FALSE,-0.226492900407666,0.10737668592477
21,temp,oct,0.122828778591443,FALSE,-0.0516069901934965,0.296360550499968
22,temp,nov,0.149041305885272,FALSE,-0.00403436494967827,0.305024968770553
23,temp,dec,-0.0491659377409081,FALSE,-0.259719256240036,0.148391977024664
24,temp,JAN,-0.0424794606070798,FALSE,-0.226195490651757,0.112642820390601
25,temp,FEB,0.0186577483268744,FALSE,-0.15010134907954,0.211017843551233
26,temp,MAR,0.0852234069710018,FALSE,-0.104572376223273,0.275866602344279
27,temp,APR,0.0788714417351179,FALSE,-0.104871738134017,0.253264555745714
28,temp,MAY,0.152126961013194,FALSE,-0.0215616513884998,0.298096837646033
29,temp,JUN,0.00356356151648403,FALSE,-0.177219457058486,0.192859806420802
30,temp,JUL,0.0968702581175957,FALSE,-0.0676660744280575,0.264760007393813
31,temp,AUG,0.00917587460365371,FALSE,-0.180186676429377,0.192150314928317
32,temp,SEP,0.041704346212354,FALSE,-0.117705660952283,0.195205385119211
