id,varname,month,coef,significant,ci_lower,ci_upper
1,prec,jun,0.101596608562937,FALSE,-0.054090646858555,0.243854056600094
2,prec,jul,0.0343509302525767,FALSE,-0.125390224664877,0.214776800557833
3,prec,aug,0.0975621425856164,FALSE,-0.0570301245291517,0.270798646265557
4,prec,sep,0.0737357190029585,FALSE,-0.100792557442305,0.274134879822916
5,prec,oct,-0.0274159642900929,FALSE,-0.188693916264173,0.122321879975632
6,prec,nov,-0.0118138365834808,FALSE,-0.157362990659188,0.110481236508467
7,prec,dec,-0.00394835477755549,FALSE,-0.15188869415105,0.150176789584567
8,prec,JAN,-0.0108024243744589,FALSE,-0.138791192726641,0.11114057818703
9,prec,FEB,0.0327414415521666,FALSE,-0.0958558284563578,0.148950540544623
10,prec,MAR,-0.00680302056924396,FALSE,-0.15721867293088,0.133598027379222
11,prec,APR,0.00790982079155669,FALSE,-0.145384888385911,0.154677461187199
12,prec,MAY,0.028681110680035,FALSE,-0.156238677456157,0.210290134435861
13,prec,JUN,0.0129445062107938,FALSE,-0.150161754365116,0.167223934921702
14,prec,JUL,0.0425545463136248,FALSE,-0.158612020497573,0.249379591982231
15,prec,AUG,0.1088916830634,FALSE,-0.0790936198555391,0.275132878901031
16,prec,SEP,0.0755969661915738,FALSE,-0.0681983390827443,0.218282765241142
17,temp,jun,0.0190103285584239,FALSE,-0.156554381416007,0.173225201145598
18,temp,jul,-0.140793968770481,FALSE,-0.321463837639868,0.0338052659686379
19,temp,aug,-0.0193935613640696,FALSE,-0.167554999020597,0.134044669209756
20,temp,sep,0.0810868479026177,FALSE,-0.0558805498134061,0.213915558832641
21,temp,oct,-0.054283265163172,FALSE,-0.253093294991961,0.177900339850713
22,temp,nov,-0.0880932985521486,FALSE,-0.227822325236085,0.0653133914603202
23,temp,dec,0.0127395424087628,FALSE,-0.126519716712547,0.161456926704712
24,temp,JAN,0.0735790138906857,FALSE,-0.0807335777633403,0.22981628553144
25,temp,FEB,0.00159684317416952,FALSE,-0.152679076743066,0.14684252059729
26,temp,MAR,0.0195988453547258,FALSE,-0.144054570790677,0.169571599096536
27,temp,APR,0.0233864754239618,FALSE,-0.15548691480528,0.174678808583542
28,temp,MAY,0.00664884279507125,FALSE,-0.137622730651761,0.11969066468451
29,temp,JUN,0.272324780277497,TRUE,0.0991074102492004,0.456772373821717
30,temp,JUL,0.385600126916749,TRUE,0.189267709485393,0.554687846387165
31,temp,AUG,0.129006413773769,FALSE,-0.0252152654271726,0.290727978009246
32,temp,SEP,0.0336602104526441,FALSE,-0.102794895154317,0.176400476607086
