id,varname,month,coef,significant,ci_lower,ci_upper
1,prec,jun,-0.116842793819783,FALSE,-0.271361734095906,0.0489121707828079
2,prec,jul,-0.0596803860273618,FALSE,-0.203124077541439,0.088101737293388
3,prec,aug,-0.0398049272702028,FALSE,-0.19623346484691,0.130722116486772
4,prec,sep,-0.0423148640831186,FALSE,-0.202714852069736,0.130242979333389
5,prec,oct,-0.067007317931894,FALSE,-0.24673249021876,0.10963965248628
6,prec,nov,-0.227819092933159,TRUE,-0.385882539476052,-0.0608430306363636
7,prec,dec,-0.163945717306118,FALSE,-0.319022116404342,0.00210634918667507
8,prec,JAN,-0.179686303930615,TRUE,-0.309121894926902,-0.0375133966942776
9,prec,FEB,-0.0860491486507353,FALSE,-0.23860378380253,0.0778600764610839
10,prec,MAR,-0.143680559118079,FALSE,-0.302319964058218,0.0520559229638856
11,prec,APR,0.00449454197353571,FALSE,-0.147856659776455,0.167580907731389
12,prec,MAY,0.0737432204189083,FALSE,-0.0852420370665935,0.241081019797797
13,prec,JUN,-0.0965384356736606,FALSE,-0.243204300951173,0.0520502349158353
14,prec,JUL,-0.0896775009278251,FALSE,-0.254543858085305,0.0903338271614878
15,prec,AUG,-0.0505027654762344,FALSE,-0.221605151339145,0.153848725813511
16,prec,SEP,-0.0312600625726518,FALSE,-0.18257146889692,0.130045816145545
17,temp,jun,-0.0666521783202398,FALSE,-0.227249279277672,0.106004821974738
18,temp,jul,-0.0203435887585614,FALSE,-0.181720739097459,0.139035093229011
19,temp,aug,-0.0637177694017038,FALSE,-0.240448319360749,0.124304765302636
20,temp,sep,0.116380338172497,FALSE,-0.0354616411265684,0.285251341369073
21,temp,oct,0.022685838746608,FALSE,-0.157945074425464,0.184253760838984
22,temp,nov,0.061728445181381,FALSE,-0.0803591288404981,0.212568452109217
23,temp,dec,0.0485731533050594,FALSE,-0.0899497415361461,0.195661898480071
24,temp,JAN,0.1340233136857,FALSE,-0.0279224814897101,0.26842559439819
25,temp,FEB,0.0616609825067984,FALSE,-0.0743749867585175,0.184414668467318
26,temp,MAR,-0.0507291030916134,FALSE,-0.178870999012946,0.106814377541808
27,temp,APR,-0.0289482252733755,FALSE,-0.174438799161686,0.111465836025309
28,temp,MAY,-0.0617834827645064,FALSE,-0.222459654616473,0.108526703893855
29,temp,JUN,-0.122284935600548,FALSE,-0.292002572213965,0.0364347619788904
30,temp,JUL,0.0781107530345586,FALSE,-0.0807272902957367,0.244946402920047
31,temp,AUG,0.0446159403313824,FALSE,-0.117007947879234,0.191159436742598
32,temp,SEP,0.0370352802520163,FALSE,-0.158769227171945,0.214419646827365
