id,varname,month,coef,significant,ci_lower,ci_upper
1,prec,jun,0.115729801539611,FALSE,-0.0850635746620209,0.291380669439371
2,prec,jul,0.199910676227316,TRUE,0.0157490782526287,0.366055365289749
3,prec,aug,0.123947719556122,FALSE,-0.0668188123615847,0.339686908316981
4,prec,sep,0.12045208475383,FALSE,-0.0520690643278258,0.298723708080294
5,prec,oct,-0.0287768359972366,FALSE,-0.198423989290937,0.133770722148695
6,prec,nov,0.0359265889953406,FALSE,-0.132182554472498,0.20192015403475
7,prec,dec,0.133281010626874,FALSE,-0.00686698079905157,0.276252118472984
8,prec,JAN,-0.118244713096201,FALSE,-0.270833209944489,0.0174136193171415
9,prec,FEB,0.0415336208657519,FALSE,-0.119464640033598,0.187480443069046
10,prec,MAR,-0.0592390456257303,FALSE,-0.186299791730272,0.0923023155913126
11,prec,APR,0.111775718381365,FALSE,-0.0495142723289895,0.272352946202961
12,prec,MAY,-0.0653299641888036,FALSE,-0.240672184291141,0.0771202425984695
13,prec,JUN,0.132183410663371,FALSE,-0.0661818499825909,0.330999441194114
14,prec,JUL,0.0451305620615045,FALSE,-0.120992358971942,0.191686794126346
15,prec,AUG,-0.0643547170412601,FALSE,-0.230718433414151,0.0973653266273396
16,prec,SEP,-0.0156771240179187,FALSE,-0.176579166204702,0.1577612974445
17,temp,jun,-0.0185056777105332,FALSE,-0.171579615820676,0.13483382351477
18,temp,jul,-0.226234608327281,TRUE,-0.395244524309488,-0.0630027853741007
19,temp,aug,-0.0864429484177344,FALSE,-0.223712522897431,0.0317365438090027
20,temp,sep,0.0868053631365659,FALSE,-0.0762363254816092,0.244947675229644
21,temp,oct,-0.078192008900134,FALSE,-0.262061909944484,0.106193496484438
22,temp,nov,-0.0542669286894538,FALSE,-0.215682787484805,0.0999954895077009
23,temp,dec,0.058418286284561,FALSE,-0.0632906210914278,0.177717886924984
24,temp,JAN,-0.0196618430049073,FALSE,-0.17424116902729,0.125888785363582
25,temp,FEB,0.0130642724454293,FALSE,-0.142059401838679,0.167310660412491
26,temp,MAR,-0.0596137133069575,FALSE,-0.228434779454737,0.101572883840191
27,temp,APR,-0.102184067022372,FALSE,-0.297837861850898,0.0806452440480844
28,temp,MAY,0.0915140462378405,FALSE,-0.0826398014997291,0.254622276042558
29,temp,JUN,0.118141388559355,FALSE,-0.033435302694448,0.28342435325866
30,temp,JUL,-0.145193003773339,FALSE,-0.319566768983649,0.0254797317958397
31,temp,AUG,0.0815105104140339,FALSE,-0.0863508980393291,0.243854828153224
32,temp,SEP,-0.0438125096918331,FALSE,-0.199107479849922,0.116499467202859
