id,varname,month,coef,significant,ci_lower,ci_upper
1,prec,jun,-0.14702968013355,FALSE,-0.338385904094263,0.0409351088992548
2,prec,jul,-0.0481245824188185,FALSE,-0.278500417972606,0.148836955166489
3,prec,aug,-0.0450130744714549,FALSE,-0.236144460150185,0.129456437130472
4,prec,sep,-0.193291530731837,TRUE,-0.378985057741489,-0.00566096269703883
5,prec,oct,0.0391393586079687,FALSE,-0.176791692889524,0.240979602181589
6,prec,nov,0.128911053125377,FALSE,-0.138688817079355,0.347828636849227
7,prec,dec,0.00933641621131497,FALSE,-0.181741300466789,0.195929881189514
8,prec,JAN,-0.0333542149373932,FALSE,-0.235687035855401,0.173506079760123
9,prec,FEB,-0.132780040872515,FALSE,-0.338758917769006,0.0531082835368305
10,prec,MAR,0.0999705656945686,FALSE,-0.091050379149271,0.304392433305886
11,prec,APR,-0.00854629673463961,FALSE,-0.208813464049169,0.203031733445761
12,prec,MAY,-0.0729142879814862,FALSE,-0.264157069436448,0.0988643353426587
13,prec,JUN,-0.117970564434645,FALSE,-0.296371098088747,0.102057250483443
14,prec,JUL,-0.0134907508154069,FALSE,-0.217446019771644,0.18014772111264
15,prec,AUG,-0.0339252035648495,FALSE,-0.221510457379398,0.138768245913991
16,prec,SEP,-0.0666817844535792,FALSE,-0.293842091183691,0.0975643922440742
17,temp,jun,0.182160845852074,FALSE,-0.0606366355739228,0.395808086795977
18,temp,jul,0.016524540055499,FALSE,-0.168421485589819,0.212869589438874
19,temp,aug,0.0571636474178227,FALSE,-0.0910327693943546,0.234320560055118
20,temp,sep,0.0133384522223096,FALSE,-0.172930672181724,0.224328354750874
21,temp,oct,0.214423486443567,FALSE,-0.00502336462101151,0.394843371116342
22,temp,nov,-0.0446380876979064,FALSE,-0.267499162362296,0.19852081224364
23,temp,dec,0.0760368899090651,FALSE,-0.165387828183509,0.27626661308661
24,temp,JAN,-0.0475541717599825,FALSE,-0.237647384895209,0.154207544649273
25,temp,FEB,0.298859630176676,TRUE,0.0941242879731498,0.499462762354349
26,temp,MAR,-0.152883242256435,FALSE,-0.333562888742182,0.0428240625574419
27,temp,APR,-0.155429693026934,FALSE,-0.353244512816193,0.0532496726050674
28,temp,MAY,0.043081536955788,FALSE,-0.186710178437823,0.236920783318051
29,temp,JUN,0.233728891245461,TRUE,0.0545557153753476,0.425753577918928
30,temp,JUL,-0.040817170772926,FALSE,-0.250987970684986,0.171680274635952
31,temp,AUG,0.178525296489934,FALSE,-0.0474072183754734,0.384240879032036
32,temp,SEP,0.0500061295265131,FALSE,-0.2120076219941,0.250134173428981
