id,varname,month,coef,significant,ci_lower,ci_upper
1,prec,jun,-0.0841719815233928,FALSE,-0.245205279904351,0.0820629129699892
2,prec,jul,0.0260234366510151,FALSE,-0.101989373336708,0.172688413477458
3,prec,aug,0.0560438036652462,FALSE,-0.0825298922750183,0.187196183710983
4,prec,sep,-0.14132729925124,FALSE,-0.2724047760943,0.00188324623729561
5,prec,oct,-0.042684151443814,FALSE,-0.211629085523307,0.116551437952768
6,prec,nov,-0.0451263821324162,FALSE,-0.189235017938235,0.110358834254137
7,prec,dec,-0.0707890854549768,FALSE,-0.185895822835035,0.0705859293726755
8,prec,JAN,-0.006564776805357,FALSE,-0.128105182117658,0.131587960897317
9,prec,FEB,-0.0149948021257942,FALSE,-0.142832195546094,0.103774227905891
10,prec,MAR,-0.0872088938892122,FALSE,-0.213624591345942,0.0746961948139912
11,prec,APR,-0.0824358731389599,FALSE,-0.228556381726314,0.075094438770317
12,prec,MAY,-0.0142467294517293,FALSE,-0.14877094707948,0.12086252134352
13,prec,JUN,0.0573188372016535,FALSE,-0.0795491676250669,0.199517662562086
14,prec,JUL,-0.0717086911157177,FALSE,-0.202715037298286,0.0766502851300276
15,prec,AUG,0.17224070621397,TRUE,0.0326926609083814,0.312933176076266
16,prec,SEP,-0.077097287827609,FALSE,-0.225157874501817,0.0678287789711396
17,temp,jun,0.140261559706741,FALSE,-0.00668890749725466,0.294144824989349
18,temp,jul,-0.06303710892117,FALSE,-0.213226365686374,0.0964547680797097
19,temp,aug,0.0117627198704544,FALSE,-0.154301977798791,0.187785868079406
20,temp,sep,0.142855564583782,TRUE,0.00902341048487358,0.272682620148064
21,temp,oct,0.136968144243063,FALSE,-0.000642114408566093,0.287835239123258
22,temp,nov,-0.0730061810762753,FALSE,-0.220698247326219,0.0699427079345686
23,temp,dec,-0.0667682017347549,FALSE,-0.228762236922337,0.114451666757327
24,temp,JAN,0.0435784078708034,FALSE,-0.168021855429986,0.217160928224081
25,temp,FEB,-0.113420697132725,FALSE,-0.309953012808465,0.0653349594311036
26,temp,MAR,-0.154960995734734,FALSE,-0.335062705985578,0.0582869041680883
27,temp,APR,-0.0835940132219125,FALSE,-0.240912314337341,0.0733507873347905
28,temp,MAY,-0.021129431496727,FALSE,-0.187858812304375,0.132284433889722
29,temp,JUN,0.145078572022275,FALSE,-0.01255354573228,0.317575350045338
30,temp,JUL,0.101211981226672,FALSE,-0.0273966945171749,0.241117811555692
31,temp,AUG,-0.131912773311753,FALSE,-0.305753954194856,0.0369477767788576
32,temp,SEP,-0.0610064187333829,FALSE,-0.195961970160151,0.0930321211132941
