id,varname,month,coef,significant,ci_lower,ci_upper
1,prec,jun,-0.0735416725075716,FALSE,-0.273651379720793,0.118973621293856
2,prec,jul,-0.13369852660632,FALSE,-0.309227464126201,0.08548184253515
3,prec,aug,0.102820276118904,FALSE,-0.127089269933335,0.283061460769228
4,prec,sep,-0.047922945774781,FALSE,-0.206451271032055,0.0955782630190075
5,prec,oct,-0.040741400266857,FALSE,-0.241937678127534,0.144353374200394
6,prec,nov,0.0795617299405223,FALSE,-0.123041342073701,0.262811907594386
7,prec,dec,-0.039237218989651,FALSE,-0.21495648052855,0.131548063702195
8,prec,JAN,0.0218256988215521,FALSE,-0.154688951894858,0.194418817880145
9,prec,FEB,0.0464863532536736,FALSE,-0.112836298575048,0.190084648671242
10,prec,MAR,0.0233239504515238,FALSE,-0.16080060411066,0.191496206752195
11,prec,APR,0.0998084546513763,FALSE,-0.110609430975008,0.305958574102284
12,prec,MAY,-0.0210553531278595,FALSE,-0.211035249994061,0.189941784926791
13,prec,JUN,-0.253188154328066,TRUE,-0.421705381670325,-0.093541859068938
14,prec,JUL,-0.0452047986442883,FALSE,-0.251711866855462,0.181155595596584
15,prec,AUG,0.0398260779206478,FALSE,-0.132239188700179,0.206283467166745
16,prec,SEP,0.0332375695013966,FALSE,-0.187846485308293,0.207835954236382
17,temp,jun,-0.166308468368318,FALSE,-0.339999281958473,0.0123786334033301
18,temp,jul,0.0112919657185364,FALSE,-0.161766490330889,0.189862549264468
19,temp,aug,-0.0744936359086116,FALSE,-0.224955368506597,0.122165964316362
20,temp,sep,0.0351609869429393,FALSE,-0.126643990876889,0.173300683013954
21,temp,oct,0.0486372187142249,FALSE,-0.123245050677054,0.275240688436934
22,temp,nov,-0.119578593154631,FALSE,-0.313943156236314,0.0596090087973629
23,temp,dec,-0.00173522430961346,FALSE,-0.162374525963002,0.167361598316372
24,temp,JAN,-0.0775289584275939,FALSE,-0.230356901619296,0.112577443952135
25,temp,FEB,-0.0205778918113364,FALSE,-0.20075699255118,0.144404550832366
26,temp,MAR,-0.0479743699775969,FALSE,-0.224271845567197,0.128766967957207
27,temp,APR,-0.105691764945908,FALSE,-0.2770712443352,0.0781122449923382
28,temp,MAY,0.192418004038174,TRUE,0.00440844511257598,0.374746715938982
29,temp,JUN,0.212353028534759,TRUE,0.0193911394737287,0.37901516689213
30,temp,JUL,-0.0260573845125001,FALSE,-0.20951504067143,0.159769895566395
31,temp,AUG,0.153962258704654,FALSE,-0.00717756011382509,0.318940768931253
32,temp,SEP,0.0450436496877974,FALSE,-0.149218056918177,0.243548858806314
