id,varname,month,coef,significant,ci_lower,ci_upper
1,prec,jun,0.082422353430851,FALSE,-0.059056133536305,0.22993659238267
2,prec,jul,0.0778998514175782,FALSE,-0.0699815363264682,0.219566053875282
3,prec,aug,-0.0766981224821272,FALSE,-0.203712695239202,0.0448922873795737
4,prec,sep,0.1604691797104,TRUE,0.0104213963511194,0.292023947098587
5,prec,oct,0.123464765285531,FALSE,-0.00381443594958532,0.239265688263776
6,prec,nov,0.0634048640156971,FALSE,-0.0969093148423479,0.204143691495766
7,prec,dec,0.160053390057778,TRUE,0.0360576659071007,0.3037710954812
8,prec,JAN,0.0254670404419829,FALSE,-0.095470793153886,0.166282309205478
9,prec,FEB,0.0828493981746383,FALSE,-0.0893402999672655,0.236011676437895
10,prec,MAR,-0.0451619314249393,FALSE,-0.201916679596834,0.106342547757804
11,prec,APR,0.0699244332749359,FALSE,-0.0947215209589197,0.232917880280367
12,prec,MAY,0.0564496885539767,FALSE,-0.131018566990047,0.24168618246698
13,prec,JUN,0.191096404569612,TRUE,0.0453632645037998,0.342088050626056
14,prec,JUL,0.0934748246823524,FALSE,-0.0336508790836361,0.231855041053804
15,prec,AUG,-0.0736271693941396,FALSE,-0.203878589478805,0.0733583659634825
16,prec,SEP,-0.0355467243881649,FALSE,-0.178828539087963,0.112682506012328
17,temp,jun,0.00543681456892015,FALSE,-0.121291454592702,0.135317684165247
18,temp,jul,-0.0865623073753954,FALSE,-0.217141086837396,0.0426591582132912
19,temp,aug,0.00109454119402819,FALSE,-0.153726520533715,0.140649369895994
20,temp,sep,-0.0148949459584615,FALSE,-0.17975659355269,0.136805236775599
21,temp,oct,-0.249244780014482,TRUE,-0.410632795930603,-0.067508062854962
22,temp,nov,-0.0090431830747065,FALSE,-0.158069410655402,0.132013994171671
23,temp,dec,-0.0851651951291422,FALSE,-0.22492564304226,0.0465369831145977
24,temp,JAN,-0.0538470886362197,FALSE,-0.194669056783774,0.0830484401362785
25,temp,FEB,0.116736259384122,FALSE,-0.0193939439409592,0.270621895512626
26,temp,MAR,-0.055789195602983,FALSE,-0.193285129123668,0.0808027602724193
27,temp,APR,0.044082868528041,FALSE,-0.125115075919554,0.210112730852607
28,temp,MAY,-0.152522382535117,TRUE,-0.300665610855572,-0.0120307367976989
29,temp,JUN,-0.0586641886123561,FALSE,-0.217398720712433,0.0912369168713102
30,temp,JUL,-0.155358496847534,FALSE,-0.290656881130174,0.00388997661553638
31,temp,AUG,-0.00343829266802037,FALSE,-0.148900616581319,0.139070177460114
32,temp,SEP,0.0193498131147426,FALSE,-0.104949280452726,0.157919375548529
