id,varname,month,coef,significant,ci_lower,ci_upper
1,prec,jun,0.0223485583700557,FALSE,-0.140946585826653,0.205030730172481
2,prec,jul,-0.016528441427884,FALSE,-0.224926724570596,0.184847217840658
3,prec,aug,0.123703155246766,FALSE,-0.0886659192945262,0.365194498165825
4,prec,sep,-0.0101206246520199,FALSE,-0.206379972455514,0.152627295527045
5,prec,oct,0.0434167824869212,FALSE,-0.171398286460426,0.264378412943831
6,prec,nov,0.0878842441131826,FALSE,-0.107344056380631,0.265242721319902
7,prec,dec,0.0610004831499886,FALSE,-0.126550078111001,0.283907494451935
8,prec,JAN,0.067593853323399,FALSE,-0.155051040674172,0.293076476524859
9,prec,FEB,-0.0161880659040896,FALSE,-0.241092455783331,0.199366689907561
10,prec,MAR,-0.0192078339078691,FALSE,-0.201813820121995,0.161854272885472
11,prec,APR,0.00684987611300071,FALSE,-0.214675525780157,0.222032066587438
12,prec,MAY,0.23857736277105,FALSE,-0.000759161064628948,0.465654268546105
13,prec,JUN,-0.021873655981339,FALSE,-0.208050804864632,0.182253184657327
14,prec,JUL,0.0105579208852276,FALSE,-0.191450722755782,0.212963076177546
15,prec,AUG,0.156868304118442,FALSE,-0.0404486434435782,0.378029707653185
16,prec,SEP,-0.00413168040276843,FALSE,-0.224186936688776,0.166808768207868
17,temp,jun,-0.0167987367866193,FALSE,-0.210001029250036,0.162763110525572
18,temp,jul,-0.0666537359387285,FALSE,-0.265769450837666,0.115404529345197
19,temp,aug,-0.00489142736145569,FALSE,-0.191511042089066,0.18282590484484
20,temp,sep,0.00657137213003683,FALSE,-0.176722640069099,0.177519367998378
21,temp,oct,-0.0215231091583092,FALSE,-0.257412623219982,0.19194753723304
22,temp,nov,-0.0684847192071915,FALSE,-0.243358725090123,0.15448021310983
23,temp,dec,0.132353668005288,FALSE,-0.0564866579714764,0.336367503865635
24,temp,JAN,0.0141898533408222,FALSE,-0.162913399701165,0.189866070515098
25,temp,FEB,-0.028393539958291,FALSE,-0.233894004924411,0.151818790888973
26,temp,MAR,-0.0115148221321992,FALSE,-0.229094146273257,0.195885824715674
27,temp,APR,-0.030569272734406,FALSE,-0.244526402706328,0.234232799745839
28,temp,MAY,-0.134120084684896,FALSE,-0.317526365143568,0.067360581965144
29,temp,JUN,-0.0445284330219857,FALSE,-0.210482433540815,0.129193642621561
30,temp,JUL,0.0120765207771722,FALSE,-0.191619052427126,0.20795652279137
31,temp,AUG,0.106868297650362,FALSE,-0.119098663734759,0.365526197215644
32,temp,SEP,-0.0713682631617149,FALSE,-0.27051384774749,0.107543729328454
