id,varname,month,coef,significant,ci_lower,ci_upper
1,prec,jun,0.0507442476503819,FALSE,-0.0961598092479865,0.209009367711667
2,prec,jul,0.00566866799762839,FALSE,-0.180456337171166,0.176695886754671
3,prec,aug,0.118117742842228,FALSE,-0.0604602391659426,0.291623882626638
4,prec,sep,-0.140282517408133,FALSE,-0.31874846834762,0.020542360011047
5,prec,oct,0.148877254670087,FALSE,-0.0624473487043537,0.360021214759471
6,prec,nov,0.157045525803431,FALSE,-0.0160407156410538,0.322627831772896
7,prec,dec,0.0635152625275247,FALSE,-0.108790863848515,0.238976804197771
8,prec,JAN,0.0744166684905235,FALSE,-0.121986035589739,0.271777424966255
9,prec,FEB,0.0647933545053656,FALSE,-0.161362211876315,0.250814433948082
10,prec,MAR,0.0225306041431197,FALSE,-0.122743969215212,0.175081306444433
11,prec,APR,-0.029094081807143,FALSE,-0.227813762090294,0.166596040068273
12,prec,MAY,0.221442353034651,TRUE,0.017056935551949,0.4486548245938
13,prec,JUN,-0.0486068480040733,FALSE,-0.236366955678156,0.153562059586827
14,prec,JUL,0.0436421301915414,FALSE,-0.116158983406196,0.189043513928456
15,prec,AUG,0.148194986533272,FALSE,-0.0292745168084997,0.328035742237809
16,prec,SEP,-0.0302400713027053,FALSE,-0.224498387155472,0.150501414241188
17,temp,jun,0.0602690246350488,FALSE,-0.130395579469166,0.237507846803327
18,temp,jul,-0.128192614173496,FALSE,-0.311011929356185,0.0618767506646057
19,temp,aug,-0.136838630698836,FALSE,-0.30869410691549,0.0440421954642171
20,temp,sep,0.0734804315044553,FALSE,-0.12025787469584,0.256990742109369
21,temp,oct,-0.10397904871023,FALSE,-0.278897808703628,0.0622312248076428
22,temp,nov,-0.00337053229316971,FALSE,-0.177733874504273,0.183242959078988
23,temp,dec,-0.00769158557388797,FALSE,-0.179238513331559,0.187147083268497
24,temp,JAN,-0.0509127940191254,FALSE,-0.224000181406444,0.125007168048022
25,temp,FEB,-0.00764087310049535,FALSE,-0.194392749401553,0.167993783632016
26,temp,MAR,0.01758295737675,FALSE,-0.160471346060279,0.189555103098942
27,temp,APR,0.0273258783023795,FALSE,-0.159998222282894,0.204328984564487
28,temp,MAY,-0.151479210971301,FALSE,-0.321545820319001,0.0743568413489885
29,temp,JUN,0.0182504506337189,FALSE,-0.128017863028434,0.164914589355947
30,temp,JUL,0.0262906263011874,FALSE,-0.150583221134663,0.193338699314416
31,temp,AUG,0.0181902060366132,FALSE,-0.149594838165427,0.199789945092818
32,temp,SEP,0.0431847955442506,FALSE,-0.153692812635719,0.233618962453999
