id,varname,month,coef,significant,ci_lower,ci_upper
1,prec,jun,0.0761188700968527,FALSE,-0.076204879918084,0.231232146801802
2,prec,jul,-0.0359730375390918,FALSE,-0.221379649048657,0.119020090998151
3,prec,aug,0.109130906922614,FALSE,-0.0856354373714337,0.299719984211439
4,prec,sep,-0.0299118906753699,FALSE,-0.212435601520702,0.134958480683979
5,prec,oct,0.0802228478731231,FALSE,-0.1188330686856,0.27817288318867
6,prec,nov,0.179530382526901,TRUE,0.0019006272484586,0.356539145069812
7,prec,dec,0.0760875710814802,FALSE,-0.0789673943771218,0.242978927429969
8,prec,JAN,0.0620336439954539,FALSE,-0.130556793896498,0.241315916637955
9,prec,FEB,0.0406653738260038,FALSE,-0.185823512032065,0.25761718984634
10,prec,MAR,-0.0118698407394357,FALSE,-0.155824792008361,0.134561641053271
11,prec,APR,0.169859573024654,FALSE,-0.0369269778284897,0.383996577855216
12,prec,MAY,0.163868451210776,FALSE,-0.0207809501723907,0.364683841651773
13,prec,JUN,0.0561745904409073,FALSE,-0.13154545626006,0.231045606544637
14,prec,JUL,-0.0242931025171607,FALSE,-0.192109836386376,0.129907625699484
15,prec,AUG,0.125613270863776,FALSE,-0.03983764557742,0.343363682326769
16,prec,SEP,-0.0171862536528906,FALSE,-0.198708106845237,0.171559337476317
17,temp,jun,0.160394610508779,FALSE,-0.0418204682490435,0.349354931052309
18,temp,jul,-0.0891533759717315,FALSE,-0.28033553578213,0.11800331894775
19,temp,aug,-0.118774232409496,FALSE,-0.310580334306631,0.0648935939794997
20,temp,sep,0.0345796260287625,FALSE,-0.178687762062806,0.253118910814136
21,temp,oct,-0.0560459735768993,FALSE,-0.22411331299495,0.135484750662748
22,temp,nov,0.02337408918154,FALSE,-0.166543237225685,0.188870438396582
23,temp,dec,-0.0720483846706593,FALSE,-0.279985253680569,0.103221160669859
24,temp,JAN,-0.101072123830071,FALSE,-0.280927904154952,0.0963086254928201
25,temp,FEB,0.0662450428461028,FALSE,-0.127401436103607,0.227944193599106
26,temp,MAR,-0.0165397133865766,FALSE,-0.23344315332842,0.178365420662584
27,temp,APR,-0.100166739543575,FALSE,-0.324596085934299,0.110502033661611
28,temp,MAY,-0.0592991646601845,FALSE,-0.239958508578598,0.13042244605168
29,temp,JUN,0.00712170782589017,FALSE,-0.150759456018024,0.19379418208321
30,temp,JUL,0.0378906222562182,FALSE,-0.135590852343611,0.226286394628419
31,temp,AUG,0.0057102731124494,FALSE,-0.192072676416978,0.232361443788836
32,temp,SEP,-0.0623917009900784,FALSE,-0.260860854946552,0.135080477241123
