id,varname,month,coef,significant,ci_lower,ci_upper
1,prec,jun,-0.0112868552152716,FALSE,-0.150670072242453,0.15566557036714
2,prec,jul,0.0890931903316536,FALSE,-0.082663741586273,0.261105737768369
3,prec,aug,0.133319801180077,FALSE,-0.0490085340029333,0.326067882013914
4,prec,sep,-0.00904498301301703,FALSE,-0.186999176885999,0.166318988482228
5,prec,oct,0.151545849626803,FALSE,-0.0265065129138069,0.323056947231918
6,prec,nov,0.153893015544163,FALSE,-0.0339798744028555,0.344248425957083
7,prec,dec,0.0225289227525128,FALSE,-0.151034790077074,0.201441956562225
8,prec,JAN,0.0134889974059822,FALSE,-0.209706703948903,0.234250162680568
9,prec,FEB,0.0209723238030248,FALSE,-0.165645678489917,0.182869629359168
10,prec,MAR,0.0190384397475978,FALSE,-0.130005147781583,0.164186466356877
11,prec,APR,0.0677870381898342,FALSE,-0.110205379334979,0.278946004642069
12,prec,MAY,0.25143440242469,TRUE,0.0449553873081593,0.440888847852567
13,prec,JUN,0.0653332732792251,FALSE,-0.110696711415369,0.231268249612769
14,prec,JUL,0.126607621690126,FALSE,-0.054537964719127,0.267449587583884
15,prec,AUG,-0.00230161281084703,FALSE,-0.172191208889189,0.182703714813865
16,prec,SEP,-0.0286703587557739,FALSE,-0.225016901834473,0.159750438173358
17,temp,jun,0.10327646043834,FALSE,-0.100147603407365,0.276732623813953
18,temp,jul,-0.154582821859052,TRUE,-0.305777411749088,-0.012440083701901
19,temp,aug,-0.0592892924058677,FALSE,-0.214591288655948,0.122945483819135
20,temp,sep,-0.0485411850101874,FALSE,-0.221882299585217,0.117310325099315
21,temp,oct,-0.0442169581650623,FALSE,-0.226190719539712,0.137931558876663
22,temp,nov,0.0434478567138357,FALSE,-0.123691546818656,0.234290938882765
23,temp,dec,-0.0633735060763136,FALSE,-0.239872921589325,0.128167034054822
24,temp,JAN,-0.027394485008103,FALSE,-0.207841661877816,0.134463273254377
25,temp,FEB,0.0342842789488754,FALSE,-0.129801819777425,0.187387200326867
26,temp,MAR,-0.00195002899092122,FALSE,-0.19162729716923,0.176299643872298
27,temp,APR,-0.059026583887014,FALSE,-0.24098468972195,0.130832564238467
28,temp,MAY,-0.0337021350455207,FALSE,-0.225502228121238,0.151075899401789
29,temp,JUN,-0.0369947226982662,FALSE,-0.179425904266482,0.117693397913365
30,temp,JUL,-0.0648749348397889,FALSE,-0.276991666253257,0.144658460149503
31,temp,AUG,0.0884658152030475,FALSE,-0.0875785561710733,0.285883218697461
32,temp,SEP,-0.121192922567102,FALSE,-0.303076306658542,0.0368431511559544
