id,varname,month,coef,significant,ci_lower,ci_upper
1,prec,jun,0.122770883337365,FALSE,-0.0253583557973284,0.256412458491231
2,prec,jul,-0.0910271878007694,FALSE,-0.306401752990335,0.0701273961250746
3,prec,aug,0.00219633268687579,FALSE,-0.124800566557072,0.134386773845783
4,prec,sep,-0.00437667515436353,FALSE,-0.159780759077181,0.149930647069214
5,prec,oct,0.0664724472064765,FALSE,-0.0605545695369391,0.178006194310406
6,prec,nov,0.0160266993896373,FALSE,-0.123561820636017,0.148644091504117
7,prec,dec,0.00541552595209027,FALSE,-0.108270447239079,0.125424712096474
8,prec,JAN,0.134027526323665,TRUE,0.0111575956356473,0.258939809872446
9,prec,FEB,0.121331566987663,FALSE,-0.00440829594529374,0.240233541969198
10,prec,MAR,-0.031668550916107,FALSE,-0.161737581742415,0.0917549369043209
11,prec,APR,0.024373705844125,FALSE,-0.105914542311249,0.158770951280244
12,prec,MAY,0.0812260255423261,FALSE,-0.0520365026715426,0.202256012781379
13,prec,JUN,0.1821831621889,TRUE,0.0580266024278354,0.304129712018148
14,prec,JUL,0.111994631653707,FALSE,-0.0565270443695418,0.253529863212415
15,prec,AUG,0.0167053050510137,FALSE,-0.130029163965802,0.177937950510964
16,prec,SEP,0.0329846559442818,FALSE,-0.108706427681809,0.168259872138506
17,temp,jun,-0.151825050639356,TRUE,-0.298393907393124,-0.00111073659792603
18,temp,jul,-0.0706746110057274,FALSE,-0.198855931227021,0.0548738384407984
19,temp,aug,-0.0734554334712199,FALSE,-0.202344508124843,0.0491708861675834
20,temp,sep,-0.0851430138916465,FALSE,-0.250718701386433,0.0733938929922095
21,temp,oct,0.0226983478246405,FALSE,-0.125463492242729,0.17986859641476
22,temp,nov,0.00141097609650453,FALSE,-0.125561535282518,0.158717512445385
23,temp,dec,0.0116367834820928,FALSE,-0.11309930747995,0.142579132149944
24,temp,JAN,0.0245039302352102,FALSE,-0.113060298870825,0.169880444606405
25,temp,FEB,-0.0182575262363795,FALSE,-0.170695203152306,0.121631810460843
26,temp,MAR,-0.00801363051978653,FALSE,-0.179485424794917,0.170159258883533
27,temp,APR,0.0447067680083863,FALSE,-0.0982935877947517,0.195090968914076
28,temp,MAY,-0.148298885015788,TRUE,-0.287146488859947,-0.0248350780715096
29,temp,JUN,-0.196351241076742,TRUE,-0.364527551410297,-0.0480140595391144
30,temp,JUL,-0.203115586691197,TRUE,-0.335545908645272,-0.0721543068647071
31,temp,AUG,0.0102445299202189,FALSE,-0.130681096451349,0.143749769013416
32,temp,SEP,0.104999884994162,FALSE,-0.0492255768159418,0.232192934378035
