id,varname,month,coef,significant,ci_lower,ci_upper
1,prec,jun,0.207060684182397,TRUE,0.0298437882266213,0.398240351303056
2,prec,jul,-0.0775659383268697,FALSE,-0.264626590745788,0.113175214372074
3,prec,aug,0.0591245921110603,FALSE,-0.127057023577429,0.216564153136315
4,prec,sep,0.215386170667332,TRUE,0.0272650965262401,0.406179226499728
5,prec,oct,-0.0427095782945648,FALSE,-0.251824789866204,0.177850926330916
6,prec,nov,0.190885307252212,FALSE,-0.00429725740873837,0.352150471298872
7,prec,dec,0.0833187581784256,FALSE,-0.0975793828604568,0.241963261209555
8,prec,JAN,0.0818388347171327,FALSE,-0.0936218241584376,0.234671651026978
9,prec,FEB,-0.0455880782918233,FALSE,-0.230459565937815,0.143022875891333
10,prec,MAR,-0.153717891101373,FALSE,-0.330210866529701,0.0320285565944342
11,prec,APR,0.0624671093743262,FALSE,-0.125380770392805,0.24494513031969
12,prec,MAY,0.140380037420702,FALSE,-0.0467905027473001,0.331620098700769
13,prec,JUN,0.0355167904383601,FALSE,-0.116469978924522,0.22498164415014
14,prec,JUL,-0.0492382543376394,FALSE,-0.201169969575787,0.111664789027561
15,prec,AUG,-0.116861700007685,FALSE,-0.300717298064586,0.0558050579210022
16,prec,SEP,0.174997842815265,FALSE,-0.000635162415609236,0.340414785049921
17,temp,jun,-0.0443902950648744,FALSE,-0.204591267030469,0.0948879364997424
18,temp,jul,-0.202716503387,TRUE,-0.343904405612896,-0.00263793218463468
19,temp,aug,-0.0786390196659858,FALSE,-0.272693448975914,0.0930254974691256
20,temp,sep,0.111386454380454,FALSE,-0.0793301031040367,0.288619258735084
21,temp,oct,0.0914019346464371,FALSE,-0.0796775906842652,0.263051019796918
22,temp,nov,-0.110640983506627,FALSE,-0.264516849445565,0.0610750313194333
23,temp,dec,-0.135844220693444,FALSE,-0.300726145781632,0.0710109417735649
24,temp,JAN,0.0830088360434021,FALSE,-0.0869863232631356,0.277944727866356
25,temp,FEB,-0.00288366381999044,FALSE,-0.209127420353823,0.195138242621261
26,temp,MAR,0.116014402155076,FALSE,-0.031381056538371,0.266462927451025
27,temp,APR,-0.0515626162876011,FALSE,-0.210811734220842,0.126609726123292
28,temp,MAY,0.0552752448968308,FALSE,-0.121523265049721,0.252570920808389
29,temp,JUN,0.11514785644283,FALSE,-0.0248713982406644,0.299476566881575
30,temp,JUL,-0.0325592933371715,FALSE,-0.208709952643246,0.110595392264635
31,temp,AUG,0.0566412776252857,FALSE,-0.1232259127333,0.216200394072412
32,temp,SEP,0.0221540595378764,FALSE,-0.152466631785326,0.214434211461414
