id,varname,month,coef,significant,ci_lower,ci_upper
1,prec,jun,-0.133140196787404,FALSE,-0.333375926225238,0.0544313288605449
2,prec,jul,0.053901556881569,FALSE,-0.119475312807473,0.233621451377066
3,prec,aug,0.12056159929113,FALSE,-0.0876856335953805,0.298779629842792
4,prec,sep,-0.198453798055378,FALSE,-0.404142054863857,0.0307385779253799
5,prec,oct,-0.133221958566436,FALSE,-0.320140561149588,0.0500781803374971
6,prec,nov,-0.152464379503888,FALSE,-0.353445343467597,0.058554812128873
7,prec,dec,0.0781740118412027,FALSE,-0.113960553993161,0.257823487922366
8,prec,JAN,-0.060348268915204,FALSE,-0.293283865704796,0.216030993403979
9,prec,FEB,0.0386888154674223,FALSE,-0.133313428219086,0.217684075353532
10,prec,MAR,-0.0133489926560652,FALSE,-0.204356060644885,0.19098950319821
11,prec,APR,-0.0776964653550942,FALSE,-0.266436874903401,0.104923871090999
12,prec,MAY,-0.0136886734489295,FALSE,-0.233106997244712,0.157652332967794
13,prec,JUN,-0.0824965724678095,FALSE,-0.270469283568779,0.0936516706640968
14,prec,JUL,0.280161022886799,TRUE,0.114374035863085,0.437133533925507
15,prec,AUG,0.0578910745218848,FALSE,-0.171053947116717,0.261534845018175
16,prec,SEP,-0.212483994547105,TRUE,-0.4072302946818,-0.0298255947659329
17,temp,jun,-0.0764287741354264,FALSE,-0.262893767094408,0.103958062694512
18,temp,jul,0.00588714762372773,FALSE,-0.196999810367311,0.192206389534216
19,temp,aug,0.0145862933890978,FALSE,-0.175001359177689,0.208105597429053
20,temp,sep,-0.238434011648395,TRUE,-0.399524123450344,-0.0543908377454377
21,temp,oct,-0.207635078652554,TRUE,-0.424621876743885,-0.0344068043082274
22,temp,nov,0.0787918975679949,FALSE,-0.13103627467517,0.319107869440239
23,temp,dec,-0.0823074512840226,FALSE,-0.302470729012532,0.117386649627313
24,temp,JAN,-0.0309145626923519,FALSE,-0.214951789038939,0.143205363966963
25,temp,FEB,0.108049857601354,FALSE,-0.0888951289297333,0.298781483078521
26,temp,MAR,-0.0534499363724441,FALSE,-0.233966952439908,0.150111379829162
27,temp,APR,-0.0235342269905762,FALSE,-0.211621727425468,0.172566219939486
28,temp,MAY,0.0326162756996614,FALSE,-0.155476311062676,0.216864435455988
29,temp,JUN,-0.0571768292824967,FALSE,-0.2311140947651,0.0824420730837207
30,temp,JUL,-0.0337365119981701,FALSE,-0.234106783325017,0.185022666385578
31,temp,AUG,0.0696829009018639,FALSE,-0.113949464124474,0.245022633333408
32,temp,SEP,0.0415969317207877,FALSE,-0.148441546762406,0.211003333688158
