id,varname,month,coef,significant,ci_lower,ci_upper
1,prec,jun,0.0826005923029265,FALSE,-0.124848014565139,0.308885018263943
2,prec,jul,-0.0595261779736793,FALSE,-0.267139137312797,0.129500326368673
3,prec,aug,0.0492045304234892,FALSE,-0.15316779714407,0.207956664000256
4,prec,sep,0.0852354945604749,FALSE,-0.11635110267899,0.264518084749022
5,prec,oct,0.0480031171750736,FALSE,-0.155901113077559,0.21681761498317
6,prec,nov,0.122366176611289,FALSE,-0.0793384858341721,0.356700656207646
7,prec,dec,0.0104963151327128,FALSE,-0.156196913162207,0.194316578997524
8,prec,JAN,0.0140035277783103,FALSE,-0.190147619192661,0.221685293603261
9,prec,FEB,-0.127137707489942,FALSE,-0.299065761611497,0.028648738667478
10,prec,MAR,0.123629229861794,FALSE,-0.0689722823369999,0.320621011014201
11,prec,APR,0.0305052360579747,FALSE,-0.248401741067842,0.260666096839813
12,prec,MAY,0.0616140693721783,FALSE,-0.128594790551107,0.233890569368614
13,prec,JUN,0.0721693305439813,FALSE,-0.120123337212674,0.286760849793407
14,prec,JUL,-0.0120330211960973,FALSE,-0.200007013434552,0.170459956086635
15,prec,AUG,0.0766509648995375,FALSE,-0.092448408681277,0.265801269712165
16,prec,SEP,0.0597657692159745,FALSE,-0.131832396623255,0.271398070132505
17,temp,jun,-0.117531289484844,FALSE,-0.280349173564657,0.0752544300159604
18,temp,jul,-0.13680826034277,FALSE,-0.302998900324751,0.0159636766867884
19,temp,aug,-0.1849358335138,FALSE,-0.391650558736909,8.0240089368501e-05
20,temp,sep,-0.20632471215854,TRUE,-0.419240131867986,-0.0255822388101715
21,temp,oct,0.0636775837179639,FALSE,-0.135865846487179,0.255271746414287
22,temp,nov,0.0337713937813277,FALSE,-0.19078560684028,0.240876156019688
23,temp,dec,-0.0276451952588059,FALSE,-0.261784328088314,0.20179268143029
24,temp,JAN,0.0252502511219969,FALSE,-0.17637782468237,0.244910753948273
25,temp,FEB,0.0287160946966601,FALSE,-0.155052323040425,0.22780244188523
26,temp,MAR,-0.0543817421087327,FALSE,-0.247823974689929,0.175384562181562
27,temp,APR,0.0768969866189028,FALSE,-0.111643735224381,0.274519368134324
28,temp,MAY,-0.0221015926707353,FALSE,-0.208291366698348,0.180741793211215
29,temp,JUN,-0.13120289876347,FALSE,-0.291596767733949,0.0514061493255819
30,temp,JUL,-0.0251843738342071,FALSE,-0.248185280799951,0.255809097623121
31,temp,AUG,-0.0383550968521602,FALSE,-0.207617446949041,0.126332673986328
32,temp,SEP,0.00496537068637863,FALSE,-0.200568950623315,0.182735756883721
