id,varname,month,coef,significant,ci_lower,ci_upper
1,prec,jun,0.113962087794531,FALSE,-0.0768750818312847,0.275442143539166
2,prec,jul,-0.0446023133195782,FALSE,-0.232927133251893,0.17112174494147
3,prec,aug,0.00268775165294447,FALSE,-0.179869553795662,0.161619610955029
4,prec,sep,-0.0642138786171857,FALSE,-0.246174866830514,0.0848158905126793
5,prec,oct,0.040703973929958,FALSE,-0.136215767113864,0.214015551097565
6,prec,nov,-0.146498863486096,FALSE,-0.32855301029061,0.0434197885911217
7,prec,dec,0.0538282503825964,FALSE,-0.165158725537759,0.26902259197931
8,prec,JAN,-0.207478048245107,TRUE,-0.39423884252136,-0.0062793364148312
9,prec,FEB,0.00487616536921129,FALSE,-0.216854442424636,0.212021620765933
10,prec,MAR,0.0151096327585375,FALSE,-0.182054324495806,0.196463331024753
11,prec,APR,-0.0314748557704631,FALSE,-0.207587797752674,0.182347421374991
12,prec,MAY,0.121764088094797,FALSE,-0.0746817894255653,0.32320870663827
13,prec,JUN,0.251224810172503,TRUE,0.0625737366239148,0.449266625334781
14,prec,JUL,0.173259055442311,FALSE,-0.00865991211028522,0.361186366854819
15,prec,AUG,-0.00241766060872922,FALSE,-0.176616888024813,0.174391788726459
16,prec,SEP,-0.0977459622130317,FALSE,-0.293120686294295,0.107298587742859
17,temp,jun,-0.0490223389972735,FALSE,-0.209020073113329,0.106937410775594
18,temp,jul,-0.0202780267527776,FALSE,-0.16961895449507,0.157462883510482
19,temp,aug,-0.0408799549973289,FALSE,-0.248833150945091,0.17502222903585
20,temp,sep,-0.193153750864245,FALSE,-0.390020697576462,0.000829816978008649
21,temp,oct,-0.0540607520425986,FALSE,-0.252457512210914,0.141914558215416
22,temp,nov,0.0532766765802068,FALSE,-0.109398293786715,0.252229235857998
23,temp,dec,0.150279249357609,FALSE,-0.0305256570861857,0.341186261798455
24,temp,JAN,0.102026924830345,FALSE,-0.129890750018102,0.343558473791166
25,temp,FEB,0.137820890180026,FALSE,-0.0585783390893572,0.305714652272484
26,temp,MAR,0.156886730938844,FALSE,-0.0269965466678625,0.357864965410381
27,temp,APR,-0.0316330987000619,FALSE,-0.244119893752324,0.182187840062212
28,temp,MAY,0.0553273602349132,FALSE,-0.142563464071225,0.246538066731281
29,temp,JUN,-0.0569442722780154,FALSE,-0.235348218755487,0.118525280723683
30,temp,JUL,-0.0103637499327106,FALSE,-0.185572608239174,0.178784402142496
31,temp,AUG,0.0132739043663595,FALSE,-0.17627115424408,0.209335496440375
32,temp,SEP,-0.0522957619666528,FALSE,-0.244657494981767,0.13512545920259
