id,varname,month,coef,significant,ci_lower,ci_upper
1,prec,jun,0.0364835005869679,FALSE,-0.124127927447113,0.21219299421532
2,prec,jul,0.0238763481882258,FALSE,-0.194864077943748,0.244262293013123
3,prec,aug,0.192469108272075,TRUE,0.0303145418039217,0.354222192102447
4,prec,sep,0.141969309120782,FALSE,-0.0255832766678097,0.292024666612721
5,prec,oct,0.141803206035067,FALSE,-0.0226137501658905,0.292913337370832
6,prec,nov,-0.113018751243793,FALSE,-0.274791679049317,0.0433121782155521
7,prec,dec,0.122944265316262,FALSE,-0.0591384097000063,0.29013492753023
8,prec,JAN,-0.0299388511347777,FALSE,-0.243276229876825,0.169511527698085
9,prec,FEB,-0.143474341460781,FALSE,-0.308866134167594,0.0386314966836455
10,prec,MAR,0.0936733207118305,FALSE,-0.0942699475764703,0.278352239644442
11,prec,APR,-0.085671267819423,FALSE,-0.242305659975259,0.0979086604620915
12,prec,MAY,0.0930873640138393,FALSE,-0.0905385912487122,0.256845971343046
13,prec,JUN,0.116102099787531,FALSE,-0.0709541693752071,0.279933458569882
14,prec,JUL,0.054282193818654,FALSE,-0.144698576860264,0.256216634872895
15,prec,AUG,0.0283177063806586,FALSE,-0.142419777645245,0.197202087610387
16,prec,SEP,0.0440024430419118,FALSE,-0.12788246963615,0.211033561723556
17,temp,jun,0.0501045470216282,FALSE,-0.138013225548493,0.21969261626231
18,temp,jul,-0.0585581098652862,FALSE,-0.216183991818253,0.112921695724973
19,temp,aug,-0.0542107683805012,FALSE,-0.19434050993644,0.124478543933091
20,temp,sep,-0.0610971157626669,FALSE,-0.24657361517969,0.125932261141193
21,temp,oct,-0.205913775854475,TRUE,-0.377423455407174,-0.0541242992517095
22,temp,nov,0.0710537537424792,FALSE,-0.114660851198915,0.253656848912024
23,temp,dec,0.115754716297814,FALSE,-0.0709326133005103,0.300579404700825
24,temp,JAN,-0.107507948025405,FALSE,-0.27239266083637,0.0545953145697505
25,temp,FEB,0.0808110472835473,FALSE,-0.0834460283588023,0.243310605963026
26,temp,MAR,0.222295925022302,TRUE,0.014442389857709,0.420469932252236
27,temp,APR,0.12605449826675,FALSE,-0.0442370453069924,0.2894415663451
28,temp,MAY,0.0464645233749173,FALSE,-0.111310116158779,0.210731230449802
29,temp,JUN,0.0501351586851834,FALSE,-0.122687774654738,0.231010161906569
30,temp,JUL,-0.10254351094533,FALSE,-0.296840137288143,0.0536121759127976
31,temp,AUG,0.0123175947862373,FALSE,-0.170011589874056,0.193296970644316
32,temp,SEP,0.00598927978184357,FALSE,-0.143680930450389,0.166125162077397
