id,varname,month,coef,significant,ci_lower,ci_upper
1,prec,jun,-0.0156638455594838,FALSE,-0.189862239952816,0.178217182062166
2,prec,jul,-0.0367744225068638,FALSE,-0.243150627572844,0.158462551646989
3,prec,aug,0.157722951039249,FALSE,-0.0270734079078582,0.335189295409839
4,prec,sep,0.0742909086278785,FALSE,-0.113968728301509,0.251352557719031
5,prec,oct,-0.0432913178469864,FALSE,-0.218238452270884,0.131481920561538
6,prec,nov,-0.0217242891421282,FALSE,-0.179992882918588,0.14809395610029
7,prec,dec,0.121864950777835,FALSE,-0.0369303314890304,0.282246072196336
8,prec,JAN,0.110548354279917,FALSE,-0.127082995358783,0.306723035658164
9,prec,FEB,0.111843373060437,FALSE,-0.0444824636222866,0.291271341942047
10,prec,MAR,0.0636440048573378,FALSE,-0.124047315645624,0.253383203255576
11,prec,APR,0.0704211046056755,FALSE,-0.123530733735422,0.248024381026128
12,prec,MAY,0.228800694570721,TRUE,0.0712021772916393,0.388860791385166
13,prec,JUN,0.223752688823788,TRUE,0.057330051796819,0.41643536389088
14,prec,JUL,0.00889610508346573,FALSE,-0.151137304420545,0.173380089616772
15,prec,AUG,-0.0304874484011265,FALSE,-0.216863159612847,0.143783568824659
16,prec,SEP,-0.0382448332421846,FALSE,-0.226206579506085,0.130148647186413
17,temp,jun,-0.0225184466653625,FALSE,-0.192981934396507,0.164479349666447
18,temp,jul,0.0182510918312793,FALSE,-0.144907740748222,0.174445595412537
19,temp,aug,0.0612996917295219,FALSE,-0.0885703146130237,0.244306639830109
20,temp,sep,0.0654812492345972,FALSE,-0.125849447405333,0.214331035639322
21,temp,oct,-0.153960940504726,FALSE,-0.33760781221915,0.00321448210107579
22,temp,nov,-0.226711178127442,TRUE,-0.418845688533847,-0.0428903043068507
23,temp,dec,0.0534067787220494,FALSE,-0.121596713190857,0.236156557894568
24,temp,JAN,0.0127445432644841,FALSE,-0.177338669503849,0.193176141640229
25,temp,FEB,0.100235992733748,FALSE,-0.0893278476781763,0.273320997857408
26,temp,MAR,0.0449657636084262,FALSE,-0.119439111254982,0.197538361113172
27,temp,APR,-0.0773833854958425,FALSE,-0.247394056637279,0.0967820363158523
28,temp,MAY,-0.0724014754760958,FALSE,-0.25275023499059,0.0925330855611556
29,temp,JUN,-0.0447035420878257,FALSE,-0.196834873153702,0.126275099889911
30,temp,JUL,0.0374868341589826,FALSE,-0.144030956422895,0.229714279424835
31,temp,AUG,-0.00786747196310461,FALSE,-0.180006659661598,0.171054429856291
32,temp,SEP,-0.00097292850568624,FALSE,-0.181380205927722,0.162802015357602
