id,varname,month,coef,significant,ci_lower,ci_upper
1,prec,jun,0.0686831357669193,FALSE,-0.122376954499767,0.24672391826714
2,prec,jul,-0.0181804319482722,FALSE,-0.226675569935673,0.203144277296364
3,prec,aug,-0.0552240397848351,FALSE,-0.300591609496034,0.148414422740796
4,prec,sep,-0.0594211454206022,FALSE,-0.232492881093995,0.104076764168196
5,prec,oct,-0.0987201041333155,FALSE,-0.289519475048282,0.055475330423958
6,prec,nov,-0.0866158292973813,FALSE,-0.310336248522434,0.126249191220178
7,prec,dec,0.0773920679151563,FALSE,-0.122066194906054,0.266591318961096
8,prec,JAN,-0.236204547145401,TRUE,-0.42110030625278,-0.0271230163649701
9,prec,FEB,-0.184157177418923,FALSE,-0.384223393313996,0.0420369265289794
10,prec,MAR,-0.0316245232908377,FALSE,-0.229806511151552,0.176082356660322
11,prec,APR,0.0313679159636608,FALSE,-0.170935029527203,0.278483874458328
12,prec,MAY,0.0743279656580992,FALSE,-0.130114033880863,0.25658980532522
13,prec,JUN,0.0517148578225657,FALSE,-0.124253438747853,0.237976502937558
14,prec,JUL,0.101625023949045,FALSE,-0.0952494581233153,0.313463605260067
15,prec,AUG,-0.136472815870905,FALSE,-0.353042634676668,0.10389928402992
16,prec,SEP,-0.0599273359398226,FALSE,-0.280193150577539,0.154549282707418
17,temp,jun,0.118873421509291,FALSE,-0.0657284220365125,0.2786779030917
18,temp,jul,-0.000751638788332073,FALSE,-0.190038760418237,0.190374341848743
19,temp,aug,0.0494424525579831,FALSE,-0.153446878565527,0.253250752916597
20,temp,sep,-0.239030261375057,TRUE,-0.416313664711337,-0.0270816602821509
21,temp,oct,-0.228687970363648,TRUE,-0.439302314651092,-0.0162375535990221
22,temp,nov,0.124046820431815,FALSE,-0.0905318156358857,0.362862331232965
23,temp,dec,0.0469479062717805,FALSE,-0.156563437669193,0.230760116188114
24,temp,JAN,0.258147628459751,TRUE,0.0535691808050012,0.431757108345879
25,temp,FEB,0.0628458222526675,FALSE,-0.182747456862549,0.26174265429141
26,temp,MAR,0.0694713235917894,FALSE,-0.102353600670382,0.235631277687338
27,temp,APR,-0.0159062450292577,FALSE,-0.212860297820178,0.198663506818846
28,temp,MAY,-0.073008505380777,FALSE,-0.284158202972258,0.121385892989712
29,temp,JUN,0.0144014616850757,FALSE,-0.195121615211284,0.20563161813862
30,temp,JUL,-0.0347394175864546,FALSE,-0.233082929292328,0.164562575367214
31,temp,AUG,0.193256090121975,TRUE,0.0277610440125725,0.361328655869601
32,temp,SEP,-0.0140532370246313,FALSE,-0.196336900731088,0.172196164775958
