id,varname,month,coef,significant,ci_lower,ci_upper
1,prec,jun,0.0858564469591701,FALSE,-0.0865603676456421,0.277946750546434
2,prec,jul,-0.176919341030479,FALSE,-0.415372731974322,0.044976469034837
3,prec,aug,0.120166502754787,FALSE,-0.0668029880799494,0.302253796802409
4,prec,sep,-0.0714220150088279,FALSE,-0.291666300278713,0.152820386589781
5,prec,oct,-0.0344497882504007,FALSE,-0.260400227158577,0.170023096352434
6,prec,nov,-0.0877093436652072,FALSE,-0.293067912865974,0.102318325141258
7,prec,dec,-0.0200126335816935,FALSE,-0.23224064806739,0.168138727379824
8,prec,JAN,-0.000417576339979943,FALSE,-0.202110944689222,0.225154619315504
9,prec,FEB,0.00141090426854669,FALSE,-0.222031233922052,0.212269624389204
10,prec,MAR,0.0103319162666729,FALSE,-0.212166553705515,0.235067958527606
11,prec,APR,0.110584526758326,FALSE,-0.10469691638493,0.297155300207813
12,prec,MAY,0.00503836392865243,FALSE,-0.16809935599656,0.19685253265431
13,prec,JUN,0.0307195321924103,FALSE,-0.185194936584309,0.225812634790274
14,prec,JUL,-0.128357116135186,FALSE,-0.362197183336646,0.088585264552203
15,prec,AUG,0.0897779612752453,FALSE,-0.125677036423794,0.302358855392386
16,prec,SEP,-0.162942204501027,FALSE,-0.37722709889976,0.058006385206174
17,temp,jun,-0.136212519790351,FALSE,-0.336454758747384,0.0791618445116427
18,temp,jul,0.000934545544422111,FALSE,-0.203901431389119,0.210904105962757
19,temp,aug,-0.126385033224558,FALSE,-0.32821343267303,0.109729032207553
20,temp,sep,-0.203771874980748,FALSE,-0.423703162783753,-0.00229287217754899
21,temp,oct,0.0128057980589805,FALSE,-0.228251620651623,0.234705209074615
22,temp,nov,0.0258665014870484,FALSE,-0.21155371543707,0.228928744275786
23,temp,dec,-0.0400200244072646,FALSE,-0.245085718551195,0.18940802723616
24,temp,JAN,-0.110311019084901,FALSE,-0.312512256166492,0.129374302545755
25,temp,FEB,-0.0165734677505715,FALSE,-0.25865104600596,0.194745510497876
26,temp,MAR,-0.0120476451600219,FALSE,-0.190342650313707,0.175003398215347
27,temp,APR,0.109459017919697,FALSE,-0.120694790333687,0.3284557820541
28,temp,MAY,-0.0589836231983257,FALSE,-0.247027044847758,0.147919859145616
29,temp,JUN,-0.0853150129546628,FALSE,-0.316944570719414,0.119088732702617
30,temp,JUL,-0.0932135290470932,FALSE,-0.308261353398822,0.11248014422845
31,temp,AUG,-0.0447044886742509,FALSE,-0.293229232614854,0.217788284486424
32,temp,SEP,0.0390174902693267,FALSE,-0.18293477134535,0.253676775922891
