id,varname,month,coef,significant,ci_lower,ci_upper
1,prec,jun,0.175067954180283,TRUE,0.0181678498135462,0.322886486909712
2,prec,jul,0.0539086815976012,FALSE,-0.148919094134562,0.239283197704368
3,prec,aug,0.0513590619491593,FALSE,-0.113537884638833,0.210478714200361
4,prec,sep,0.0482006103896295,FALSE,-0.140815801485806,0.222143180987915
5,prec,oct,0.000113840664764363,FALSE,-0.190031985770082,0.185632748738062
6,prec,nov,-0.0364358462384556,FALSE,-0.221199950192924,0.141279321888042
7,prec,dec,0.134408707253817,FALSE,-0.0188358999503682,0.28670313872327
8,prec,JAN,0.0533951722435859,FALSE,-0.117897294764809,0.214978528111972
9,prec,FEB,0.0159292592475153,FALSE,-0.157279715900816,0.201085543496148
10,prec,MAR,0.00537457554378594,FALSE,-0.163353687861131,0.171919810459474
11,prec,APR,0.0369409640239061,FALSE,-0.165837287099164,0.227897469135353
12,prec,MAY,-0.00847503792866765,FALSE,-0.195248816843407,0.176112686691162
13,prec,JUN,0.298504016377064,TRUE,0.160696005798841,0.473651703883215
14,prec,JUL,0.07478335466091,FALSE,-0.0946394081335909,0.234805998077444
15,prec,AUG,0.0441184890569138,FALSE,-0.110227669372031,0.196939061106193
16,prec,SEP,0.0127351880441256,FALSE,-0.183627458378239,0.166659918825002
17,temp,jun,0.00423345105934245,FALSE,-0.142107046388547,0.161548861870317
18,temp,jul,-0.013473936267193,FALSE,-0.187725238137005,0.162207498775227
19,temp,aug,-0.0629283146628289,FALSE,-0.19733593298591,0.0508056133962034
20,temp,sep,-0.168873206620158,TRUE,-0.346302336320776,-0.00951867382622385
21,temp,oct,-0.136520839254699,FALSE,-0.364052592454254,0.0873897100769802
22,temp,nov,0.181498319800812,TRUE,0.0105096415630235,0.344553755401397
23,temp,dec,-0.00916661360447315,FALSE,-0.177176475849392,0.178953982775191
24,temp,JAN,0.0728964315098698,FALSE,-0.0821467342459352,0.235141009247527
25,temp,FEB,0.0958682278353532,FALSE,-0.0888962189269636,0.280781240903527
26,temp,MAR,0.0130070540621471,FALSE,-0.150519730473487,0.193542477464656
27,temp,APR,-0.014871553616604,FALSE,-0.190771722201729,0.161101412360678
28,temp,MAY,0.0742830026246421,FALSE,-0.0909309818559812,0.223303375166233
29,temp,JUN,-0.0247437427429776,FALSE,-0.179864674127044,0.154510191649908
30,temp,JUL,0.0359773647909039,FALSE,-0.129299279168878,0.221459674500685
31,temp,AUG,-0.0550258332018072,FALSE,-0.24325822348396,0.0918355184466864
32,temp,SEP,0.00490220241681502,FALSE,-0.214729499560698,0.199786588006519
