id,varname,month,coef,significant,ci_lower,ci_upper
1,prec,jun,0.0702303851360867,FALSE,-0.074979782601181,0.220927436693161
2,prec,jul,-0.00949330331233979,FALSE,-0.180205751051159,0.156906959792895
3,prec,aug,0.15647189852506,FALSE,-0.0119562279916756,0.32777198218898
4,prec,sep,0.17797723276912,TRUE,0.0255599374695175,0.321435074921391
5,prec,oct,0.0490577931749442,FALSE,-0.0860274728772359,0.19130464422104
6,prec,nov,0.00569233994573103,FALSE,-0.133130747216009,0.141168334886993
7,prec,dec,-0.0643863012331037,FALSE,-0.187749752215546,0.0692231201464576
8,prec,JAN,-0.0808316580088566,FALSE,-0.239492440920994,0.0586837521339734
9,prec,FEB,0.0928404470420919,FALSE,-0.0670400098868869,0.234559853392821
10,prec,MAR,-0.0028129774329552,FALSE,-0.153751349610106,0.13978115973604
11,prec,APR,0.0378226894468398,FALSE,-0.121001888478647,0.206379267650249
12,prec,MAY,0.17882951748223,TRUE,0.0253187713960161,0.32586274727299
13,prec,JUN,0.235208408703341,TRUE,0.0614098747245825,0.400149192968339
14,prec,JUL,0.0950352622314943,FALSE,-0.0454864002526691,0.241333526142781
15,prec,AUG,0.179929670449288,TRUE,0.000881883449960676,0.342004375686413
16,prec,SEP,0.222202887076829,TRUE,0.0775782269357322,0.363283905902298
17,temp,jun,-0.0821391507934909,FALSE,-0.23675923347366,0.0593486815899801
18,temp,jul,-0.0815264975883175,FALSE,-0.208100457546214,0.0659004615478082
19,temp,aug,-0.0584658889764116,FALSE,-0.189431263524659,0.0732455670606988
20,temp,sep,-0.0831481886503679,FALSE,-0.22067284369458,0.0631863227733987
21,temp,oct,-0.000225593198941895,FALSE,-0.149179933930182,0.164111574474048
22,temp,nov,0.0264350291248877,FALSE,-0.128246348692537,0.163383344486418
23,temp,dec,0.13832749022625,TRUE,0.00829863490854225,0.283898817351026
24,temp,JAN,0.202902300938638,TRUE,0.0649572703300819,0.332307221104512
25,temp,FEB,0.0191778790990569,FALSE,-0.145258427537052,0.157695849321229
26,temp,MAR,0.0828344998920025,FALSE,-0.0828390895407503,0.234618865023282
27,temp,APR,0.11437893968775,FALSE,-0.0480241947667463,0.293591304940781
28,temp,MAY,-0.0395913875693738,FALSE,-0.216941431317588,0.134039353028381
29,temp,JUN,-0.0672780553733604,FALSE,-0.210113004226534,0.0750911839760624
30,temp,JUL,-0.0901899626142825,FALSE,-0.257052128793472,0.0665468424535561
31,temp,AUG,-0.0574008568643163,FALSE,-0.221169944748307,0.108042251061618
32,temp,SEP,0.11398073325218,FALSE,-0.0610467398866709,0.276384074284521
