id,varname,month,coef,significant,ci_lower,ci_upper
1,prec,jun,0.0869601591997853,FALSE,-0.0832738004115508,0.243396135613944
2,prec,jul,-0.126063307999521,FALSE,-0.285131703989149,0.0576305151634926
3,prec,aug,0.0793207738215864,FALSE,-0.0975907824464124,0.223557156830276
4,prec,sep,0.172996606478442,TRUE,0.0100867049251252,0.332135434332908
5,prec,oct,0.0773917011234996,FALSE,-0.0833933020770213,0.236958501962757
6,prec,nov,-0.0343720900003639,FALSE,-0.208066138716124,0.130855185138857
7,prec,dec,-0.0162606760040526,FALSE,-0.165179728024935,0.147278381643885
8,prec,JAN,-0.0374440249527582,FALSE,-0.195697767485472,0.110202810525971
9,prec,FEB,-0.0866480355617177,FALSE,-0.234573631456147,0.0500490304750998
10,prec,MAR,-0.0805320927233182,FALSE,-0.269138057955696,0.0894638085965322
11,prec,APR,0.0342999777779261,FALSE,-0.112159566276913,0.189220273454464
12,prec,MAY,0.207015457100742,TRUE,0.0554885379054385,0.344029456630262
13,prec,JUN,-0.0340405412099914,FALSE,-0.196176065883427,0.12084199016806
14,prec,JUL,-0.10971541431374,FALSE,-0.266137079040943,0.0689951638592986
15,prec,AUG,0.0787572124374528,FALSE,-0.0997984284789539,0.241550472537561
16,prec,SEP,0.0669276132131667,FALSE,-0.0888558419880387,0.217327452195362
17,temp,jun,0.0620346875762126,FALSE,-0.115101605563139,0.25484870172561
18,temp,jul,0.0359205316579558,FALSE,-0.163652323750783,0.204987124767882
19,temp,aug,-0.0122476517300749,FALSE,-0.17802275411234,0.138445773991161
20,temp,sep,0.0655979797652158,FALSE,-0.0952220197414685,0.220177656377437
21,temp,oct,-0.0264962399357196,FALSE,-0.216761757792211,0.145263557771503
22,temp,nov,0.0721009990926588,FALSE,-0.093219893321438,0.242006140976262
23,temp,dec,0.025654146617317,FALSE,-0.121299275689609,0.176846673905349
24,temp,JAN,0.0260925881293418,FALSE,-0.154167468911027,0.190856408829307
25,temp,FEB,-0.026828306306572,FALSE,-0.15996188747096,0.128915961092142
26,temp,MAR,0.00116823068114103,FALSE,-0.159548303841877,0.173110134890848
27,temp,APR,0.0411072727896454,FALSE,-0.121595887259823,0.202051754645655
28,temp,MAY,0.0411068053906264,FALSE,-0.106609083544475,0.179596171892616
29,temp,JUN,-0.0452880759275638,FALSE,-0.211353019414252,0.107293880439024
30,temp,JUL,0.437259096460131,TRUE,0.268737068931542,0.577774497446127
31,temp,AUG,0.0953432149098632,FALSE,-0.0667077935230987,0.256256345404836
32,temp,SEP,-0.06034700601907,FALSE,-0.262143150176231,0.119040079087679
