id,varname,month,coef,significant,ci_lower,ci_upper
1,prec,jun,-0.0538622272088594,FALSE,-0.217337397040866,0.103827694555202
2,prec,jul,0.0279944471506858,FALSE,-0.164916708576637,0.191900671632581
3,prec,aug,0.00731901851423016,FALSE,-0.160546836967369,0.179292526235193
4,prec,sep,0.0801033767048538,FALSE,-0.103950286206424,0.266501232645327
5,prec,oct,0.0503612410802944,FALSE,-0.140063980771341,0.200900403118293
6,prec,nov,-0.0605872694783581,FALSE,-0.23030785283247,0.122242834185013
7,prec,dec,0.0546853264250913,FALSE,-0.120498736238532,0.241778614832312
8,prec,JAN,0.039746221161958,FALSE,-0.11881652148222,0.216731455721396
9,prec,FEB,0.00711611554696723,FALSE,-0.165996611727489,0.173171712380221
10,prec,MAR,0.00439959810645896,FALSE,-0.155973596002159,0.154385354215111
11,prec,APR,0.0326440972483251,FALSE,-0.137702230294,0.207797504115594
12,prec,MAY,-0.0629434864706066,FALSE,-0.25087985102797,0.143112367094715
13,prec,JUN,-0.0895281342594345,FALSE,-0.272216264404351,0.0788681715302941
14,prec,JUL,0.0897795430490998,FALSE,-0.0813051189496607,0.249068314233536
15,prec,AUG,0.00129295594233293,FALSE,-0.185102846496967,0.172082893662398
16,prec,SEP,0.0719949985424516,FALSE,-0.11209279556224,0.248517897573797
17,temp,jun,-0.0845062209833493,FALSE,-0.275261663391924,0.11081295544787
18,temp,jul,-0.0762149532656694,FALSE,-0.25093403206146,0.0792297698686168
19,temp,aug,-0.0758935660828943,FALSE,-0.261524994176639,0.0989471221720572
20,temp,sep,-0.118860738555166,FALSE,-0.312485080229252,0.0746665057542934
21,temp,oct,-0.0643407204421357,FALSE,-0.223237267526037,0.105154143677186
22,temp,nov,0.172158025176197,FALSE,-0.0277756052394971,0.35927425205324
23,temp,dec,0.0250692898588394,FALSE,-0.148273166408295,0.20058282607014
24,temp,JAN,0.0362826812925764,FALSE,-0.128267494683519,0.228037085652023
25,temp,FEB,-0.0659935817048312,FALSE,-0.230728865525284,0.0759610745566851
26,temp,MAR,-0.0245708859231644,FALSE,-0.190553026967145,0.13195312883542
27,temp,APR,-0.138822723449778,FALSE,-0.295033317066673,0.0306471985840533
28,temp,MAY,0.131510037493365,FALSE,-0.0189486287761613,0.274365520110155
29,temp,JUN,0.188536225776279,TRUE,0.047661276965062,0.340795496095816
30,temp,JUL,0.298214175986472,TRUE,0.114228866986767,0.464808618989055
31,temp,AUG,0.188098460176582,TRUE,0.0137681785559386,0.348601293268561
32,temp,SEP,-0.0750628851076238,FALSE,-0.231305240020975,0.0981861894102874
