id,varname,month,coef,significant,ci_lower,ci_upper
1,prec,jun,0.0978598584170282,FALSE,-0.0675924483100476,0.273012047121881
2,prec,jul,-0.00484729319397093,FALSE,-0.198025575620481,0.195135451555921
3,prec,aug,0.109661219959016,FALSE,-0.0887891113162701,0.303801387399015
4,prec,sep,0.132236347583567,FALSE,-0.073504407852033,0.340650485799791
5,prec,oct,0.0270225032782158,FALSE,-0.17153559761008,0.226339481848021
6,prec,nov,0.0185786978769949,FALSE,-0.245193790964468,0.274508893735293
7,prec,dec,0.127692662529206,FALSE,-0.0729461147021551,0.329228270728858
8,prec,JAN,-0.0115956903376465,FALSE,-0.212429503531841,0.189424814127157
9,prec,FEB,0.157049319716612,FALSE,-0.00793567468852992,0.321954369998782
10,prec,MAR,-0.0248354287124078,FALSE,-0.232164690254537,0.229258412895645
11,prec,APR,-0.053708917965991,FALSE,-0.233458471956616,0.125242482998598
12,prec,MAY,0.00851442151590035,FALSE,-0.175534580450871,0.172018548172285
13,prec,JUN,0.0717361609167912,FALSE,-0.120050612588038,0.26270717211195
14,prec,JUL,0.0942180852986872,FALSE,-0.0805295480101923,0.301326265619779
15,prec,AUG,0.0840805210336747,FALSE,-0.117356859267642,0.269269294412218
16,prec,SEP,0.0278376923114303,FALSE,-0.155685112345879,0.200527640884238
17,temp,jun,-0.0305123591085246,FALSE,-0.236103866671275,0.171769283383826
18,temp,jul,-0.0316106740240356,FALSE,-0.23054331372233,0.143309655395116
19,temp,aug,-0.137612263940631,FALSE,-0.330700920051802,0.0376190370525577
20,temp,sep,-0.0111321772237135,FALSE,-0.227648962863469,0.208864673496705
21,temp,oct,0.113815983519156,FALSE,-0.118740518311777,0.334373124911966
22,temp,nov,0.0948923750184357,FALSE,-0.0917562997954086,0.25689053599459
23,temp,dec,-0.0769012112280607,FALSE,-0.282936180393138,0.127292700919838
24,temp,JAN,-0.0646971278830794,FALSE,-0.258439262324412,0.146856153883712
25,temp,FEB,-0.0406685990179345,FALSE,-0.273494998249748,0.160170016089107
26,temp,MAR,0.017904413807671,FALSE,-0.193119188492779,0.216406804072839
27,temp,APR,0.0369548852480495,FALSE,-0.171494411030901,0.249948482635362
28,temp,MAY,0.0724273764626362,FALSE,-0.104944531596584,0.262612430218019
29,temp,JUN,0.202605206408535,TRUE,0.0202865628027504,0.379407799165454
30,temp,JUL,0.144921798162071,FALSE,-0.0410121840383958,0.340640262074078
31,temp,AUG,0.0276668172919957,FALSE,-0.169846929823122,0.197899477089715
32,temp,SEP,0.191703519339818,FALSE,0.00856238155496359,0.392922360276557
