id,varname,month,coef,significant,ci_lower,ci_upper
1,prec,jun,0.0448389031194611,FALSE,-0.115475096924264,0.218528566629162
2,prec,jul,0.00943445019878934,FALSE,-0.233194395254213,0.194987004185795
3,prec,aug,0.170743564012796,FALSE,-0.0393503258475116,0.368087596813226
4,prec,sep,0.0603656189048312,FALSE,-0.142181118627453,0.24180825887437
5,prec,oct,-0.0182929122631735,FALSE,-0.250295068563248,0.190993192005341
6,prec,nov,0.0566717927909145,FALSE,-0.121468669326477,0.238917878040601
7,prec,dec,0.143910838343762,FALSE,-0.028085387622141,0.33919514689291
8,prec,JAN,-0.0851215478620244,FALSE,-0.277216562873575,0.0994465949627277
9,prec,FEB,-0.00629080322386298,FALSE,-0.174046399681743,0.169500971012158
10,prec,MAR,-0.0287422675938098,FALSE,-0.201280565414663,0.1703398780392
11,prec,APR,0.0400706479490821,FALSE,-0.163651129117099,0.224249418408111
12,prec,MAY,0.0129159085217757,FALSE,-0.157449739796435,0.170897811056957
13,prec,JUN,-0.0201152746390672,FALSE,-0.225541240700805,0.164385647010759
14,prec,JUL,0.0309781245322584,FALSE,-0.166033157358209,0.234484619211004
15,prec,AUG,0.250305577239783,TRUE,0.0496397484931239,0.416539142367184
16,prec,SEP,0.0367224525314249,FALSE,-0.161589965040571,0.242562481206783
17,temp,jun,0.00816157653684214,FALSE,-0.184703018581264,0.225442729856964
18,temp,jul,-0.166860551312319,FALSE,-0.359765827290092,0.00639222821389225
19,temp,aug,-0.229518283683868,TRUE,-0.411417466940524,-0.0453620758321097
20,temp,sep,0.0293274061278591,FALSE,-0.151341664027662,0.246527457825067
21,temp,oct,0.0906052824007732,FALSE,-0.156367454736615,0.297844942220415
22,temp,nov,0.0056780083805701,FALSE,-0.190981497487234,0.181845269610179
23,temp,dec,0.0575820496278933,FALSE,-0.106138029467216,0.219341699766601
24,temp,JAN,0.0398097910191843,FALSE,-0.158765414517561,0.228815155497699
25,temp,FEB,-0.00693330915388073,FALSE,-0.186785817094892,0.175133926137246
26,temp,MAR,-0.0406144102006133,FALSE,-0.262045785471457,0.141604088481832
27,temp,APR,0.0413522855828161,FALSE,-0.15798814711839,0.228568577021077
28,temp,MAY,0.156426410130713,FALSE,-0.0250237690619086,0.33128933658207
29,temp,JUN,0.135580239651979,FALSE,-0.0343220320942854,0.290054620817357
30,temp,JUL,0.296019404323283,TRUE,0.106568038809591,0.470222869439882
31,temp,AUG,0.0210885244774983,FALSE,-0.161537744978048,0.1812287305608
32,temp,SEP,0.1143892857469,FALSE,-0.0348200947571097,0.292576503981064
