id,varname,month,coef,significant,ci_lower,ci_upper
1,prec,jun,-0.130121300917848,FALSE,-0.312531008241454,0.0290691660977756
2,prec,jul,-0.0402693267517561,FALSE,-0.226594286503242,0.113071461787364
3,prec,aug,0.0637954307612789,FALSE,-0.0968062881581988,0.219899735558195
4,prec,sep,-0.0854143666450092,FALSE,-0.269040569008214,0.0988471779250513
5,prec,oct,0.121160623941074,FALSE,-0.043982273682911,0.299929072789135
6,prec,nov,0.0202397155848269,FALSE,-0.157390548035849,0.192155794171765
7,prec,dec,0.094061309251441,FALSE,-0.0371271818068046,0.230343497132557
8,prec,JAN,-0.013302320260519,FALSE,-0.188681052712753,0.201377078162649
9,prec,FEB,-0.0282935231794054,FALSE,-0.225383918137439,0.163624691562525
10,prec,MAR,0.0882988187402919,FALSE,-0.076749679083103,0.274791224867462
11,prec,APR,0.0855264201281988,FALSE,-0.0613708445491453,0.233230766324935
12,prec,MAY,0.269869867727613,TRUE,0.0786144363055689,0.427174813688706
13,prec,JUN,0.127128655077298,FALSE,-0.0623195954242467,0.343102843421821
14,prec,JUL,0.102760049368731,FALSE,-0.0767846046887171,0.244326025950494
15,prec,AUG,0.15570078771165,FALSE,-0.0275081376087506,0.340078762168724
16,prec,SEP,0.0848575218075255,FALSE,-0.116457142468759,0.271950342208774
17,temp,jun,0.00853874447971466,FALSE,-0.16365974744948,0.161283801887636
18,temp,jul,0.0441243773539564,FALSE,-0.120699895178181,0.211601149503056
19,temp,aug,-0.0607858772684498,FALSE,-0.197495621616943,0.0900494153541435
20,temp,sep,-0.0342437191989846,FALSE,-0.235159001064768,0.150656318428908
21,temp,oct,0.141012686488721,FALSE,-0.0735395252198195,0.329361077836761
22,temp,nov,0.176342939318053,FALSE,-0.0106656885643421,0.318855742837334
23,temp,dec,-0.0360906606156772,FALSE,-0.230374461862786,0.143024881309117
24,temp,JAN,-0.0366484705579782,FALSE,-0.204883003407837,0.128799232708557
25,temp,FEB,-0.00705143871794023,FALSE,-0.158707263485409,0.165210982939198
26,temp,MAR,-0.0352599815945355,FALSE,-0.209830582567333,0.132367460716493
27,temp,APR,-0.127404602230546,FALSE,-0.304480407941959,0.0538443137887122
28,temp,MAY,-0.0501735814149286,FALSE,-0.253514541141961,0.134983755617803
29,temp,JUN,0.0816478972121414,FALSE,-0.101107446046436,0.280491183954443
30,temp,JUL,0.0425719538314191,FALSE,-0.109142052446772,0.21995146212453
31,temp,AUG,-0.0360461317526485,FALSE,-0.19231296288617,0.1192078751938
32,temp,SEP,0.0780946624032256,FALSE,-0.0734479741793333,0.244557695745825
