id,varname,month,coef,significant,ci_lower,ci_upper
1,prec,jun,-0.0297568674753877,FALSE,-0.193641838535357,0.121868399770394
2,prec,jul,0.158204724005827,FALSE,-0.0142109484661938,0.303529775155649
3,prec,aug,0.179145024183815,TRUE,0.0297856700238598,0.344429831819123
4,prec,sep,-0.00111505533635953,FALSE,-0.168168101783649,0.175970346521313
5,prec,oct,0.0182871485322428,FALSE,-0.166809681933021,0.18490395560379
6,prec,nov,0.0989039687229868,FALSE,-0.0953720362505013,0.272641600547128
7,prec,dec,-0.00981333325361516,FALSE,-0.169091222726544,0.133772106579484
8,prec,JAN,0.0536281031400531,FALSE,-0.12544731766435,0.231838306487794
9,prec,FEB,0.071641519876244,FALSE,-0.139238739766789,0.265025923583825
10,prec,MAR,0.0545473496994083,FALSE,-0.0942300651278614,0.224370830736696
11,prec,APR,-0.0193046141630701,FALSE,-0.20019427744067,0.182993091846182
12,prec,MAY,0.127797854692624,FALSE,-0.0430993114496491,0.28854626999718
13,prec,JUN,0.109720547897577,FALSE,-0.0704333126015823,0.27529433264932
14,prec,JUL,0.00958189602137469,FALSE,-0.195148672091561,0.185110938177292
15,prec,AUG,-0.00984595424849369,FALSE,-0.178421408733711,0.159019124492371
16,prec,SEP,0.0181031624244626,FALSE,-0.169566096135398,0.18569945186279
17,temp,jun,0.0189796055891608,FALSE,-0.140345084724572,0.170159548196445
18,temp,jul,-0.201459816820867,TRUE,-0.353473580386798,-0.0532498509555839
19,temp,aug,-0.0808744201118576,FALSE,-0.266293283002376,0.119901707300493
20,temp,sep,-0.00686322597452883,FALSE,-0.196775669003191,0.18689223901789
21,temp,oct,-0.0158031517022582,FALSE,-0.190234266150201,0.177889304350036
22,temp,nov,0.238587708556769,TRUE,0.0781186216455146,0.381691534165376
23,temp,dec,0.0122341928870786,FALSE,-0.148555036806502,0.196696366964502
24,temp,JAN,-0.0307301855462989,FALSE,-0.219507546933423,0.152553859818675
25,temp,FEB,0.101005645101071,FALSE,-0.0732538030927624,0.258124040442176
26,temp,MAR,0.0764013914069172,FALSE,-0.115528937377516,0.273277439083216
27,temp,APR,-0.0434575020665187,FALSE,-0.283578362714464,0.153061926657455
28,temp,MAY,-0.10892151863357,FALSE,-0.283898754519229,0.0598296949698965
29,temp,JUN,-0.0557638443843705,FALSE,-0.218990819409859,0.140111131481551
30,temp,JUL,0.116894821866402,FALSE,-0.0521427307875478,0.293769968032177
31,temp,AUG,0.0320643040647922,FALSE,-0.117838432998484,0.157321770797621
32,temp,SEP,0.0491623909987701,FALSE,-0.127377956837201,0.218559170510739
