id,varname,month,coef,significant,ci_lower,ci_upper
1,prec,jun,-0.00883849739921368,FALSE,-0.216905851463046,0.234154673700484
2,prec,jul,-0.0848412126517558,FALSE,-0.281772981301746,0.111270309755468
3,prec,aug,0.0335800990882774,FALSE,-0.161224595994593,0.240864515657406
4,prec,sep,0.0704923319447064,FALSE,-0.15730831658725,0.302066318325599
5,prec,oct,-0.0551654377414748,FALSE,-0.248474453427999,0.156545344588457
6,prec,nov,-0.0643229273980813,FALSE,-0.252094274092673,0.121346312207079
7,prec,dec,0.0242816894297849,FALSE,-0.188344826288092,0.215478974670333
8,prec,JAN,0.00414147248651361,FALSE,-0.194971494955708,0.199768365760854
9,prec,FEB,0.145041032499374,FALSE,-0.0218001744457882,0.300454938618466
10,prec,MAR,-0.102214146834203,FALSE,-0.3311700114695,0.149734101540935
11,prec,APR,-0.16901738829236,FALSE,-0.360107746364749,0.0465142000012382
12,prec,MAY,0.0556924847970912,FALSE,-0.17040763086369,0.241891333309362
13,prec,JUN,-0.00344816628008381,FALSE,-0.236366807404401,0.226334161884587
14,prec,JUL,-0.0452955938916444,FALSE,-0.247197800747767,0.15968797806181
15,prec,AUG,0.0343337908256801,FALSE,-0.163351781535011,0.230678546801117
16,prec,SEP,-0.00435253419229984,FALSE,-0.199156105088844,0.196328725116052
17,temp,jun,-0.0102399373158824,FALSE,-0.20259643016231,0.161452350682868
18,temp,jul,0.0707157740344866,FALSE,-0.112694579602563,0.252728212035907
19,temp,aug,-0.0607734415513126,FALSE,-0.275417222156138,0.129267629823683
20,temp,sep,-0.0608463150441724,FALSE,-0.269867796513806,0.137621731613899
21,temp,oct,0.127192100350362,FALSE,-0.0642606525728816,0.299338950099447
22,temp,nov,0.0838313819946225,FALSE,-0.0924270081442357,0.305020855292194
23,temp,dec,-0.106532617983777,FALSE,-0.321010023259988,0.0962847996758033
24,temp,JAN,-0.0471205080260173,FALSE,-0.251583008758161,0.169656578968216
25,temp,FEB,-0.0420648749635827,FALSE,-0.233108319932752,0.150623240573493
26,temp,MAR,-0.162328348719441,FALSE,-0.384701582687657,0.0845080473679411
27,temp,APR,-0.0662584064092316,FALSE,-0.282285219779948,0.144431712202432
28,temp,MAY,0.00385023933114114,FALSE,-0.208910301279867,0.230001779433149
29,temp,JUN,-0.0923196949436116,FALSE,-0.307868542358432,0.0852512235478423
30,temp,JUL,0.0721711400968976,FALSE,-0.137920773574337,0.296166849685735
31,temp,AUG,0.164743156147007,TRUE,0.0193875676492297,0.31696234855097
32,temp,SEP,0.0303651682435453,FALSE,-0.172816790731358,0.220288937701583
