id,varname,month,coef,significant,ci_lower,ci_upper
1,prec,jun,-0.0723340858659576,FALSE,-0.242925223840193,0.140876847451861
2,prec,jul,0.000187946898052352,FALSE,-0.185597678869273,0.158994072474177
3,prec,aug,-0.0702593186541383,FALSE,-0.227945433504698,0.0986024398308661
4,prec,sep,0.153278718563476,FALSE,-0.0487204196273136,0.353140769545627
5,prec,oct,0.0370152846142646,FALSE,-0.147466786362417,0.22172426167035
6,prec,nov,-0.0946492137920974,FALSE,-0.255951281944927,0.060224873227786
7,prec,dec,0.134636634934933,FALSE,-0.0617819932926417,0.323546721085744
8,prec,JAN,-0.0932830246472308,FALSE,-0.286508232611921,0.102055903719914
9,prec,FEB,0.0910645851089742,FALSE,-0.0872850904478208,0.262814241400758
10,prec,MAR,-0.0847593390794723,FALSE,-0.28095429465983,0.132281461952338
11,prec,APR,0.134201124370271,FALSE,-0.0839999140114114,0.323972609128839
12,prec,MAY,0.128732009227207,FALSE,-0.0604970891941538,0.315020705823485
13,prec,JUN,-0.232544230496973,TRUE,-0.439696418532196,-0.0516194921195629
14,prec,JUL,-0.0605994788365547,FALSE,-0.260382183895693,0.138141530143773
15,prec,AUG,-0.151679823001702,FALSE,-0.341104286825674,0.0608350037326283
16,prec,SEP,0.15188990157562,FALSE,-0.00746906322468058,0.317809408476845
17,temp,jun,-0.0288565630578681,FALSE,-0.212447435689035,0.174472166373548
18,temp,jul,-0.0275871550853601,FALSE,-0.165605933418353,0.149056553878306
19,temp,aug,-0.0912086379614537,FALSE,-0.258976718308553,0.0631627323111292
20,temp,sep,-0.0605030733887182,FALSE,-0.284670377367825,0.145498493372406
21,temp,oct,0.0432867289413876,FALSE,-0.136797383365751,0.194874337040801
22,temp,nov,0.0240092300073083,FALSE,-0.155073547252033,0.215872525886092
23,temp,dec,-0.039143238003097,FALSE,-0.261197028087144,0.139299259624932
24,temp,JAN,-0.0209475079221188,FALSE,-0.218644302381489,0.158110372488094
25,temp,FEB,-0.0067065764334134,FALSE,-0.17360058573847,0.154881795349843
26,temp,MAR,-0.0612805375159093,FALSE,-0.249491870872966,0.144011868328145
27,temp,APR,0.0757501861463973,FALSE,-0.096324348897087,0.24276840105251
28,temp,MAY,0.151313959862584,FALSE,-0.0246393072020169,0.333300291027348
29,temp,JUN,0.191214294138012,FALSE,-0.0227896125060803,0.403834436242114
30,temp,JUL,0.278106493585458,TRUE,0.0807684169977096,0.439477548917105
31,temp,AUG,0.0463178044147583,FALSE,-0.122089530428008,0.213585308476524
32,temp,SEP,0.0627318386431657,FALSE,-0.154053070731948,0.278577205048709
