id,varname,month,coef,significant,ci_lower,ci_upper
1,prec,jun,-0.044817483664097,FALSE,-0.23563742946616,0.124586137438063
2,prec,jul,-0.0359654872187347,FALSE,-0.182717660229707,0.135303870996378
3,prec,aug,0.0383655882561657,FALSE,-0.108758222787868,0.165946846504355
4,prec,sep,0.191237366020424,TRUE,0.0433982591269136,0.331514550887965
5,prec,oct,0.123014852607271,FALSE,-0.0346169776163602,0.282500889287498
6,prec,nov,-0.0816946774529912,FALSE,-0.236761954670943,0.0649389968099138
7,prec,dec,0.116786181643994,FALSE,-0.0837378875776581,0.324992761953701
8,prec,JAN,0.000657821722872138,FALSE,-0.163953758335573,0.177095197399398
9,prec,FEB,0.106743766392805,FALSE,-0.0484284518856347,0.263484247121689
10,prec,MAR,-0.0794463056387071,FALSE,-0.24520224605696,0.0961967806934739
11,prec,APR,-0.0323326710799398,FALSE,-0.185283376614926,0.136170913064969
12,prec,MAY,0.00139943373888503,FALSE,-0.186535665039112,0.18680208051627
13,prec,JUN,0.000942825006938757,FALSE,-0.151622691768976,0.147626089267818
14,prec,JUL,-0.083105189369831,FALSE,-0.232266154933861,0.0783820518524875
15,prec,AUG,0.0439009924933504,FALSE,-0.122292097748526,0.225971273877925
16,prec,SEP,-0.0243618982711823,FALSE,-0.180331449756771,0.148895286252858
17,temp,jun,0.0298528670723546,FALSE,-0.15982360961186,0.190952735744432
18,temp,jul,0.182198426393293,TRUE,0.0183631401997157,0.327937983006329
19,temp,aug,-0.0931602045821145,FALSE,-0.269932744994347,0.0810610580642167
20,temp,sep,-0.0133675886385574,FALSE,-0.198235515651026,0.149841648344507
21,temp,oct,0.12920181882725,FALSE,-0.124955257471158,0.335568345858744
22,temp,nov,0.218827590090657,TRUE,0.0414632296755312,0.40302144558655
23,temp,dec,-0.12249909072581,FALSE,-0.315416850893025,0.0826733378982952
24,temp,JAN,0.0679284008653262,FALSE,-0.133383419894505,0.260606331246859
25,temp,FEB,-0.0726199161195705,FALSE,-0.235042469873375,0.0780942354906857
26,temp,MAR,-0.0944428424640447,FALSE,-0.245181843667792,0.059540619417644
27,temp,APR,-0.151951733886425,FALSE,-0.311720069969989,0.0205237483419655
28,temp,MAY,0.0936673130696399,FALSE,-0.0912510130583993,0.276951830073417
29,temp,JUN,-0.110386640073033,FALSE,-0.316642002237555,0.0865366812777003
30,temp,JUL,0.207856486596195,TRUE,0.0692400980439007,0.365218524196065
31,temp,AUG,0.0472513200001304,FALSE,-0.100667142787877,0.180084239112986
32,temp,SEP,0.0967672247500217,FALSE,-0.0647566523868383,0.26411459861452
