id,varname,month,coef,significant,ci_lower,ci_upper
1,prec,jun,0.207660267800292,TRUE,0.0624480902083581,0.351992380126372
2,prec,jul,0.188361799789015,TRUE,0.0172740820344665,0.342621382095409
3,prec,aug,0.155676946576365,FALSE,-0.00289724523838191,0.313578639382523
4,prec,sep,-0.0675568658860733,FALSE,-0.236801932146206,0.0955055280200902
5,prec,oct,0.00499717830423202,FALSE,-0.170868720671041,0.158312893942254
6,prec,nov,-0.0242541347890714,FALSE,-0.175033292009126,0.117539320164523
7,prec,dec,-0.0176718349483722,FALSE,-0.175082259386424,0.156382891499308
8,prec,JAN,0.00193095343936924,FALSE,-0.168652531690948,0.197095849555072
9,prec,FEB,0.100620764025128,FALSE,-0.0780571962299091,0.285024552292358
10,prec,MAR,0.0561761520421663,FALSE,-0.0900264441891299,0.200776414311105
11,prec,APR,-0.044390026534265,FALSE,-0.215769436962121,0.114503043541131
12,prec,MAY,0.0317738510193398,FALSE,-0.116410510621757,0.175206187004525
13,prec,JUN,0.0852533850066004,FALSE,-0.0711749473256317,0.252044262622802
14,prec,JUL,0.14963833462548,FALSE,-0.0173399962638535,0.318542135970455
15,prec,AUG,0.143713481359754,FALSE,-0.0339993940123223,0.292872439738667
16,prec,SEP,-0.090416373576312,FALSE,-0.281599126491734,0.0856789900978041
17,temp,jun,-0.0614053827889396,FALSE,-0.229685682603918,0.126096357767649
18,temp,jul,0.105942620220731,FALSE,-0.0374816324207329,0.25506112615273
19,temp,aug,-0.0819254203123071,FALSE,-0.245179496987415,0.101576904903717
20,temp,sep,-0.103757363264404,FALSE,-0.260910359258618,0.0488253822566941
21,temp,oct,-0.100129454533914,FALSE,-0.269638978350092,0.0697856818396387
22,temp,nov,0.139235684457684,FALSE,-0.0533863166150823,0.317810012101445
23,temp,dec,0.0491308748280711,FALSE,-0.117809471071507,0.196762724996483
24,temp,JAN,0.116918101178158,FALSE,-0.0431125266450207,0.259960449569669
25,temp,FEB,0.0503021919233303,FALSE,-0.114219450806433,0.228701319180258
26,temp,MAR,0.168482447435014,TRUE,0.0120940631102673,0.304758251640956
27,temp,APR,-0.151186903473222,FALSE,-0.345800813539028,0.0211241672867931
28,temp,MAY,0.0451033492804387,FALSE,-0.111123849358111,0.189422397838595
29,temp,JUN,0.0132303484582146,FALSE,-0.183244353372769,0.197399911452268
30,temp,JUL,0.119650529273216,FALSE,-0.0903415989461142,0.314626577031064
31,temp,AUG,0.16862865549663,FALSE,-0.0297733597645867,0.348177871911808
32,temp,SEP,-0.0758508092594701,FALSE,-0.234200417927137,0.112222538596518
