id,varname,month,coef,significant,ci_lower,ci_upper
1,prec,jun,0.0631927858922038,FALSE,-0.115486707581771,0.232373687078356
2,prec,jul,0.0992208682289555,FALSE,-0.0956914851027536,0.268728730656468
3,prec,aug,0.0412729385094995,FALSE,-0.135073725439047,0.228308558762941
4,prec,sep,0.0439426175535886,FALSE,-0.0994064722228593,0.198610029923481
5,prec,oct,0.0206930847068257,FALSE,-0.147932712914918,0.191924640094252
6,prec,nov,0.0445822909602874,FALSE,-0.114890008091838,0.205925795474307
7,prec,dec,-0.00614371367156294,FALSE,-0.207110834918334,0.179503435488636
8,prec,JAN,0.129809562847485,FALSE,-0.0431072248803142,0.295344472066606
9,prec,FEB,0.0173980245187659,FALSE,-0.147271989784403,0.199974016473755
10,prec,MAR,-0.00320106544611074,FALSE,-0.167972600799894,0.161954252637242
11,prec,APR,-0.165622157952138,FALSE,-0.322290339014842,0.0010699491354347
12,prec,MAY,0.171971863326221,FALSE,-0.00554219576097557,0.349681038458653
13,prec,JUN,0.115672311387254,FALSE,-0.0545445609901698,0.28798740629449
14,prec,JUL,0.111812799352876,FALSE,-0.0443299784645637,0.284399558885352
15,prec,AUG,0.05756620366531,FALSE,-0.12736444395933,0.229612959140272
16,prec,SEP,-0.0497175206135381,FALSE,-0.21969960128752,0.10215108500568
17,temp,jun,0.0499934665657922,FALSE,-0.123711125224759,0.222688933428203
18,temp,jul,0.122421107710361,FALSE,-0.0307051489793948,0.279760284838129
19,temp,aug,-0.0296799276592171,FALSE,-0.238182666856759,0.142760611064657
20,temp,sep,0.112300941685675,FALSE,-0.0644031459335405,0.269572284201091
21,temp,oct,0.0617989991398574,FALSE,-0.0910429497081642,0.213389354559047
22,temp,nov,-0.0859112543306833,FALSE,-0.251913619252629,0.0786338820499833
23,temp,dec,0.120072994711093,FALSE,-0.041086942285806,0.270141115915418
24,temp,JAN,0.259389461326741,TRUE,0.112726887450005,0.419860920072862
25,temp,FEB,-0.000711150559672694,FALSE,-0.191545697800903,0.170056519531258
26,temp,MAR,0.170649450535012,FALSE,-0.017936699504142,0.327780933907056
27,temp,APR,-0.0534973692209866,FALSE,-0.199478814840826,0.101438041630242
28,temp,MAY,-0.0546129039208157,FALSE,-0.230502582970761,0.10602565425293
29,temp,JUN,-0.0964015969384341,FALSE,-0.282118898820954,0.0838526435478986
30,temp,JUL,0.102417722538107,FALSE,-0.0445468772350837,0.264572695501198
31,temp,AUG,0.0516372253914994,FALSE,-0.124225910279371,0.230191145506815
32,temp,SEP,-0.0817415121216941,FALSE,-0.254946290106854,0.107070803140925
