id,varname,month,coef,significant,ci_lower,ci_upper
1,prec,jun,0.0971806042611706,FALSE,-0.0398145126430481,0.251156554010951
2,prec,jul,0.0697929023561774,FALSE,-0.0712755453381654,0.207502628724637
3,prec,aug,0.0261847723447044,FALSE,-0.127668088437439,0.198837051531725
4,prec,sep,-0.0564433692745612,FALSE,-0.200877364122328,0.0732565522605611
5,prec,oct,-0.0528311951940863,FALSE,-0.185317716323917,0.0847874439707806
6,prec,nov,0.0914730617526088,FALSE,-0.080117096837892,0.226877281786084
7,prec,dec,-0.0399891500780197,FALSE,-0.216871893914547,0.113537040798537
8,prec,JAN,0.182043330660606,FALSE,-0.0098324742024962,0.322314521481142
9,prec,FEB,-0.0574592395007461,FALSE,-0.209528779150923,0.0797841405583403
10,prec,MAR,0.0782464106561565,FALSE,-0.0822696316394508,0.253521053390447
11,prec,APR,0.0114839717005825,FALSE,-0.143505624018587,0.159302315754059
12,prec,MAY,0.126221803196566,FALSE,-0.0327789298437656,0.269994919293931
13,prec,JUN,0.177126694226039,FALSE,0.00780735188815879,0.374898053379806
14,prec,JUL,0.0726699142325224,FALSE,-0.0703901971784973,0.223966747882665
15,prec,AUG,-0.0163883119162937,FALSE,-0.155985817719998,0.127252146707421
16,prec,SEP,0.00538213129244143,FALSE,-0.127666696897297,0.144345385075695
17,temp,jun,0.0395024019848542,FALSE,-0.12963826056324,0.201964885347573
18,temp,jul,0.0341411427504653,FALSE,-0.0883479187774562,0.167786789652576
19,temp,aug,-0.150449215037487,FALSE,-0.297931328878537,0.00415027785450293
20,temp,sep,0.133532873173174,FALSE,-0.0236967800813005,0.277473909543517
21,temp,oct,0.119137656846556,FALSE,-0.046654604531108,0.278061739590593
22,temp,nov,0.0353586513413386,FALSE,-0.128113923738228,0.181787031742247
23,temp,dec,0.0437103272443599,FALSE,-0.118322813597587,0.184415897440602
24,temp,JAN,0.192535195497704,TRUE,0.0520853610515305,0.347716547810125
25,temp,FEB,0.0724801012899745,FALSE,-0.0813139947685006,0.224949356164985
26,temp,MAR,0.0343520581569033,FALSE,-0.141752243809988,0.184063854523486
27,temp,APR,-0.0220266686224777,FALSE,-0.172640896369745,0.113941772863759
28,temp,MAY,-0.0313313238765647,FALSE,-0.181576469443511,0.103272614422912
29,temp,JUN,-0.17225350963455,TRUE,-0.302258509540109,-0.0215232660891701
30,temp,JUL,-0.046340912007738,FALSE,-0.169851091639641,0.085470493110716
31,temp,AUG,-0.0303745600316626,FALSE,-0.182678696867237,0.11843736071438
32,temp,SEP,-0.134296626233142,FALSE,-0.271601106000985,0.00972939445459575
