id,varname,month,coef,significant,ci_lower,ci_upper
1,prec,jun,-0.0152009129918785,FALSE,-0.155607769764168,0.160899390375803
2,prec,jul,0.101617187812879,FALSE,-0.0714728399898919,0.278119537778312
3,prec,aug,0.0287045160749015,FALSE,-0.155550712087835,0.198945923260944
4,prec,sep,0.0883415885448385,FALSE,-0.0767740695974631,0.259573369652026
5,prec,oct,0.0641653451680961,FALSE,-0.10561512825826,0.239329421105263
6,prec,nov,-0.0964473966757027,FALSE,-0.28582017752532,0.0848642361874685
7,prec,dec,0.078611683689003,FALSE,-0.0609810607527388,0.243935059020231
8,prec,JAN,0.11522088685452,FALSE,-0.0400578086911002,0.271103261225759
9,prec,FEB,-0.246324850382215,TRUE,-0.407908132180973,-0.0899169480506695
10,prec,MAR,0.00102755234676326,FALSE,-0.176465303275689,0.182526249819934
11,prec,APR,0.0320073271851834,FALSE,-0.109803923577185,0.172211945020216
12,prec,MAY,0.0791470356275822,FALSE,-0.0737047933073653,0.227411653126439
13,prec,JUN,0.157816186852634,FALSE,0.00412618118337982,0.337267551363285
14,prec,JUL,0.0570922567302875,FALSE,-0.149738062929584,0.231892562014219
15,prec,AUG,-0.0834981335308309,FALSE,-0.24062488210202,0.0933246282765635
16,prec,SEP,-0.0336988439300152,FALSE,-0.202356698620919,0.116037878359204
17,temp,jun,-0.0264927619591549,FALSE,-0.169012198330206,0.130653019451548
18,temp,jul,0.0210472330514189,FALSE,-0.165327693568664,0.208135778294603
19,temp,aug,-0.111719850263456,FALSE,-0.269386799936546,0.0407702250755005
20,temp,sep,0.0200395269345629,FALSE,-0.130165989028449,0.179674108636846
21,temp,oct,0.0732504728812432,FALSE,-0.0955879711977029,0.230195054894863
22,temp,nov,-0.162092834253296,FALSE,-0.333251046940742,0.01557356159829
23,temp,dec,0.0647195154539396,FALSE,-0.0976811650384873,0.222074093522549
24,temp,JAN,0.0908272607366702,FALSE,-0.102666708894959,0.258337123060614
25,temp,FEB,0.1599138261148,TRUE,0.00816744091007108,0.320216277674875
26,temp,MAR,0.055205741668245,FALSE,-0.0851921707318888,0.207356942226696
27,temp,APR,0.0781605768890842,FALSE,-0.0586858301093377,0.242066680771383
28,temp,MAY,-0.097189311958359,FALSE,-0.276191964144993,0.0404097385295725
29,temp,JUN,-0.0910748226940836,FALSE,-0.222082647341954,0.0327178148533958
30,temp,JUL,-0.0695519810320708,FALSE,-0.189964216722996,0.110096612648252
31,temp,AUG,-0.0625969572207214,FALSE,-0.218371853946366,0.0913142304223448
32,temp,SEP,0.0249916556064124,FALSE,-0.161251464750462,0.205147605917265
