id,varname,month,coef,significant,ci_lower,ci_upper
1,prec,jun,0.0923234413012404,FALSE,-0.0864641544893496,0.275054355204098
2,prec,jul,-0.0607903231125504,FALSE,-0.228442986022611,0.112970193162532
3,prec,aug,0.154032247871928,FALSE,-0.0175181064281142,0.324767827604459
4,prec,sep,0.0391696767700288,FALSE,-0.137408273865317,0.201136788260114
5,prec,oct,0.124163660362595,FALSE,-0.0551487508346691,0.292905960884689
6,prec,nov,-0.06974241847412,FALSE,-0.256572581772052,0.104549941673213
7,prec,dec,-0.0833656738804109,FALSE,-0.289215839851045,0.119509120905356
8,prec,JAN,0.0183967579970808,FALSE,-0.16025400112232,0.23960832803395
9,prec,FEB,-0.0588109956949114,FALSE,-0.242962586974141,0.121536241651817
10,prec,MAR,-0.0610865783850524,FALSE,-0.27122884555087,0.131236181361249
11,prec,APR,-0.0202184146855139,FALSE,-0.202216873721086,0.157949124696806
12,prec,MAY,0.0668798998254143,FALSE,-0.106207266268845,0.242854912897522
13,prec,JUN,0.0283110020162223,FALSE,-0.118818171664343,0.203434599369023
14,prec,JUL,0.070955133522678,FALSE,-0.168596383316895,0.265856367772245
15,prec,AUG,0.199926441031598,FALSE,-0.0245134892819588,0.414704153608415
16,prec,SEP,0.0508776390069698,FALSE,-0.119932721135369,0.237981191478111
17,temp,jun,0.0479038982158647,FALSE,-0.122815347760077,0.218567262167674
18,temp,jul,0.0707643958807658,FALSE,-0.109580165054622,0.254086474898305
19,temp,aug,0.045749022162462,FALSE,-0.17216346132722,0.217022276254121
20,temp,sep,0.12880005689931,FALSE,-0.0267468672746315,0.286584393638717
21,temp,oct,-0.000963299979889671,FALSE,-0.164408240159073,0.168953101524025
22,temp,nov,0.00215699110312528,FALSE,-0.151747366701867,0.140392309574659
23,temp,dec,-0.0556849426748164,FALSE,-0.257082277051927,0.123395631693117
24,temp,JAN,-0.0278548498478839,FALSE,-0.197881743124359,0.168634289143015
25,temp,FEB,0.0040773267861583,FALSE,-0.153953716297952,0.160134343255118
26,temp,MAR,0.0701121320292296,FALSE,-0.112996310853281,0.265984476696916
27,temp,APR,0.127826439186551,FALSE,-0.0440459665212919,0.270438835253209
28,temp,MAY,-0.0588997534940779,FALSE,-0.228728986628003,0.138850079422428
29,temp,JUN,-0.194637979592858,TRUE,-0.402704076218738,-0.0160301733338374
30,temp,JUL,0.0653944080849209,FALSE,-0.102220613208341,0.238636233336356
31,temp,AUG,-0.0520043355210474,FALSE,-0.224817407102992,0.126310168527417
32,temp,SEP,-0.0043946205159622,FALSE,-0.19598959368935,0.189302183179235
