id,varname,month,coef,significant,ci_lower,ci_upper
1,prec,jun,0.0551072048666553,FALSE,-0.0977907147004257,0.217070360363497
2,prec,jul,0.0392389787508775,FALSE,-0.113032922994593,0.20188384205715
3,prec,aug,0.1136927595506,FALSE,-0.0817065180066829,0.281488873375748
4,prec,sep,0.105680895387273,FALSE,-0.0733533570879813,0.269652845618195
5,prec,oct,0.0608737860173149,FALSE,-0.0865215039267556,0.222139963176549
6,prec,nov,0.00687174754136471,FALSE,-0.175633333958537,0.162339513737706
7,prec,dec,0.0685024899184458,FALSE,-0.0974894940907118,0.221352200023299
8,prec,JAN,0.0769906535067723,FALSE,-0.111673870378285,0.271247507698704
9,prec,FEB,-0.0910926780838135,FALSE,-0.252985683199524,0.070475720256398
10,prec,MAR,-0.0198496322222059,FALSE,-0.209858614967436,0.175689605728385
11,prec,APR,-0.0841454802452896,FALSE,-0.263781618819843,0.0910433989468126
12,prec,MAY,0.20831458788633,TRUE,0.066616685141871,0.34631053587695
13,prec,JUN,0.107929745453686,FALSE,-0.0561591851548625,0.276958690199138
14,prec,JUL,0.0229612203700581,FALSE,-0.122999701077116,0.160746839725299
15,prec,AUG,0.127291512130422,FALSE,-0.0659719002414606,0.295145869950532
16,prec,SEP,0.0960671952131817,FALSE,-0.0587377947307352,0.24860627487713
17,temp,jun,-0.0530993515363476,FALSE,-0.217440625507044,0.12101270329223
18,temp,jul,0.0500173215877266,FALSE,-0.167914556336976,0.21714753806855
19,temp,aug,-0.0419798850311906,FALSE,-0.174520520610712,0.0989140989866085
20,temp,sep,-0.166147551736906,FALSE,-0.341254413935467,0.00202405277058719
21,temp,oct,0.0555011690760081,FALSE,-0.121193147278139,0.22166614220296
22,temp,nov,-0.083083342356785,FALSE,-0.249334827951472,0.0686677525111682
23,temp,dec,0.0565247192563213,FALSE,-0.113653927633993,0.228327864420206
24,temp,JAN,0.0898100908678293,FALSE,-0.0778093031682337,0.258485633136746
25,temp,FEB,0.0708394676234187,FALSE,-0.0901319146477622,0.243727285818198
26,temp,MAR,0.135067353103063,FALSE,-0.0276154744859166,0.306477910740306
27,temp,APR,0.0418921682661228,FALSE,-0.112701206487551,0.168272369475687
28,temp,MAY,-0.139343597348531,FALSE,-0.302624636330838,0.0554860712155798
29,temp,JUN,-0.0552017284953037,FALSE,-0.228484151636872,0.0961281810661873
30,temp,JUL,0.116439728511534,FALSE,-0.0471153747380788,0.259195014569725
31,temp,AUG,0.0302282563035405,FALSE,-0.104879802018351,0.16278401717212
32,temp,SEP,-0.0640778170568126,FALSE,-0.257076850485544,0.121167594690363
