id,varname,month,coef,significant,ci_lower,ci_upper
1,prec,jun,0.0661761913171853,FALSE,-0.089747087468685,0.215558374168247
2,prec,jul,0.128484458217415,FALSE,-0.0167693439767562,0.257752870027577
3,prec,aug,0.137007829333456,FALSE,-0.0289524628978475,0.278135944115277
4,prec,sep,0.0455373967232025,FALSE,-0.128592358654165,0.232992796664636
5,prec,oct,0.0564008956806837,FALSE,-0.155253224538562,0.256322742881313
6,prec,nov,-0.115319673403931,FALSE,-0.294815705137004,0.0583780636497939
7,prec,dec,0.0141692136028741,FALSE,-0.161265026904096,0.196499396988462
8,prec,JAN,-0.128643260030093,FALSE,-0.302681884308422,0.044980257350836
9,prec,FEB,-0.00637400678059937,FALSE,-0.169686815260168,0.15157523259698
10,prec,MAR,-0.149363163395228,FALSE,-0.306157066861696,-0.00107483477825132
11,prec,APR,0.0227888692045175,FALSE,-0.191959086902256,0.225503811411145
12,prec,MAY,0.0157597246485517,FALSE,-0.149677220705737,0.164569917469257
13,prec,JUN,0.0889390962991037,FALSE,-0.0556644133591151,0.245567071748358
14,prec,JUL,0.0929380112891514,FALSE,-0.0513876553099789,0.228801416715837
15,prec,AUG,0.104616511440257,FALSE,-0.0532190843435619,0.25974147858042
16,prec,SEP,0.0126792999540838,FALSE,-0.139401046652669,0.18005738091542
17,temp,jun,-0.0175560300172595,FALSE,-0.164216466744134,0.131360962867088
18,temp,jul,0.0512429000937386,FALSE,-0.126015322324434,0.223342657869114
19,temp,aug,-0.159756976654861,FALSE,-0.339648266966327,-0.0160501775445452
20,temp,sep,0.014200011939708,FALSE,-0.13274246909519,0.175312917076736
21,temp,oct,-0.0273197696813579,FALSE,-0.197518539481859,0.130835239402298
22,temp,nov,0.0666687754146547,FALSE,-0.0931548171524193,0.22769701784245
23,temp,dec,0.00545871533396896,FALSE,-0.18706265155258,0.189394330453086
24,temp,JAN,0.09880475371257,FALSE,-0.0891854035693993,0.28982343209325
25,temp,FEB,0.121416977514989,FALSE,-0.0542854799466641,0.290037765463267
26,temp,MAR,0.193946006414878,TRUE,0.0593500822614463,0.32087995945795
27,temp,APR,0.172977062016476,TRUE,0.0231499584811001,0.354941040068689
28,temp,MAY,0.027814113651431,FALSE,-0.110598119498406,0.160564993965745
29,temp,JUN,-0.0409489851003752,FALSE,-0.188479230931758,0.105179430464088
30,temp,JUL,-0.00905068365586005,FALSE,-0.155229736289494,0.132426057758383
31,temp,AUG,-0.1122765027532,FALSE,-0.288572146569952,0.0728650524855944
32,temp,SEP,-0.0933175804518492,FALSE,-0.285977053912065,0.0738332762348389
