id,varname,month,coef,significant,ci_lower,ci_upper
1,prec,jun,0.0868503138520517,FALSE,-0.0935268395123043,0.231548486650629
2,prec,jul,0.000238832309960423,FALSE,-0.12849847256384,0.131144645005466
3,prec,aug,0.0404628290262981,FALSE,-0.0908353249956961,0.171833744663223
4,prec,sep,0.18010615010843,TRUE,0.0507952215693645,0.300963848623984
5,prec,oct,0.00597301237766405,FALSE,-0.148747145675857,0.158938967381601
6,prec,nov,0.0495234956596914,FALSE,-0.0869604387678334,0.189681055593998
7,prec,dec,0.173981451256579,TRUE,0.00854994104232026,0.330512782931107
8,prec,JAN,0.158335356339958,FALSE,-0.0147729882295064,0.302128986039816
9,prec,FEB,0.152767020180078,FALSE,-0.00540476889997338,0.307150000981537
10,prec,MAR,0.283444647535393,TRUE,0.128838473690889,0.415036912897651
11,prec,APR,0.189414578809567,TRUE,0.0353251797751202,0.327018442434955
12,prec,MAY,0.231543092421653,TRUE,0.0868773178406382,0.414844956757268
13,prec,JUN,-0.0541682331911036,FALSE,-0.179345140032977,0.089446980305002
14,prec,JUL,-0.0668546286793942,FALSE,-0.206639208636211,0.059420485654656
15,prec,AUG,-0.0438685726077518,FALSE,-0.166306322547232,0.0887832533128726
16,prec,SEP,0.0186078651893263,FALSE,-0.137582529553862,0.184274540853023
17,temp,jun,-0.140326121593822,TRUE,-0.28160508385044,-0.013645138166793
18,temp,jul,-0.053791086748866,FALSE,-0.184977645867922,0.0704669997342298
19,temp,aug,-0.00958547065723271,FALSE,-0.116509424013171,0.102563571181956
20,temp,sep,-0.0491772781100856,FALSE,-0.228613983268039,0.133107127210542
21,temp,oct,0.0515221500542318,FALSE,-0.0946263490774191,0.216353400964683
22,temp,nov,0.0335413016141624,FALSE,-0.137967585827213,0.204628134177523
23,temp,dec,0.0287816449901917,FALSE,-0.134794722677956,0.167358477962525
24,temp,JAN,-0.0364181446569046,FALSE,-0.193763247153974,0.105928315051881
25,temp,FEB,0.0656232389698605,FALSE,-0.102622859980682,0.229060062977503
26,temp,MAR,-0.00523510359243981,FALSE,-0.152419166272506,0.134894948571232
27,temp,APR,-0.00790752339042167,FALSE,-0.177714503967736,0.155618687781855
28,temp,MAY,-0.0302472737711107,FALSE,-0.21070262063519,0.106912907171556
29,temp,JUN,-0.140151098505737,TRUE,-0.273769577439314,-0.00180516722792577
30,temp,JUL,-0.122550405864578,TRUE,-0.228953214713181,-0.0098700390564512
31,temp,AUG,0.0105723321216347,FALSE,-0.109204067730242,0.128621724877444
32,temp,SEP,0.098853882039516,FALSE,-0.0398654236582465,0.264327099304887
