id,varname,month,coef,significant,ci_lower,ci_upper
1,prec,jun,-0.027364089996627,FALSE,-0.169074829087295,0.110477176628571
2,prec,jul,-0.0129808706988192,FALSE,-0.155106256779384,0.117013428510842
3,prec,aug,-0.0310202485683368,FALSE,-0.197195005901885,0.141475719240324
4,prec,sep,-0.0218381411884018,FALSE,-0.185862397355469,0.14273062807922
5,prec,oct,0.117943892968892,FALSE,-0.048133580618815,0.29140825751917
6,prec,nov,0.0197486599436158,FALSE,-0.115051455861464,0.153921116464971
7,prec,dec,0.216766980529626,TRUE,0.0883044010454604,0.361930959738408
8,prec,JAN,0.232771288059177,TRUE,0.10005656718831,0.366679279506826
9,prec,FEB,0.183845817438787,TRUE,0.0414183711146846,0.348058695470352
10,prec,MAR,0.0680842498733707,FALSE,-0.0903584427901377,0.232522571862148
11,prec,APR,0.069163926682775,FALSE,-0.0541075853242997,0.195443509349273
12,prec,MAY,0.0272692697843295,FALSE,-0.123102765161394,0.175179473467846
13,prec,JUN,0.00917882459343015,FALSE,-0.152166631300453,0.148093623904526
14,prec,JUL,0.0888668541815038,FALSE,-0.0448705288877549,0.227674520858115
15,prec,AUG,-0.0346516182255216,FALSE,-0.192288470572308,0.11622120120137
16,prec,SEP,0.0540446214211094,FALSE,-0.130821326404231,0.225270797964476
17,temp,jun,0.00972629043974181,FALSE,-0.136722920769251,0.172104489439494
18,temp,jul,-0.104968382858415,FALSE,-0.258332386153585,0.0598885192050468
19,temp,aug,-0.185400937312552,FALSE,-0.372685335035913,-0.00130094790419821
20,temp,sep,-0.0298688001858992,FALSE,-0.193789928340665,0.133621756317381
21,temp,oct,-0.124942505091525,FALSE,-0.28452858579617,0.0348281485884396
22,temp,nov,-0.0451098689483198,FALSE,-0.179998276912117,0.0974738063159994
23,temp,dec,-0.0213035955001828,FALSE,-0.183658624464241,0.178390432332747
24,temp,JAN,0.114210161638607,FALSE,-0.0478961019425953,0.262109600769399
25,temp,FEB,-0.0781248658463101,FALSE,-0.206961900239439,0.0721107884756702
26,temp,MAR,0.0599674642512095,FALSE,-0.112645128352458,0.23101268069788
27,temp,APR,-0.0740788444477646,FALSE,-0.238978093326886,0.0734229749639611
28,temp,MAY,0.0356065258333352,FALSE,-0.11560565980455,0.201143442965125
29,temp,JUN,-0.0835276286676171,FALSE,-0.271080623561467,0.0785669142832404
30,temp,JUL,-0.169058818364129,FALSE,-0.329507654889003,0.0484807501966141
31,temp,AUG,0.0283483924440778,FALSE,-0.12742083115725,0.207269887315076
32,temp,SEP,-0.100877380805969,FALSE,-0.245047194646452,0.0504454368230262
