id,varname,month,coef,significant,ci_lower,ci_upper
1,prec,jun,-0.0767712419067513,FALSE,-0.216524023440277,0.0599422291376858
2,prec,jul,0.00890900101378216,FALSE,-0.113273067485007,0.135319647651954
3,prec,aug,0.00798955158088857,FALSE,-0.130212192018697,0.133690839622987
4,prec,sep,0.0583100487364769,FALSE,-0.0653341068416123,0.190606258991425
5,prec,oct,0.239984735276275,TRUE,0.107697318133202,0.37960730471591
6,prec,nov,0.153710702210002,TRUE,0.0318189818244022,0.276945771797827
7,prec,dec,0.195498734367047,TRUE,0.0226747621064111,0.341089535088163
8,prec,JAN,0.186604680324967,TRUE,0.063840858168866,0.321065768616493
9,prec,FEB,0.212784154763359,TRUE,0.0901140883685689,0.33711694527588
10,prec,MAR,0.0659101124366183,FALSE,-0.059461873659017,0.199667771373424
11,prec,APR,0.000123696921927943,FALSE,-0.132361430649273,0.127572341688252
12,prec,MAY,0.0263990874940822,FALSE,-0.104663080667062,0.162490781910925
13,prec,JUN,-0.00826824841207706,FALSE,-0.134810353188663,0.110345444184741
14,prec,JUL,0.14127827161868,FALSE,-0.00912042189187139,0.281419856079909
15,prec,AUG,-0.0704338022653802,FALSE,-0.204205876473794,0.0629715383384247
16,prec,SEP,-0.0674877116394203,FALSE,-0.206644019358598,0.059991420559493
17,temp,jun,0.124611672711654,FALSE,-0.0107688118447513,0.258475521088255
18,temp,jul,0.0390636303761991,FALSE,-0.0881582062335325,0.17382492250663
19,temp,aug,-0.163544952705794,TRUE,-0.282314612227136,-0.0322037046908236
20,temp,sep,-0.164800135547763,TRUE,-0.3040108221921,-0.0393353888082213
21,temp,oct,-0.205802538379141,TRUE,-0.305176593912612,-0.0887527450405844
22,temp,nov,0.0347755961673277,FALSE,-0.0885954239624574,0.164193853173426
23,temp,dec,-0.0237709739714286,FALSE,-0.173391918188648,0.123226898339372
24,temp,JAN,-0.00898113876298434,FALSE,-0.142869276510608,0.144467836755211
25,temp,FEB,-0.0256526905178413,FALSE,-0.151678842794192,0.0982852986035571
26,temp,MAR,0.0106771067427719,FALSE,-0.122168964798598,0.136437618138865
27,temp,APR,-0.10891242610849,FALSE,-0.234042020809622,0.0186805363914404
28,temp,MAY,-0.0737060152021976,FALSE,-0.225641651509178,0.0565280205980346
29,temp,JUN,0.0324606740307139,FALSE,-0.0845284054906157,0.157206231609445
30,temp,JUL,-0.165083691502345,TRUE,-0.307728381100111,-0.038042786377575
31,temp,AUG,0.00144858956338048,FALSE,-0.134398093748786,0.152110004788745
32,temp,SEP,-0.0980415647585905,FALSE,-0.249257857898382,0.0576270582985874
