id,varname,month,coef,significant,ci_lower,ci_upper
1,prec,jun,0.192907489894195,TRUE,0.0392619488042195,0.329431369863096
2,prec,jul,0.143788294145113,FALSE,-0.0568682023324369,0.333464845577439
3,prec,aug,0.121898940939332,FALSE,-0.0292196745230553,0.266637540149637
4,prec,sep,0.178124376660383,TRUE,0.016896062072429,0.333946851845812
5,prec,oct,0.19804544587954,TRUE,0.0370699162084594,0.351789823855064
6,prec,nov,0.130538316754094,FALSE,-0.0327847826589674,0.293907404462634
7,prec,dec,0.0678083500117334,FALSE,-0.0882522606778921,0.221310919897054
8,prec,JAN,0.15296539524852,TRUE,0.0254458949703939,0.314158230747773
9,prec,FEB,0.0265913279144422,FALSE,-0.139101398225972,0.198897564254753
10,prec,MAR,0.0517650092933759,FALSE,-0.114359175262357,0.209411901613255
11,prec,APR,0.0690253211346045,FALSE,-0.0743469408938185,0.213516673026295
12,prec,MAY,0.104443546460616,FALSE,-0.0654585792412829,0.26101515439819
13,prec,JUN,0.0984541610225279,FALSE,-0.0602748411893159,0.257033938233266
14,prec,JUL,-0.0709892042820591,FALSE,-0.208672171109172,0.0957983513985549
15,prec,AUG,-0.0634803807668914,FALSE,-0.259913281755369,0.149593275787156
16,prec,SEP,-0.0435751272981047,FALSE,-0.216930363260542,0.0824631486019399
17,temp,jun,0.100960386880223,FALSE,-0.0491323827538082,0.270253430203205
18,temp,jul,0.0142251443093936,FALSE,-0.1154855974785,0.161989623797428
19,temp,aug,-0.0524050175352609,FALSE,-0.224513075755394,0.0873424327892376
20,temp,sep,0.055841912276281,FALSE,-0.120476996701075,0.231379446074708
21,temp,oct,-0.0437356555142083,FALSE,-0.188337959143592,0.115189281748195
22,temp,nov,-0.118045407220665,FALSE,-0.291490167262039,0.0525771666562805
23,temp,dec,0.095904073581343,FALSE,-0.0682034785259094,0.245190252774762
24,temp,JAN,-0.117832230764982,FALSE,-0.268519829567757,0.0590189686283031
25,temp,FEB,-0.0622846967434235,FALSE,-0.203145826885223,0.0988353289453768
26,temp,MAR,-0.127720592482985,FALSE,-0.279043068414694,0.0441383682587758
27,temp,APR,-0.233718730178674,TRUE,-0.39135520857164,-0.0824503825700679
28,temp,MAY,-0.0596981131190026,FALSE,-0.21799085612606,0.0862322042997077
29,temp,JUN,-0.0919183092824027,FALSE,-0.240595006552293,0.0816694908712452
30,temp,JUL,-0.0237176484270449,FALSE,-0.212906935445387,0.145739018996865
31,temp,AUG,-0.0596666431637398,FALSE,-0.21334661739029,0.0920494095809143
32,temp,SEP,0.0692638032317259,FALSE,-0.094815420087132,0.225609495145356
