id,varname,month,coef,significant,ci_lower,ci_upper
1,prec,jun,-0.0161916717522406,FALSE,-0.1896610199783,0.149625257498422
2,prec,jul,0.147877900066839,FALSE,-0.0423604121092658,0.331325914500687
3,prec,aug,0.133428221540572,FALSE,-0.110451687923912,0.360170089037938
4,prec,sep,0.0785686161223234,FALSE,-0.0739695261061736,0.258617280480116
5,prec,oct,0.170258144742165,TRUE,0.000346920726273608,0.329767274890278
6,prec,nov,0.0703988923370874,FALSE,-0.138555506178406,0.262079381166376
7,prec,dec,-0.00579818667545029,FALSE,-0.194653539222352,0.201141436078733
8,prec,JAN,0.164790177834943,FALSE,0.00344899471329059,0.345314302486323
9,prec,FEB,0.139414097525028,FALSE,-0.0768629340711453,0.346357105103079
10,prec,MAR,0.0816687595313729,FALSE,-0.132663239273922,0.277806652343553
11,prec,APR,0.0850956811136783,FALSE,-0.107299249620605,0.319007905057555
12,prec,MAY,-0.0506858801477003,FALSE,-0.27263334626393,0.156798708129096
13,prec,JUN,0.00166274981494265,FALSE,-0.164860726846078,0.170627902829341
14,prec,JUL,0.0894473146236937,FALSE,-0.0951245471396292,0.284460406925896
15,prec,AUG,0.0667319120743231,FALSE,-0.120523679204857,0.252383920278031
16,prec,SEP,0.108683678631181,FALSE,-0.108205034398999,0.331950525775702
17,temp,jun,-0.140305641040299,FALSE,-0.355673289836991,0.0710197815665701
18,temp,jul,-0.106020667613744,FALSE,-0.280320434037198,0.0816497023071343
19,temp,aug,-0.0790929608941817,FALSE,-0.254259118049779,0.094453493562031
20,temp,sep,0.0260616892946578,FALSE,-0.150849360169713,0.225109935046018
21,temp,oct,-0.128460081250519,FALSE,-0.262300960162145,0.0244336274235465
22,temp,nov,0.103366238470481,FALSE,-0.0723792250412117,0.279577423447866
23,temp,dec,0.000805571093637159,FALSE,-0.217796268230027,0.244341313228453
24,temp,JAN,0.0242125365551022,FALSE,-0.151941841970675,0.190489982013574
25,temp,FEB,-0.0778016760577426,FALSE,-0.260134079375076,0.0870837135839465
26,temp,MAR,0.175154021276545,FALSE,-0.0898572124210252,0.409679392186039
27,temp,APR,0.00588756368689362,FALSE,-0.194774323820423,0.197850257840654
28,temp,MAY,-0.140171561383992,FALSE,-0.314639110638698,0.0377879982199416
29,temp,JUN,-0.206332992097886,TRUE,-0.389957399230191,-0.022690429138039
30,temp,JUL,-0.151295864285837,FALSE,-0.358739769502654,0.0193248313220294
31,temp,AUG,-0.0336677559927047,FALSE,-0.202928835387022,0.149142455054404
32,temp,SEP,-0.0383333665569276,FALSE,-0.232892132754222,0.165395309908077
