id,varname,month,coef,significant,ci_lower,ci_upper
1,prec,jun,-0.0309317604803924,FALSE,-0.201938755523593,0.141081115063168
2,prec,jul,0.180724636153907,FALSE,-0.0267600781507287,0.370980373783783
3,prec,aug,0.0681213697917544,FALSE,-0.147308087628901,0.287759629624146
4,prec,sep,0.0246999161425303,FALSE,-0.13735252473223,0.183816973270073
5,prec,oct,0.064630945007146,FALSE,-0.118248341804583,0.22999716967948
6,prec,nov,0.0585283845205251,FALSE,-0.12910961636868,0.232338168793892
7,prec,dec,-0.0291939988753891,FALSE,-0.22141494980486,0.157333181655807
8,prec,JAN,0.163548033971353,FALSE,-0.0137576770311297,0.317432558829989
9,prec,FEB,0.132983375999398,FALSE,-0.059745287660575,0.329888645313055
10,prec,MAR,0.0921852628116387,FALSE,-0.0971684693762089,0.265658598475257
11,prec,APR,0.125358312280483,FALSE,-0.0849746493970189,0.324392199342134
12,prec,MAY,0.0118199805021664,FALSE,-0.187977105059178,0.209076170213394
13,prec,JUN,0.0498189597959412,FALSE,-0.119351647642687,0.218248373989167
14,prec,JUL,0.0876047434687482,FALSE,-0.112543573274283,0.283724629955137
15,prec,AUG,0.0413345767187038,FALSE,-0.167540769151181,0.231576650433104
16,prec,SEP,0.0943750633216355,FALSE,-0.0939320766485064,0.266645287367083
17,temp,jun,-0.0803621146860683,FALSE,-0.287770292948996,0.107168548840017
18,temp,jul,-0.120637586625354,FALSE,-0.28934946741689,0.0897463168982213
19,temp,aug,-0.131368858282755,FALSE,-0.313370611870515,0.0585577959050945
20,temp,sep,0.0011131661175978,FALSE,-0.193183662012095,0.203330576043818
21,temp,oct,-0.186480650910216,TRUE,-0.327563169539697,-0.0413034097502075
22,temp,nov,0.119397857272588,FALSE,-0.0546699893276116,0.277401186960504
23,temp,dec,-0.0866087788574102,FALSE,-0.27781273841539,0.105887629888368
24,temp,JAN,0.0307561549645076,FALSE,-0.144149564965637,0.216647258552515
25,temp,FEB,-0.0377359904921371,FALSE,-0.202914328575424,0.125930845039495
26,temp,MAR,0.188888235158515,FALSE,-0.0225381928283885,0.394056762356001
27,temp,APR,-0.0406130811063827,FALSE,-0.269085910661257,0.143524212365388
28,temp,MAY,-0.0678889492115955,FALSE,-0.234208021048752,0.101336547070048
29,temp,JUN,-0.177439663763109,FALSE,-0.362808826282798,0.00579475381151001
30,temp,JUL,-0.222730324478738,TRUE,-0.422489638263458,-0.0619546018789037
31,temp,AUG,-0.111297313910705,FALSE,-0.271177508867182,0.0667094363521513
32,temp,SEP,0.0310098106201789,FALSE,-0.141184566436037,0.210697847935625
