id,varname,month,coef,significant,ci_lower,ci_upper
1,prec,jun,0.0419720445150478,FALSE,-0.0727561825107458,0.154665716536193
2,prec,jul,0.0653407695505216,FALSE,-0.0670599906297819,0.205493809101574
3,prec,aug,0.0143849436173704,FALSE,-0.135110473921635,0.176974142237274
4,prec,sep,0.146413225802174,TRUE,0.0209474591726136,0.291976768483722
5,prec,oct,0.156695970929825,TRUE,0.0332543262961924,0.295824435131792
6,prec,nov,0.0469530920333079,FALSE,-0.0665539428908405,0.163028845948723
7,prec,dec,0.0962204354692498,FALSE,-0.0487143132161572,0.224137563752996
8,prec,JAN,0.248531831769895,TRUE,0.105410578624381,0.377994920761836
9,prec,FEB,0.157655779342421,TRUE,0.0209366804227293,0.299409804765725
10,prec,MAR,0.140446488201204,TRUE,0.01555840126885,0.26646344308753
11,prec,APR,0.145603293977404,TRUE,0.0190674134515623,0.278299144152844
12,prec,MAY,0.0393352359381629,FALSE,-0.113513398315893,0.170764975485523
13,prec,JUN,0.114750438355039,FALSE,-0.0144939514269842,0.237710535200703
14,prec,JUL,0.0393940680422388,FALSE,-0.100549725061655,0.190889103533871
15,prec,AUG,-0.0816938575612165,FALSE,-0.198854924318556,0.0457265830356205
16,prec,SEP,0.0402177851458877,FALSE,-0.10943063144377,0.178644376950905
17,temp,jun,0.0649796228652494,FALSE,-0.0815484984049625,0.208770554466178
18,temp,jul,-0.118242173488453,FALSE,-0.259543130688703,0.0175343274961831
19,temp,aug,-0.0756588313207925,FALSE,-0.225811843589014,0.0804558556558215
20,temp,sep,-0.0533564045128695,FALSE,-0.173816232486319,0.0619659842667539
21,temp,oct,-0.0885287411682633,FALSE,-0.231727727683941,0.0261565161320575
22,temp,nov,0.00239943476313966,FALSE,-0.127717154689678,0.14175617899008
23,temp,dec,-0.0032699301402966,FALSE,-0.131938274456558,0.133533051165475
24,temp,JAN,0.0426801952254866,FALSE,-0.0909504319456068,0.171604547997928
25,temp,FEB,-0.0409814639026974,FALSE,-0.176119462159245,0.0920519980803849
26,temp,MAR,0.118628846297952,FALSE,-0.0251540730415807,0.271584658685317
27,temp,APR,-0.0402664925248235,FALSE,-0.187056688491411,0.101863505961541
28,temp,MAY,-0.0123108504574611,FALSE,-0.16378951077127,0.116987608621785
29,temp,JUN,-0.0964044594763827,FALSE,-0.229330366098602,0.0377830665655436
30,temp,JUL,-0.231949173804065,TRUE,-0.373573474666601,-0.0900137298868448
31,temp,AUG,-0.0188116183025724,FALSE,-0.168534305900891,0.123081902322611
32,temp,SEP,-0.0417322811196978,FALSE,-0.163099683567256,0.111081249379545
