id,varname,month,coef,significant,ci_lower,ci_upper
1,prec,jun,0.156268360510864,FALSE,-0.056486825351171,0.382723119041546
2,prec,jul,0.00341466491776363,FALSE,-0.152401600121207,0.187757512736398
3,prec,aug,0.0954651267745987,FALSE,-0.0666892820301137,0.254851675535761
4,prec,sep,0.154683709739057,FALSE,-0.100781743681362,0.34666212252705
5,prec,oct,0.0807017436024796,FALSE,-0.0919026959986888,0.258406718327683
6,prec,nov,0.164356705387684,FALSE,-0.0610958675708596,0.379633040587672
7,prec,dec,-0.00568530746568383,FALSE,-0.201881791638442,0.187990981440902
8,prec,JAN,0.188744324153013,TRUE,0.038910334257452,0.33007453811144
9,prec,FEB,0.100947823971299,FALSE,-0.0816223320230004,0.305714204998143
10,prec,MAR,0.0551896990315062,FALSE,-0.110359832647493,0.224963911048511
11,prec,APR,0.19156387445818,FALSE,-0.0173795801152686,0.374297251563666
12,prec,MAY,0.192632462132656,TRUE,0.0201289164673895,0.361868301236516
13,prec,JUN,0.0950404193237272,FALSE,-0.0829508422264448,0.257994613539335
14,prec,JUL,0.00669396390332837,FALSE,-0.19072366205453,0.186823056039292
15,prec,AUG,-0.0763460806163469,FALSE,-0.21628063047073,0.0585754325714335
16,prec,SEP,-0.0200298817502835,FALSE,-0.196338136854048,0.150412889908692
17,temp,jun,-0.0528429883712028,FALSE,-0.249573241590933,0.13703281310235
18,temp,jul,-0.132972293285276,FALSE,-0.3153231996055,0.0818915328233815
19,temp,aug,-0.111599081856433,FALSE,-0.29019981997757,0.0735432590929941
20,temp,sep,-0.0971851162570727,FALSE,-0.277553222709305,0.0587494382050797
21,temp,oct,0.0748455000768024,FALSE,-0.11654373734073,0.23731416709435
22,temp,nov,0.0827736238585722,FALSE,-0.0924517704292431,0.249729949946712
23,temp,dec,0.0189797202795537,FALSE,-0.195073235155976,0.200652547588804
24,temp,JAN,0.028121034964611,FALSE,-0.164796593762644,0.230735195105217
25,temp,FEB,-0.00455184490302803,FALSE,-0.159755835629979,0.175133185867806
26,temp,MAR,0.0125394027513766,FALSE,-0.133798906149829,0.172438641888077
27,temp,APR,0.0208544506300927,FALSE,-0.180294713232582,0.203590391625028
28,temp,MAY,-0.148788497166737,FALSE,-0.35517133378568,0.0256196927939105
29,temp,JUN,-0.0393814326078417,FALSE,-0.213247052974974,0.15071770051178
30,temp,JUL,-0.043245149119511,FALSE,-0.230221961563101,0.138927542002503
31,temp,AUG,-0.176989199500186,FALSE,-0.363149929379653,-0.00023404142835038
32,temp,SEP,0.0718500280983837,FALSE,-0.108846092339016,0.260507358337973
