id,varname,month,coef,significant,ci_lower,ci_upper
1,prec,jun,0.0192474630765037,FALSE,-0.18772789489905,0.191507131737755
2,prec,jul,0.1560108240112,FALSE,-0.0267706141739825,0.353281666576714
3,prec,aug,0.292761042799781,TRUE,0.123691055855019,0.47270735381033
4,prec,sep,0.197009576205506,FALSE,-0.00412673576558189,0.379481782572486
5,prec,oct,0.185932460209772,FALSE,-0.0101165678617112,0.380591649220304
6,prec,nov,0.109424439043507,FALSE,-0.0668597395411794,0.285954176777045
7,prec,dec,-0.0696692030476803,FALSE,-0.239465320358217,0.091468449852001
8,prec,JAN,-0.0336328190664929,FALSE,-0.230931013604055,0.164253582421744
9,prec,FEB,0.00923035557133858,FALSE,-0.173049534436072,0.163654049863242
10,prec,MAR,0.150577734272667,FALSE,-0.0300620819445191,0.349328524541145
11,prec,APR,0.0377812485829373,FALSE,-0.118003802530263,0.206979500877696
12,prec,MAY,0.139426370285356,FALSE,-0.109835705539199,0.347402118858197
13,prec,JUN,0.0705999018095035,FALSE,-0.102895906562888,0.230837338329692
14,prec,JUL,-0.00935832826390393,FALSE,-0.196706431085624,0.18536879139309
15,prec,AUG,0.104340882399595,FALSE,-0.0780499587418976,0.298071759012991
16,prec,SEP,0.00948228022745858,FALSE,-0.178473256403239,0.19200529094068
17,temp,jun,-0.0934206377546309,FALSE,-0.276115154809407,0.127100958780922
18,temp,jul,0.0224066161576281,FALSE,-0.176287936058842,0.223615396848848
19,temp,aug,0.0125171039324152,FALSE,-0.167386711296928,0.179915272907478
20,temp,sep,-0.0381809545269218,FALSE,-0.233913642221916,0.129237268706646
21,temp,oct,-0.126600224910066,FALSE,-0.311236548982773,0.0629262225583077
22,temp,nov,0.034276452422394,FALSE,-0.171809426344374,0.220695605026249
23,temp,dec,0.0639497376710344,FALSE,-0.10844704678495,0.258331229344446
24,temp,JAN,0.0337617080088523,FALSE,-0.164417830397209,0.223040106292936
25,temp,FEB,0.189333249647052,FALSE,-0.0669006609337903,0.388575319536361
26,temp,MAR,0.130122660705061,FALSE,-0.0430102334956422,0.326641616619269
27,temp,APR,0.0310378606738521,FALSE,-0.137675583652874,0.21916739810774
28,temp,MAY,-0.0516865810377298,FALSE,-0.221451576929958,0.118472622083625
29,temp,JUN,-0.125025078029713,FALSE,-0.290392919789043,0.0557889679664103
30,temp,JUL,-0.206265355702252,TRUE,-0.404214152344293,-0.00337958394364288
31,temp,AUG,-0.0434328888318879,FALSE,-0.238396972559155,0.123685909890738
32,temp,SEP,0.0366133355134508,FALSE,-0.181560372215709,0.281757881968555
