id,varname,month,coef,significant,ci_lower,ci_upper
1,prec,jun,0.00670054948642314,FALSE,-0.170794918977369,0.196360515459908
2,prec,jul,0.0509232756142445,FALSE,-0.134934426284165,0.257917711901483
3,prec,aug,0.260656214948918,TRUE,0.067559447689131,0.438033302547897
4,prec,sep,0.173624846538602,FALSE,-0.0373914381558203,0.373850684263941
5,prec,oct,0.0588786582697163,FALSE,-0.143692201849532,0.26313582767034
6,prec,nov,0.156840754138601,FALSE,-0.0249705433733625,0.32941523069401
7,prec,dec,0.0360294586853208,FALSE,-0.14776836912439,0.231440275890073
8,prec,JAN,-0.0226755519368069,FALSE,-0.207985603603796,0.152878205375642
9,prec,FEB,-0.00352210701214463,FALSE,-0.184684997201134,0.175699239679061
10,prec,MAR,0.06667773487593,FALSE,-0.132669085720875,0.231140971168356
11,prec,APR,0.15095228547653,FALSE,-0.0156051167108219,0.313226116592265
12,prec,MAY,0.229500997183224,TRUE,0.0601871292150314,0.393875878786796
13,prec,JUN,0.236498256411525,TRUE,0.0195742087276089,0.468245310301157
14,prec,JUL,0.0905191685039466,FALSE,-0.125266125025931,0.301277696645845
15,prec,AUG,0.141950302398442,FALSE,-0.0295018386103818,0.309656482246256
16,prec,SEP,0.046946161647358,FALSE,-0.125711539424363,0.221390351832041
17,temp,jun,-0.181686026743665,FALSE,-0.394559409490335,0.0445400575090255
18,temp,jul,0.182891495630147,TRUE,0.0236527727845368,0.34952677887074
19,temp,aug,0.0288133267542477,FALSE,-0.139000290976004,0.208770293822594
20,temp,sep,-0.110194491695081,FALSE,-0.269479430020377,0.0811540946522072
21,temp,oct,0.0688114871797006,FALSE,-0.130111567259131,0.25504227051641
22,temp,nov,-0.00946770568303787,FALSE,-0.16763911882172,0.152806261180743
23,temp,dec,0.117843997665409,FALSE,-0.056732088082652,0.302102332696891
24,temp,JAN,0.0645753009924598,FALSE,-0.0898328636858492,0.230949497748798
25,temp,FEB,0.185757941067845,FALSE,-0.0193030897839961,0.359558944878769
26,temp,MAR,-0.0469495015624551,FALSE,-0.209140144127263,0.115586580406141
27,temp,APR,-0.000696310968583438,FALSE,-0.165507138232931,0.148143053345979
28,temp,MAY,-0.142914209943527,FALSE,-0.291079654990985,0.00280180017096113
29,temp,JUN,-0.153989860656989,FALSE,-0.360533386761217,0.0671709005529445
30,temp,JUL,-0.0247414792313169,FALSE,-0.219860993880173,0.143918355464725
31,temp,AUG,-0.0137226855932793,FALSE,-0.189456007967283,0.157669099356818
32,temp,SEP,-0.0149723044848473,FALSE,-0.192184752129793,0.185854944112069
