id,varname,month,coef,significant,ci_lower,ci_upper
1,prec,jun,0.138238869273281,FALSE,-0.066269789946327,0.319229483734542
2,prec,jul,0.135841863961871,FALSE,-0.013376087455411,0.301293414894469
3,prec,aug,0.0593333887926853,FALSE,-0.0837133542001838,0.214550131410086
4,prec,sep,0.0399075875220633,FALSE,-0.131917441247254,0.204315828273185
5,prec,oct,0.18241285022406,FALSE,0.014595224427079,0.380522987053639
6,prec,nov,0.0536282362179979,FALSE,-0.118868221542913,0.220882276095331
7,prec,dec,0.0945012410311817,FALSE,-0.0992983346274024,0.262864834164505
8,prec,JAN,-0.0296481350611579,FALSE,-0.220397440562666,0.134539891049874
9,prec,FEB,-0.0120183121276257,FALSE,-0.201400828656727,0.157467230912913
10,prec,MAR,0.0481127944055121,FALSE,-0.152522069444965,0.218930709873312
11,prec,APR,-0.0232200098714645,FALSE,-0.159272632811478,0.139318330953496
12,prec,MAY,0.124233632606107,FALSE,-0.0358700420005121,0.293328171429131
13,prec,JUN,0.044893747618828,FALSE,-0.133469720517422,0.233764351263525
14,prec,JUL,0.13704951625491,FALSE,-0.0339929585057718,0.31713235841204
15,prec,AUG,-0.221091140810109,TRUE,-0.385543350174501,-0.0386920946367878
16,prec,SEP,0.0481871099945758,FALSE,-0.116133452790725,0.213069947775064
17,temp,jun,-0.179767017670956,FALSE,-0.348516371799665,0.0058446638978169
18,temp,jul,-0.118597225948471,FALSE,-0.323554494260237,0.0707484139839593
19,temp,aug,-0.262368446935768,TRUE,-0.430819570679721,-0.0947873932985859
20,temp,sep,-0.0733900244679156,FALSE,-0.237339213866676,0.0639319609433858
21,temp,oct,0.0758251213277421,FALSE,-0.0981644860673532,0.278171536597754
22,temp,nov,0.101172856746413,FALSE,-0.066045398829826,0.257912083743356
23,temp,dec,0.144044909802826,FALSE,-0.0378607578372383,0.29973820725654
24,temp,JAN,0.0459353443790367,FALSE,-0.13138461311563,0.22360935770233
25,temp,FEB,-0.0859214965885397,FALSE,-0.241490108900999,0.0734080368759328
26,temp,MAR,0.0280831274871525,FALSE,-0.125574175392159,0.200460672297649
27,temp,APR,0.172807570846345,TRUE,0.0236984710827616,0.30932628942172
28,temp,MAY,-0.000453660794220529,FALSE,-0.178278976009765,0.196255384923408
29,temp,JUN,-0.226905687569349,TRUE,-0.419432825397448,-0.0334083949046586
30,temp,JUL,0.0765442302732917,FALSE,-0.122867741728357,0.268625369826011
31,temp,AUG,-0.120339237565231,FALSE,-0.278363616273616,0.0274948465064533
32,temp,SEP,-0.0340850892643545,FALSE,-0.182506553092568,0.106030341092041
