id,varname,month,coef,significant,ci_lower,ci_upper
1,prec,jun,0.112798030259718,FALSE,-0.0988797437844043,0.328155269698588
2,prec,jul,-0.0512107584553552,FALSE,-0.264219194623292,0.143488690606332
3,prec,aug,0.0278662026331523,FALSE,-0.175110839530428,0.19957241938894
4,prec,sep,0.0218913204356642,FALSE,-0.18052350381284,0.190639866827186
5,prec,oct,0.150247739159566,FALSE,-0.0491865038407029,0.369104354811466
6,prec,nov,0.00687882368083557,FALSE,-0.199806079195524,0.206597985542988
7,prec,dec,-0.182760995356948,FALSE,-0.365006572047403,0.0132836074668583
8,prec,JAN,-0.210833465322118,TRUE,-0.398730156355579,-0.00399896452072886
9,prec,FEB,-0.075923856618075,FALSE,-0.25337919396779,0.0976924280481753
10,prec,MAR,-0.0160412600027441,FALSE,-0.225264254920168,0.20718071000426
11,prec,APR,-0.0209700734358675,FALSE,-0.197087810020587,0.151464768509093
12,prec,MAY,0.0232087450791591,FALSE,-0.181345563754748,0.185686211115562
13,prec,JUN,0.0952129124113642,FALSE,-0.143912952254379,0.288180730572406
14,prec,JUL,0.075393438576274,FALSE,-0.117621170696496,0.258391888319787
15,prec,AUG,-0.0994315263054086,FALSE,-0.266082676456169,0.10809967092162
16,prec,SEP,-0.0393271107339923,FALSE,-0.211228121272437,0.125794812793447
17,temp,jun,0.0320300087065166,FALSE,-0.138917547846597,0.219136664820524
18,temp,jul,-0.103880563541215,FALSE,-0.337213416462137,0.0913053572501653
19,temp,aug,-0.0866092073175482,FALSE,-0.255041453477055,0.0816791580768693
20,temp,sep,0.0324362424760241,FALSE,-0.137955503621826,0.213997470800757
21,temp,oct,0.188581110888016,FALSE,-0.00652686603074401,0.395711422041055
22,temp,nov,0.306738929718095,TRUE,0.0901776873299495,0.511064419857881
23,temp,dec,0.134775722324183,FALSE,-0.0452874818703802,0.311990235066896
24,temp,JAN,0.0689450483933025,FALSE,-0.107996186797756,0.26685095587564
25,temp,FEB,0.0257900385712575,FALSE,-0.155726047854211,0.189673332716216
26,temp,MAR,0.026639381878469,FALSE,-0.15532584637726,0.219683297343233
27,temp,APR,0.0662283253456666,FALSE,-0.0720665894881535,0.216793575272987
28,temp,MAY,0.0137481215067628,FALSE,-0.170983175580849,0.177866413703763
29,temp,JUN,0.0263773719343466,FALSE,-0.168152791563095,0.221370146061558
30,temp,JUL,0.134658192993412,FALSE,-0.0485212018928002,0.328118274222941
31,temp,AUG,0.0908872522008466,FALSE,-0.0887664825578273,0.272281752515485
32,temp,SEP,0.006769845007685,FALSE,-0.187748255720673,0.189316310211036
