id,varname,month,coef,significant,ci_lower,ci_upper
1,prec,jun,0.216919183148436,TRUE,0.0025488308262986,0.429273128207422
2,prec,jul,0.0985111015749065,FALSE,-0.0998822006642604,0.303930426589012
3,prec,aug,0.160286407894139,FALSE,-0.0319862591353251,0.334784843046628
4,prec,sep,0.0610750979884189,FALSE,-0.111074216278635,0.250318024901101
5,prec,oct,0.0944170658223568,FALSE,-0.112223466752007,0.287487358623361
6,prec,nov,0.07388991571319,FALSE,-0.157001331246241,0.283218415902993
7,prec,dec,-0.273100320594915,TRUE,-0.494755712063256,-0.0527091460354581
8,prec,JAN,-0.00460446614659053,FALSE,-0.241831791499495,0.202575562583438
9,prec,FEB,-0.0149801495157224,FALSE,-0.242329725019383,0.185460859037392
10,prec,MAR,-0.0634222927608804,FALSE,-0.276676869299378,0.132958181308076
11,prec,APR,-0.00101827984953843,FALSE,-0.193440254686162,0.186810426932976
12,prec,MAY,-0.0964572903219075,FALSE,-0.290164457231337,0.0812408460004426
13,prec,JUN,0.208651605410843,FALSE,-0.0076876507073385,0.398553794067773
14,prec,JUL,0.0830501396169886,FALSE,-0.139375487551116,0.30536558018381
15,prec,AUG,-0.00351560845894653,FALSE,-0.174037924825688,0.175562626869887
16,prec,SEP,-0.0194814613643335,FALSE,-0.201818644772205,0.184294019537286
17,temp,jun,0.0416511961647092,FALSE,-0.152441987285357,0.221329100160273
18,temp,jul,-0.316807216134403,TRUE,-0.50899511061828,-0.109702691852023
19,temp,aug,-0.0186345797486056,FALSE,-0.18812812425342,0.156039010239314
20,temp,sep,0.00258459729064929,FALSE,-0.187926545284086,0.179011700820736
21,temp,oct,0.00313426851731901,FALSE,-0.245370337894613,0.244631664612718
22,temp,nov,0.123851863768364,FALSE,-0.0950197414008528,0.341964366937437
23,temp,dec,0.0403250447697155,FALSE,-0.155196691138491,0.266419564131758
24,temp,JAN,0.0780355133408722,FALSE,-0.136091016499888,0.270699294019615
25,temp,FEB,0.0628543791005028,FALSE,-0.108707735031305,0.252968260736384
26,temp,MAR,-0.0338338878126143,FALSE,-0.207314541650017,0.157367813891218
27,temp,APR,-0.0664923379450346,FALSE,-0.244603405272533,0.0942332542428889
28,temp,MAY,-0.0162226403287699,FALSE,-0.190811827874193,0.155179490103588
29,temp,JUN,0.114235677695386,FALSE,-0.109859419702045,0.32546934277706
30,temp,JUL,-0.0891248979943819,FALSE,-0.275536815588646,0.110370120432402
31,temp,AUG,0.022893537496717,FALSE,-0.173261659295707,0.217921131767169
32,temp,SEP,0.0267989777672894,FALSE,-0.177953230846278,0.257107558272383
