id,varname,month,coef,significant,ci_lower,ci_upper
1,prec,jun,0.0585106063431115,FALSE,-0.148237368133226,0.249504972463925
2,prec,jul,-0.0156610702491857,FALSE,-0.249800271018693,0.242424201765257
3,prec,aug,0.0552940488287431,FALSE,-0.152138122993942,0.244308583655738
4,prec,sep,0.0463308494688622,FALSE,-0.144253138177495,0.264091236977117
5,prec,oct,0.0504215886116826,FALSE,-0.120365889443906,0.222924984467234
6,prec,nov,-0.0828529022992835,FALSE,-0.279082044150769,0.126233262117677
7,prec,dec,-0.163480227566522,FALSE,-0.374163935191352,0.0473111444561789
8,prec,JAN,0.0547688712467363,FALSE,-0.189549682373096,0.286185503202577
9,prec,FEB,0.020315285497572,FALSE,-0.17567634210914,0.204660671599637
10,prec,MAR,0.0815922109306071,FALSE,-0.126257316087378,0.305140317998398
11,prec,APR,-0.0615121273187085,FALSE,-0.239462648036674,0.100378067594992
12,prec,MAY,-0.0660977619478297,FALSE,-0.24765013313298,0.127995475924579
13,prec,JUN,0.0618968639555783,FALSE,-0.155489290934262,0.292064270294986
14,prec,JUL,0.0421145116776429,FALSE,-0.189941921694098,0.233087333273095
15,prec,AUG,-0.0647206611569577,FALSE,-0.249902854618759,0.13456549034182
16,prec,SEP,0.0632966396495047,FALSE,-0.130594819481626,0.239932245772443
17,temp,jun,-0.13375207813702,FALSE,-0.334915865534322,0.0676566219293723
18,temp,jul,-0.221654755060423,TRUE,-0.432078569936281,-0.0490504900752051
19,temp,aug,-0.0196813395056781,FALSE,-0.217515009924274,0.196473928708523
20,temp,sep,0.0207134187431319,FALSE,-0.157137586462226,0.210902501524045
21,temp,oct,-0.0642880641856887,FALSE,-0.297723388017099,0.188460661109361
22,temp,nov,0.0295229046948009,FALSE,-0.189126847129612,0.23814753421464
23,temp,dec,0.009215048805997,FALSE,-0.174195319383466,0.153037982707385
24,temp,JAN,-0.00871883899724872,FALSE,-0.252370228858984,0.18266755648065
25,temp,FEB,0.0519517037429356,FALSE,-0.182447180114614,0.249342747084954
26,temp,MAR,-0.0162776714227319,FALSE,-0.190765339674297,0.155293211538654
27,temp,APR,0.0276423145649422,FALSE,-0.155824036280959,0.208826979768764
28,temp,MAY,-0.111625345185101,FALSE,-0.330021613983335,0.0495749653150876
29,temp,JUN,-0.0185770656870945,FALSE,-0.200603120551052,0.197114808675795
30,temp,JUL,-0.127152041423608,FALSE,-0.297400593589626,0.0498865147356627
31,temp,AUG,0.0272256790420301,FALSE,-0.190621839415418,0.212048563921078
32,temp,SEP,-0.150570645452493,FALSE,-0.353164931077158,0.0386918144583124
