id,varname,month,coef,significant,ci_lower,ci_upper
1,prec,jun,0.0232132894520834,FALSE,-0.180323259568224,0.247783350908622
2,prec,jul,-0.0856551010839593,FALSE,-0.239642501264571,0.0574113879819783
3,prec,aug,0.000749313625593562,FALSE,-0.18950352859049,0.202133649705546
4,prec,sep,-0.0744680044861101,FALSE,-0.242064466560144,0.0919982755232091
5,prec,oct,-0.0710378122771165,FALSE,-0.263562852045315,0.0856563247074143
6,prec,nov,-0.114178115206517,FALSE,-0.272118792135256,0.0574240537810055
7,prec,dec,0.0265235639960812,FALSE,-0.165003501263149,0.214073581574575
8,prec,JAN,-0.0863346369425903,FALSE,-0.246142711912895,0.0808002914194322
9,prec,FEB,0.0162636965940226,FALSE,-0.143607818506809,0.186877802955292
10,prec,MAR,-0.0204438065715109,FALSE,-0.174175222525404,0.15323675379959
11,prec,APR,0.20860103658711,TRUE,0.0348134428448018,0.368620648727056
12,prec,MAY,0.0785642373467761,FALSE,-0.129661618513564,0.287163960431666
13,prec,JUN,-0.0719783480872313,FALSE,-0.244869180520546,0.090325740244188
14,prec,JUL,-0.079318766194769,FALSE,-0.262639223995566,0.0958110958858188
15,prec,AUG,0.0662938120452435,FALSE,-0.120657335995461,0.238592314035303
16,prec,SEP,0.00541392699494183,FALSE,-0.159926110889305,0.168671649766801
17,temp,jun,0.0823774911112371,FALSE,-0.0941715489133836,0.24568792543316
18,temp,jul,-0.0318517859443298,FALSE,-0.228304568262884,0.151334687232888
19,temp,aug,-0.0901232281148024,FALSE,-0.268600928708886,0.0678635332301841
20,temp,sep,0.195950619316654,TRUE,0.0348885416823063,0.371117840666714
21,temp,oct,-0.000194697127942642,FALSE,-0.191100976849804,0.183608673271471
22,temp,nov,0.0464603160534374,FALSE,-0.129552115737329,0.202670539218719
23,temp,dec,0.0607985030669534,FALSE,-0.116175927887203,0.220012073046056
24,temp,JAN,0.0709394554908994,FALSE,-0.0905952564054462,0.219251662963381
25,temp,FEB,-0.0250091451715704,FALSE,-0.195091164372892,0.136961233335823
26,temp,MAR,0.0810780088519816,FALSE,-0.0898777043316029,0.248836495076338
27,temp,APR,-0.0454987332382581,FALSE,-0.219904983428896,0.135856966442867
28,temp,MAY,-0.0278607345171959,FALSE,-0.207270688695392,0.136264010549513
29,temp,JUN,0.282261351565389,TRUE,0.101519311525945,0.464875044917025
30,temp,JUL,0.148735497390139,FALSE,-0.028463767298437,0.324727162897347
31,temp,AUG,-0.0329185424933199,FALSE,-0.19270011943579,0.124672376293479
32,temp,SEP,0.12955286702425,FALSE,-0.0272381382060295,0.330997756402692
