id,varname,month,coef,significant,ci_lower,ci_upper
1,prec,jun,0.214456914162933,TRUE,0.0419401614000754,0.384749057791269
2,prec,jul,0.177280675141296,FALSE,-0.0218550420551249,0.326732397713716
3,prec,aug,0.0765969934799922,FALSE,-0.0954195894812582,0.237541447684181
4,prec,sep,0.212751483284073,TRUE,0.0101036029971646,0.415671139678614
5,prec,oct,-0.0804217061067029,FALSE,-0.257136837603282,0.0781916311981467
6,prec,nov,0.0801715149865975,FALSE,-0.148897116180639,0.308526983181339
7,prec,dec,-0.0492230360302776,FALSE,-0.251958802428424,0.153416093837993
8,prec,JAN,-0.228805201826497,FALSE,-0.443416737514348,0.0127594117694462
9,prec,FEB,0.0189350903852147,FALSE,-0.197395037822491,0.190749631563038
10,prec,MAR,0.0655069014356048,FALSE,-0.121234624613947,0.248915240264967
11,prec,APR,0.0897124424989706,FALSE,-0.100070535330946,0.251356324338128
12,prec,MAY,-0.0288188783263363,FALSE,-0.252480793188087,0.149008894947925
13,prec,JUN,-0.0172097546533083,FALSE,-0.199554377293581,0.180816265923578
14,prec,JUL,0.000960792027761783,FALSE,-0.157280855029763,0.182262321766483
15,prec,AUG,0.0145527258993835,FALSE,-0.161575336279102,0.186432962677567
16,prec,SEP,3.90826183621976e-05,FALSE,-0.162302678138852,0.18025922277727
17,temp,jun,0.0859179769053787,FALSE,-0.123768935247754,0.275351140427069
18,temp,jul,-0.0942143233777716,FALSE,-0.270949029120237,0.122190120970318
19,temp,aug,-0.299258615068009,TRUE,-0.507797206959147,-0.0942243507271586
20,temp,sep,0.158428897573158,FALSE,-0.0294819938152913,0.343920685754385
21,temp,oct,-0.039787044631079,FALSE,-0.247019386129123,0.180639713426274
22,temp,nov,0.0785624108911377,FALSE,-0.123543406647596,0.26657914168133
23,temp,dec,0.0549805555589932,FALSE,-0.112421164716324,0.235651766949589
24,temp,JAN,0.023742757877985,FALSE,-0.157427971574107,0.195912987597919
25,temp,FEB,-0.0078733270443028,FALSE,-0.223924128531629,0.198608357238926
26,temp,MAR,-0.0823867229951076,FALSE,-0.292570937807849,0.111881688287748
27,temp,APR,0.0216116245308317,FALSE,-0.121291089363419,0.169455621872646
28,temp,MAY,-0.0120751693233261,FALSE,-0.179593000365476,0.156652085639279
29,temp,JUN,-0.0120610986634983,FALSE,-0.215113708702988,0.175391111807433
30,temp,JUL,0.0356358359469184,FALSE,-0.12777031989171,0.204092726821553
31,temp,AUG,0.112334714208077,FALSE,-0.0667186585659241,0.297648489954102
32,temp,SEP,-0.0404696422434714,FALSE,-0.216232875402224,0.152412330011984
