id,varname,month,coef,significant,ci_lower,ci_upper
1,prec,jun,0.172851452180008,FALSE,-0.0502850751574163,0.395518713870212
2,prec,jul,0.0988529376671938,FALSE,-0.144789397526494,0.294990100593524
3,prec,aug,0.0397826856928265,FALSE,-0.149329001996009,0.211152060274983
4,prec,sep,0.0729613002394145,FALSE,-0.101184605893261,0.300781126118085
5,prec,oct,0.101789439015529,FALSE,-0.132873569128026,0.31699994967477
6,prec,nov,0.0698368287178429,FALSE,-0.155423416878744,0.289819179696606
7,prec,dec,-0.010684168272558,FALSE,-0.235885768794889,0.190708999833553
8,prec,JAN,-0.140025198800916,FALSE,-0.336919866606409,0.0503064976933476
9,prec,FEB,0.107023083507302,FALSE,-0.102415370482587,0.308100780487525
10,prec,MAR,-0.0835642247129634,FALSE,-0.292891824311881,0.127226821216855
11,prec,APR,0.0589932549703983,FALSE,-0.130673660396982,0.243221395655564
12,prec,MAY,-0.0341837808051181,FALSE,-0.23758769234612,0.149776940831673
13,prec,JUN,0.119453706227922,FALSE,-0.107914577493045,0.329297529701704
14,prec,JUL,0.140899732524325,FALSE,-0.0855815962908218,0.343614763373128
15,prec,AUG,-0.043331384374019,FALSE,-0.244764680485243,0.160093508133232
16,prec,SEP,0.0501904121385115,FALSE,-0.122962162438138,0.258604291154893
17,temp,jun,0.0376844335529453,FALSE,-0.164744971268562,0.200266429732352
18,temp,jul,-0.083716375695571,FALSE,-0.314041831520808,0.159707680141738
19,temp,aug,-0.13851465484649,FALSE,-0.329871493412259,0.047868411922609
20,temp,sep,0.17905935606673,FALSE,-0.0060240937136842,0.381416113439135
21,temp,oct,0.0915980188394906,FALSE,-0.137923237354988,0.342748483564923
22,temp,nov,0.144171012661948,FALSE,-0.087448330594442,0.367477272126081
23,temp,dec,0.127930886320355,FALSE,-0.0437873024884808,0.309390809095683
24,temp,JAN,0.0568472034318984,FALSE,-0.172708788589353,0.275028229601478
25,temp,FEB,0.0640728282203835,FALSE,-0.134772933466424,0.247262006854563
26,temp,MAR,-0.0634148794430286,FALSE,-0.255093693242717,0.148293433454345
27,temp,APR,-0.0936710278946495,FALSE,-0.241622307894022,0.0753859140182379
28,temp,MAY,-0.0281303893711576,FALSE,-0.215833742030638,0.132915379983315
29,temp,JUN,-0.0628496274164588,FALSE,-0.244563315445853,0.126947782078708
30,temp,JUL,0.0359616836544204,FALSE,-0.140054945064811,0.209294267994286
31,temp,AUG,0.0337279040346307,FALSE,-0.150543108512506,0.214154116913688
32,temp,SEP,0.0146035409522018,FALSE,-0.15913370050404,0.235377388232301
