id,varname,month,coef,significant,ci_lower,ci_upper
1,prec,jun,-0.0181687535024021,FALSE,-0.195436822691166,0.140996528010145
2,prec,jul,0.0681748153818435,FALSE,-0.0850932286313707,0.221267992214632
3,prec,aug,-0.112247847033727,FALSE,-0.276309043122907,0.0360083100507834
4,prec,sep,0.0779293470942559,FALSE,-0.103209122528219,0.248803633845718
5,prec,oct,-0.00558763728800899,FALSE,-0.169301763164433,0.168723279182093
6,prec,nov,-0.0913610436538422,FALSE,-0.272537197598012,0.0876264041953608
7,prec,dec,-0.0869319186096126,FALSE,-0.268358422651453,0.100490507023366
8,prec,JAN,-0.256713343117628,TRUE,-0.419332828097044,-0.0984059043890061
9,prec,FEB,0.0324449208788626,FALSE,-0.144813522394161,0.187050063169719
10,prec,MAR,-0.0489092221713046,FALSE,-0.197581758972076,0.124008995427213
11,prec,APR,-0.148444685178923,FALSE,-0.304476274576428,0.0260086076523376
12,prec,MAY,0.129998128833285,FALSE,-0.0299458254534483,0.27651007501274
13,prec,JUN,0.0194931274847599,FALSE,-0.148735321888703,0.168563799353948
14,prec,JUL,-0.0125037096707212,FALSE,-0.166350563747532,0.144600492036653
15,prec,AUG,-0.00379113225086254,FALSE,-0.145014315137925,0.145079081103517
16,prec,SEP,0.0905520749993468,FALSE,-0.0479263423640618,0.234626029291707
17,temp,jun,0.0146711303131776,FALSE,-0.184980111285621,0.200136413812703
18,temp,jul,-0.188631785965622,TRUE,-0.350442194912979,-0.0502747978418122
19,temp,aug,-0.0388769063113319,FALSE,-0.188004030747852,0.111366071217872
20,temp,sep,-0.00228138141064921,FALSE,-0.142556743727151,0.158600858629595
21,temp,oct,-0.0270986843193068,FALSE,-0.204123928248696,0.158054825513822
22,temp,nov,0.0584356464978925,FALSE,-0.136345896316704,0.241011753823321
23,temp,dec,0.0732187237798483,FALSE,-0.106037662056804,0.252043319985273
24,temp,JAN,0.0699047196515017,FALSE,-0.111653018933752,0.245297955710849
25,temp,FEB,-0.014447950739382,FALSE,-0.184122743287311,0.146435021920139
26,temp,MAR,0.106506360352179,FALSE,-0.0600251934247492,0.257349851218252
27,temp,APR,0.201021984033529,TRUE,0.071400557940102,0.337247177491378
28,temp,MAY,0.0992238886842125,FALSE,-0.0348001363520876,0.236120480759229
29,temp,JUN,0.0347748289719363,FALSE,-0.130957604123457,0.20770747222158
30,temp,JUL,0.101589923791586,FALSE,-0.0331952363126289,0.246743167173263
31,temp,AUG,0.0650005673030431,FALSE,-0.0837185379657088,0.239305121492113
32,temp,SEP,0.0132896228159695,FALSE,-0.155711704548097,0.188285126633909
