id,varname,month,coef,significant,ci_lower,ci_upper
1,prec,jun,0.00676492457027339,FALSE,-0.183281822462047,0.176607262805487
2,prec,jul,0.0293098719985822,FALSE,-0.139797894726072,0.178690398458673
3,prec,aug,-0.0287795353252996,FALSE,-0.186786065119363,0.128060297950583
4,prec,sep,0.0815319449575854,FALSE,-0.101195427341471,0.23746073412918
5,prec,oct,0.0326454899188985,FALSE,-0.155544493243999,0.21508338128434
6,prec,nov,-0.0759876917565239,FALSE,-0.267811559798222,0.102605003486101
7,prec,dec,-0.182286063495809,TRUE,-0.348737504094022,-0.0111030879311489
8,prec,JAN,-0.0714203572980032,FALSE,-0.232832087688582,0.0993837089334588
9,prec,FEB,-0.141955363107442,FALSE,-0.317255560030221,0.046857976054828
10,prec,MAR,0.000393357016885758,FALSE,-0.170835451907991,0.195803285897383
11,prec,APR,-0.128174243258884,FALSE,-0.27030229859363,0.0338006983294447
12,prec,MAY,-0.0192903736406993,FALSE,-0.185906123357347,0.172997033254921
13,prec,JUN,-0.0991682149416218,FALSE,-0.247767840990408,0.052943796794055
14,prec,JUL,-0.071478234825126,FALSE,-0.225248332911663,0.11657112898939
15,prec,AUG,-0.0128270857590441,FALSE,-0.154805326484329,0.142713792256915
16,prec,SEP,-0.0348327538285939,FALSE,-0.198530256771275,0.0934529748004708
17,temp,jun,0.0160623630220009,FALSE,-0.124691109796845,0.153447265609998
18,temp,jul,-0.256555443429939,TRUE,-0.423343778442288,-0.0599214726665703
19,temp,aug,-0.100176880233234,FALSE,-0.266770137439148,0.0708877745249993
20,temp,sep,-0.108418106315526,FALSE,-0.266003841510466,0.0332898756678807
21,temp,oct,0.0257328460415288,FALSE,-0.166136351198494,0.195483490595084
22,temp,nov,0.142643619713295,FALSE,-0.0207111776856649,0.294719493282311
23,temp,dec,-0.0116500370890424,FALSE,-0.203725404424228,0.211550215295422
24,temp,JAN,0.156503479458716,FALSE,-0.0222237108152698,0.303896080981067
25,temp,FEB,-0.0280136569203579,FALSE,-0.209243930619419,0.166822466036836
26,temp,MAR,-0.00908414066257749,FALSE,-0.171942331653643,0.175840531883156
27,temp,APR,0.159024639501477,TRUE,0.0204074179837023,0.298616782644972
28,temp,MAY,0.162040160661307,TRUE,0.00990424128284972,0.293741237229264
29,temp,JUN,0.120769651206648,FALSE,-0.0584243202562971,0.285144696994648
30,temp,JUL,0.0834430896875272,FALSE,-0.0629760442073918,0.227104115431147
31,temp,AUG,-0.0115978349911525,FALSE,-0.162545622075238,0.128457663069417
32,temp,SEP,0.0910273436056246,FALSE,-0.0608345175515943,0.233134751680531
