id,varname,month,coef,significant,ci_lower,ci_upper
1,prec,jun,-0.0380513612601724,FALSE,-0.228419348989227,0.158268010307801
2,prec,jul,0.0415568602788937,FALSE,-0.123105808150206,0.198716265245493
3,prec,aug,-0.0529827020359984,FALSE,-0.226777427443306,0.131813427585861
4,prec,sep,0.0724996387735387,FALSE,-0.136614501937428,0.242726350402729
5,prec,oct,0.0889219538748111,FALSE,-0.116070291130107,0.30051214875735
6,prec,nov,-0.0482625195071419,FALSE,-0.255295488254383,0.148587227569423
7,prec,dec,-0.0162032582967125,FALSE,-0.246256485696385,0.17994789035018
8,prec,JAN,-0.0665170240476314,FALSE,-0.244985978709719,0.110953134725151
9,prec,FEB,0.0364965677437579,FALSE,-0.183111044656443,0.211294366577384
10,prec,MAR,0.185972892782129,FALSE,-0.00980575381922419,0.367387421294884
11,prec,APR,-0.109842201265605,FALSE,-0.291387317871268,0.0981558867092363
12,prec,MAY,0.0483397559482303,FALSE,-0.117362996222307,0.201429080210765
13,prec,JUN,-0.0599155783980564,FALSE,-0.215884183267735,0.119627408063223
14,prec,JUL,-0.17489599535947,FALSE,-0.338057936748379,0.0216713716552064
15,prec,AUG,-0.02802763158144,FALSE,-0.187790305126744,0.146533030138447
16,prec,SEP,0.00139764651045942,FALSE,-0.15133926461361,0.143662185518889
17,temp,jun,0.0926866684626525,FALSE,-0.0866417278209868,0.267145232818685
18,temp,jul,-0.175918356429994,FALSE,-0.387196269573658,0.0157119316009731
19,temp,aug,-0.00984879282507002,FALSE,-0.203446791405758,0.153972989211773
20,temp,sep,-0.0527725206425937,FALSE,-0.223207267848113,0.111536386446808
21,temp,oct,-0.050163114873261,FALSE,-0.263857895716439,0.198416813766837
22,temp,nov,0.199934948102918,FALSE,0.00252163401354463,0.404930553560234
23,temp,dec,0.0760475804829964,FALSE,-0.136648189985559,0.248364967129413
24,temp,JAN,-0.0192236750615192,FALSE,-0.21611585704781,0.182373117076722
25,temp,FEB,-0.0918902756981256,FALSE,-0.256937299979724,0.0777974914865727
26,temp,MAR,0.0342464288404723,FALSE,-0.152151167584805,0.244349532139882
27,temp,APR,0.157429354691858,FALSE,-0.000839329471312655,0.3165246524023
28,temp,MAY,0.0875005983209414,FALSE,-0.0692955786922474,0.235043094038859
29,temp,JUN,0.0590847258531977,FALSE,-0.134424544893577,0.236757201627955
30,temp,JUL,0.0715805681979186,FALSE,-0.0790126492622588,0.201778702323475
31,temp,AUG,-0.0716961081022199,FALSE,-0.236413515679652,0.103090703385389
32,temp,SEP,0.00455240172146999,FALSE,-0.161301111355668,0.201610142080176
