id,varname,month,coef,significant,ci_lower,ci_upper
1,prec,jun,-0.0445203070237912,FALSE,-0.293044501616311,0.187003334653264
2,prec,jul,0.0546375211498859,FALSE,-0.0949124511565623,0.220273933501996
3,prec,aug,0.0856307382039657,FALSE,-0.0945406442870507,0.235571128678748
4,prec,sep,0.142681552728786,FALSE,-0.0411149029495712,0.320058922066182
5,prec,oct,-0.0647698971421481,FALSE,-0.298683653054053,0.141999777735414
6,prec,nov,-0.137620421212907,FALSE,-0.317415960057357,0.0550389617329972
7,prec,dec,-0.112503072815838,FALSE,-0.305487989623397,0.0809670715021475
8,prec,JAN,-0.0935425944268866,FALSE,-0.240970393836826,0.0681461159843827
9,prec,FEB,-0.126549050865482,FALSE,-0.32816220970183,0.0320523762604819
10,prec,MAR,-0.065577664596703,FALSE,-0.23127465914284,0.117780714404119
11,prec,APR,-0.00826337006372122,FALSE,-0.190457004831993,0.17496075760672
12,prec,MAY,-0.0197143176987449,FALSE,-0.225079071343288,0.181288890559999
13,prec,JUN,-0.120265853528215,FALSE,-0.303461458735628,0.0955019754824838
14,prec,JUL,-0.145742985150059,FALSE,-0.328057773555945,0.0667646621475307
15,prec,AUG,0.0361288038063079,FALSE,-0.1454582844484,0.197837881167913
16,prec,SEP,0.074161044423449,FALSE,-0.0765531132554233,0.220890024853134
17,temp,jun,0.0814307156664896,FALSE,-0.0991163356795667,0.261278756571324
18,temp,jul,-0.103133150724567,FALSE,-0.280675227145114,0.1062911426456
19,temp,aug,-0.151868823818362,FALSE,-0.335595847320046,0.0198894778339814
20,temp,sep,-0.075578983319553,FALSE,-0.246907311320521,0.077645766322558
21,temp,oct,0.101719423914495,FALSE,-0.0870861473976311,0.288475560747071
22,temp,nov,0.133683247323009,FALSE,-0.0477654256794284,0.30101443040944
23,temp,dec,-0.0284149720906266,FALSE,-0.228686657794394,0.173033127078156
24,temp,JAN,0.0526699825534017,FALSE,-0.135111406788704,0.214658907463297
25,temp,FEB,0.0195930452646154,FALSE,-0.165954244709402,0.195012763284698
26,temp,MAR,-0.100738522578218,FALSE,-0.274773700147712,0.0662730078925212
27,temp,APR,-0.153538752371658,FALSE,-0.316315123343836,0.00685047710937217
28,temp,MAY,0.113374816329313,FALSE,-0.0335956009544344,0.261095823796139
29,temp,JUN,0.0596017440340287,FALSE,-0.124804792202754,0.229400940436286
30,temp,JUL,0.139296488631963,FALSE,-0.0224699292299903,0.308866831011347
31,temp,AUG,-0.0255279976861977,FALSE,-0.202746850410499,0.140559726221181
32,temp,SEP,0.056857751931174,FALSE,-0.116425108208619,0.222218295101651
