id,varname,month,coef,significant,ci_lower,ci_upper
1,prec,jun,0.103255288845329,FALSE,-0.0759639517529316,0.287453447120191
2,prec,jul,0.105142821153449,FALSE,-0.0487261458583441,0.264368844456608
3,prec,aug,-0.0754893647558708,FALSE,-0.242161406351023,0.0877173855386743
4,prec,sep,0.105925596608531,FALSE,-0.0884524350007246,0.279317252383084
5,prec,oct,-0.12549362175669,FALSE,-0.289058241419418,0.0621146097896968
6,prec,nov,-0.0196691797564457,FALSE,-0.193505574961668,0.183537657893742
7,prec,dec,-0.198905659289047,TRUE,-0.38628276432349,-0.0195751502043276
8,prec,JAN,-0.26954432566699,TRUE,-0.440111979397536,-0.0867826876060514
9,prec,FEB,0.0244361363211429,FALSE,-0.153238945720195,0.195897108398391
10,prec,MAR,-0.0253761472590661,FALSE,-0.22857564886157,0.168964868820727
11,prec,APR,-0.00522913445219869,FALSE,-0.178575280529205,0.164721741071626
12,prec,MAY,0.0185767800041959,FALSE,-0.160341295341196,0.191292500227563
13,prec,JUN,-0.0142062478843117,FALSE,-0.19100938800282,0.156669817384761
14,prec,JUL,-0.0668329395882426,FALSE,-0.248561581025281,0.145471027963966
15,prec,AUG,0.042860655326805,FALSE,-0.103665588492561,0.187816902204373
16,prec,SEP,-0.0677862775494188,FALSE,-0.213090879141114,0.10094618305611
17,temp,jun,-0.0119229593985601,FALSE,-0.16661203376698,0.151724642979316
18,temp,jul,-0.160492270801097,FALSE,-0.316380815781115,0.0142436407653201
19,temp,aug,-0.171031804617059,FALSE,-0.358633193693407,0.0293586595822327
20,temp,sep,0.0623407117405864,FALSE,-0.117708830211558,0.254778297562675
21,temp,oct,0.0159984652034264,FALSE,-0.16515460615584,0.200924823811062
22,temp,nov,0.0913216670577583,FALSE,-0.11421239051644,0.300819296388296
23,temp,dec,0.0124237892568137,FALSE,-0.16146401728528,0.165370458926764
24,temp,JAN,0.0265108668391454,FALSE,-0.179260673585736,0.20820887468238
25,temp,FEB,-0.0487011418557249,FALSE,-0.225346871120807,0.127219326689855
26,temp,MAR,-0.0710304688109984,FALSE,-0.237581156013827,0.0771376566000446
27,temp,APR,0.0451887636612786,FALSE,-0.112136296294649,0.209228655746965
28,temp,MAY,-0.0132338626027276,FALSE,-0.185982685025921,0.177165295584366
29,temp,JUN,0.0154492248349916,FALSE,-0.167620584211404,0.199623480705584
30,temp,JUL,0.0946136697918984,FALSE,-0.0532958196936247,0.248812748568101
31,temp,AUG,0.208638475282406,TRUE,0.052457113945205,0.365663735065097
32,temp,SEP,-0.0476513623064442,FALSE,-0.239617187929294,0.134679922283459
