id,varname,month,coef,significant,ci_lower,ci_upper
1,prec,jun,0.0500249532250571,FALSE,-0.0830302392115685,0.203153722695476
2,prec,jul,0.0118244906988741,FALSE,-0.134665050676082,0.154118809621105
3,prec,aug,0.0160481049618144,FALSE,-0.130252448323869,0.139546970168419
4,prec,sep,0.0985015237047209,FALSE,-0.04601405273363,0.249400976621019
5,prec,oct,0.00149466987055921,FALSE,-0.158260730969,0.16151132206639
6,prec,nov,-0.0536526701146417,FALSE,-0.211049511456104,0.128716396650381
7,prec,dec,-0.228186016220443,TRUE,-0.386196216623684,-0.0488990321256504
8,prec,JAN,-0.283350173080143,TRUE,-0.437766787348397,-0.101871382573993
9,prec,FEB,-0.046586807954053,FALSE,-0.209720902739401,0.10342233907018
10,prec,MAR,-0.0755697110376502,FALSE,-0.241093996227651,0.0791446726299292
11,prec,APR,-0.0624752023821092,FALSE,-0.191770664109912,0.0655004127325928
12,prec,MAY,0.0730200234598585,FALSE,-0.0730181855885833,0.208672707535157
13,prec,JUN,0.0592171019363971,FALSE,-0.0848971656574602,0.204683616295376
14,prec,JUL,0.0868586177793097,FALSE,-0.0529791935302361,0.216655630069183
15,prec,AUG,-0.0783572220407603,FALSE,-0.224966663793307,0.0646900725106618
16,prec,SEP,-0.0202924545949664,FALSE,-0.154620576164388,0.135349731927219
17,temp,jun,-0.00481970274902001,FALSE,-0.163981146715296,0.168729790617686
18,temp,jul,-0.234679187871604,TRUE,-0.382180028221373,-0.0864236314071151
19,temp,aug,-0.234353746953273,TRUE,-0.36754097632799,-0.104796656231958
20,temp,sep,-0.0472928548801705,FALSE,-0.172039342811475,0.0773790448634167
21,temp,oct,-0.0254770787263279,FALSE,-0.185168162650343,0.163389779259507
22,temp,nov,0.244053533407247,TRUE,0.0754557227093286,0.4053078108567
23,temp,dec,0.143150217624388,FALSE,-0.0205148438555029,0.305166817530813
24,temp,JAN,0.136121732705909,FALSE,0.00370798035157848,0.287292477268201
25,temp,FEB,-0.0658252718030664,FALSE,-0.211063012377732,0.0775240366909578
26,temp,MAR,0.0320601575139272,FALSE,-0.127177820391624,0.181030109362029
27,temp,APR,0.161021020013,TRUE,0.0252961337953512,0.290981359788558
28,temp,MAY,0.139407115820833,FALSE,0.000635245137615353,0.282283247581272
29,temp,JUN,0.0775376636103941,FALSE,-0.0896214062409438,0.238054032671615
30,temp,JUL,0.068919213035476,FALSE,-0.0796729044405476,0.211700218468016
31,temp,AUG,-0.0320378669515139,FALSE,-0.168639203041819,0.125700688959572
32,temp,SEP,0.061529968301763,FALSE,-0.0856455502159826,0.233290371597152
