id,varname,month,coef,significant,ci_lower,ci_upper
1,prec,jun,0.00990329339940967,FALSE,-0.16990294410066,0.181096124218874
2,prec,jul,-0.0136834145242798,FALSE,-0.163979838360948,0.133456627167916
3,prec,aug,-0.013731010474696,FALSE,-0.192941935486596,0.153943002808433
4,prec,sep,0.0532543769210242,FALSE,-0.140793060365793,0.230016923053792
5,prec,oct,-0.0190988032410042,FALSE,-0.186876752287797,0.176072359928781
6,prec,nov,-0.149533925526096,FALSE,-0.347541185259341,0.052162984052208
7,prec,dec,-0.148892152053426,FALSE,-0.342973873364894,0.0264715204212533
8,prec,JAN,-0.249295552532,TRUE,-0.449797402153953,-0.058868476411206
9,prec,FEB,-0.0274099678972901,FALSE,-0.19592333623033,0.164031469229829
10,prec,MAR,-0.136298012986007,FALSE,-0.310153959600137,0.0385539165702312
11,prec,APR,-0.0114268870769823,FALSE,-0.182094210892042,0.162091051624452
12,prec,MAY,0.0416538594086568,FALSE,-0.150398071253569,0.222383269723987
13,prec,JUN,-0.104184135173496,FALSE,-0.30337871542778,0.0708349759207351
14,prec,JUL,-0.0626189466305124,FALSE,-0.234093031389577,0.138969339125525
15,prec,AUG,0.0430626885239152,FALSE,-0.109643409994707,0.214929832066924
16,prec,SEP,0.0374797551727388,FALSE,-0.101640868105395,0.216568310682741
17,temp,jun,0.0923463591234201,FALSE,-0.0902587838291604,0.276551013377433
18,temp,jul,-0.158135270317897,FALSE,-0.338181324233446,0.0124401990747312
19,temp,aug,-0.0990146926523147,FALSE,-0.262860745703762,0.0584824159051382
20,temp,sep,-0.0218987562654295,FALSE,-0.190216693877817,0.136447067486385
21,temp,oct,0.0433880337329112,FALSE,-0.136716931878671,0.258022908545238
22,temp,nov,0.143939549871399,FALSE,-0.0483406042593254,0.332333412691103
23,temp,dec,-0.0957446541954899,FALSE,-0.277913596588255,0.0851483773756749
24,temp,JAN,0.0569433882648178,FALSE,-0.0987971398817747,0.229615939016792
25,temp,FEB,-0.0425790458953749,FALSE,-0.200077375268306,0.100760843987587
26,temp,MAR,0.0131565848694182,FALSE,-0.142150955721988,0.179518344668796
27,temp,APR,-0.0153983453966934,FALSE,-0.168097309962643,0.136705661612744
28,temp,MAY,0.00093451470982428,FALSE,-0.15869107139505,0.133716870866923
29,temp,JUN,0.0377962137820706,FALSE,-0.175000514862644,0.217413904734388
30,temp,JUL,0.169815728875269,TRUE,0.016570288374966,0.321538397379626
31,temp,AUG,0.0945690662649113,FALSE,-0.0696940729196052,0.262253547242162
32,temp,SEP,0.0056136342996794,FALSE,-0.167148414819021,0.175108721726187
