id,varname,month,coef,significant,ci_lower,ci_upper
1,prec,jun,0.0982237656932634,FALSE,-0.085335750636287,0.278546104552907
2,prec,jul,0.201727268552165,TRUE,0.0316550669936483,0.368068198996854
3,prec,aug,0.149318148784826,FALSE,-0.0104924654587066,0.301157263999049
4,prec,sep,0.218603338773016,TRUE,0.0586467547973974,0.380002882626699
5,prec,oct,0.0972626745118779,FALSE,-0.0614315714656547,0.261933286628112
6,prec,nov,0.160468639136733,FALSE,-0.0494178772849388,0.350002411224422
7,prec,dec,-0.0831746515281497,FALSE,-0.258294635243052,0.105895162363609
8,prec,JAN,-0.109395274385781,FALSE,-0.292350587356289,0.108219513327308
9,prec,FEB,0.078253716159213,FALSE,-0.128970784396882,0.24434059438383
10,prec,MAR,0.00465132175357708,FALSE,-0.184182382904697,0.17478410708356
11,prec,APR,0.140946163527938,FALSE,-0.0297434379871054,0.286012393145654
12,prec,MAY,0.0598484852344751,FALSE,-0.114938578789334,0.238140143926399
13,prec,JUN,0.136001244153022,FALSE,-0.0446987648714141,0.307324524541526
14,prec,JUL,0.0187776305392245,FALSE,-0.134494101074072,0.166871277768618
15,prec,AUG,-0.00941606626352459,FALSE,-0.164048887956512,0.161677800387004
16,prec,SEP,-0.0355940244686263,FALSE,-0.190067722675028,0.155399009038142
17,temp,jun,-0.0362530922326951,FALSE,-0.208041978169977,0.129841502623134
18,temp,jul,-0.100197646798181,FALSE,-0.267876090030873,0.0952256081164841
19,temp,aug,-0.180265909065237,TRUE,-0.364109196050202,-0.00370575118131378
20,temp,sep,0.115828725500466,FALSE,-0.0343536423433305,0.297952377842404
21,temp,oct,-0.0938100524743641,FALSE,-0.266208388678091,0.108625036050845
22,temp,nov,0.180650396936835,TRUE,0.0227869483756864,0.333319079586139
23,temp,dec,-0.00884015961330904,FALSE,-0.165081309580343,0.166437055561448
24,temp,JAN,-0.00747139753945236,FALSE,-0.201096323224085,0.155088743326241
25,temp,FEB,0.102572850263761,FALSE,-0.083578833478079,0.284505401305432
26,temp,MAR,-0.03361620408715,FALSE,-0.200052899499368,0.121473225804704
27,temp,APR,-0.0840666293384696,FALSE,-0.214325384109233,0.0497449066035689
28,temp,MAY,-0.0382691450183002,FALSE,-0.20579035316174,0.131271704106647
29,temp,JUN,-0.0488578371146676,FALSE,-0.2109612092421,0.114133392008099
30,temp,JUL,0.0287602915129367,FALSE,-0.114681015750353,0.173486380911522
31,temp,AUG,0.114863028968458,FALSE,-0.0553381842079215,0.292307080581584
32,temp,SEP,-0.0169927854204875,FALSE,-0.189970327806936,0.169457533570495
