id,varname,month,coef,significant,ci_lower,ci_upper
1,prec,jun,-0.0161704189202946,FALSE,-0.217736630762979,0.144861211522525
2,prec,jul,0.145484120794656,FALSE,-0.035117148521728,0.374174336558058
3,prec,aug,0.0728842311158655,FALSE,-0.0960223955706216,0.261824482480045
4,prec,sep,0.205819350793977,TRUE,0.0320641666932825,0.385645087749509
5,prec,oct,0.105414930602045,FALSE,-0.0668108746381085,0.278202266867157
6,prec,nov,0.195129854240367,TRUE,0.0259144603931784,0.334496186734272
7,prec,dec,0.0363870340476224,FALSE,-0.151425065065122,0.215889615459656
8,prec,JAN,0.20916634436761,TRUE,0.0211442344898076,0.404113707318436
9,prec,FEB,-0.0492963500602899,FALSE,-0.285166974380473,0.169912515818691
10,prec,MAR,-0.0725625735761715,FALSE,-0.238288600240751,0.118511337550818
11,prec,APR,0.0115112819821449,FALSE,-0.165274379881812,0.199003006232238
12,prec,MAY,0.238687462157622,TRUE,0.0383737215062974,0.400565004517406
13,prec,JUN,0.237952187666377,TRUE,0.0595253721946007,0.435188353523655
14,prec,JUL,0.010953163107238,FALSE,-0.175968235501421,0.22683164968461
15,prec,AUG,0.03280283095191,FALSE,-0.147849915149939,0.246529190218194
16,prec,SEP,0.2075149589754,TRUE,0.0450229276033397,0.352457527906331
17,temp,jun,-0.0607971944013714,FALSE,-0.271968416221682,0.0882392331727329
18,temp,jul,-0.00843519138767878,FALSE,-0.204910604634897,0.18733327123478
19,temp,aug,0.00431414617355467,FALSE,-0.174546347302393,0.171664986799558
20,temp,sep,-0.0720143226577116,FALSE,-0.261212490237443,0.104467149660092
21,temp,oct,0.0260630935043847,FALSE,-0.150115113383422,0.185147859201777
22,temp,nov,0.0784169579519929,FALSE,-0.121566593299192,0.268185755027407
23,temp,dec,0.0523410972811558,FALSE,-0.140873316489942,0.24821906283252
24,temp,JAN,0.0386613981821783,FALSE,-0.165476310771111,0.224280157982467
25,temp,FEB,0.031821593430809,FALSE,-0.139710300464256,0.209919910363384
26,temp,MAR,0.0278127053722741,FALSE,-0.157937926626817,0.209293249327388
27,temp,APR,-0.0386441971772195,FALSE,-0.213607355599156,0.138674179504322
28,temp,MAY,-0.111366490155981,FALSE,-0.288522062987342,0.0619293465945081
29,temp,JUN,-0.0733186765050084,FALSE,-0.234810969978184,0.107197548386117
30,temp,JUL,0.125947148845793,FALSE,-0.0886309514218665,0.339809250982076
31,temp,AUG,-0.0470986140906614,FALSE,-0.245748688385208,0.150382415521189
32,temp,SEP,0.0223405894808348,FALSE,-0.171137616663469,0.199558472243627
