id,varname,month,coef,significant,ci_lower,ci_upper
1,prec,jun,-0.0269390585962177,FALSE,-0.214909588960294,0.162676523285662
2,prec,jul,0.0943912752490145,FALSE,-0.134960958550819,0.29896068150623
3,prec,aug,0.229304895201968,FALSE,-0.0425651733116488,0.42874235308061
4,prec,sep,0.0925550926338316,FALSE,-0.119394779724005,0.309218040651761
5,prec,oct,-0.0053898899888868,FALSE,-0.220076361620023,0.166437190660221
6,prec,nov,0.159288449268251,FALSE,-0.085548899742992,0.415867816582885
7,prec,dec,-0.0740111902165918,FALSE,-0.305837626278507,0.13548714161984
8,prec,JAN,0.119580864494374,FALSE,-0.071399759591005,0.309027617893806
9,prec,FEB,0.0780258192582343,FALSE,-0.165151120851079,0.269182074705357
10,prec,MAR,-0.113608899274821,FALSE,-0.294750233767158,0.0773401340965728
11,prec,APR,0.0110417298107504,FALSE,-0.252652393210696,0.250615466267949
12,prec,MAY,0.111456847760936,FALSE,-0.073299384603493,0.299373888387219
13,prec,JUN,0.146987982250795,FALSE,-0.0450156397405087,0.375336725753741
14,prec,JUL,-0.039176770252275,FALSE,-0.25001176748958,0.144631780948264
15,prec,AUG,0.0525101899895888,FALSE,-0.179484521274867,0.248029932504394
16,prec,SEP,0.0737987706669375,FALSE,-0.113591328711443,0.252997736870559
17,temp,jun,0.00415847774625884,FALSE,-0.194996426040232,0.201680891654889
18,temp,jul,-0.115863360979261,FALSE,-0.300241900022609,0.0709804552865904
19,temp,aug,-0.104502324041576,FALSE,-0.301041874964219,0.115196948938965
20,temp,sep,-0.162054207819956,FALSE,-0.350221864908809,0.0479325502597931
21,temp,oct,-0.0560769490439527,FALSE,-0.253281282772939,0.17113358143576
22,temp,nov,0.114715826677845,FALSE,-0.117398409911733,0.319348618745779
23,temp,dec,0.0125079294141762,FALSE,-0.212885456542691,0.236574198867395
24,temp,JAN,0.09091368255275,FALSE,-0.113013850693512,0.278345704244518
25,temp,FEB,0.0538422647950376,FALSE,-0.123770377370517,0.275519797531887
26,temp,MAR,0.206988773920499,FALSE,-0.05599186258856,0.41994767350452
27,temp,APR,0.0163189059172644,FALSE,-0.220095164806106,0.216156497330563
28,temp,MAY,-0.106853224023205,FALSE,-0.298332398672315,0.0845327157656795
29,temp,JUN,0.0867827341327569,FALSE,-0.109430569996529,0.336593845917709
30,temp,JUL,-0.0718602681999539,FALSE,-0.280820015850345,0.143739463523068
31,temp,AUG,-0.217054948104883,TRUE,-0.415710628058987,-0.0116173956615383
32,temp,SEP,0.0528812974638918,FALSE,-0.149634948127157,0.269376390117206
