id,varname,month,coef,significant,ci_lower,ci_upper
1,prec,jun,-0.0900512711520453,FALSE,-0.268701154190012,0.0436089192860919
2,prec,jul,0.145977550497371,FALSE,0.00336137536853916,0.313709477735433
3,prec,aug,0.0294689785281046,FALSE,-0.128060453405612,0.186872848262913
4,prec,sep,0.0152767320606278,FALSE,-0.112674634748268,0.144324929057577
5,prec,oct,0.183145790207525,TRUE,0.0650547527484807,0.307442101627007
6,prec,nov,0.153893929350986,TRUE,0.0188336214683164,0.291535533299203
7,prec,dec,-0.019809702996586,FALSE,-0.148443129501741,0.129195925317291
8,prec,JAN,0.00369964629022676,FALSE,-0.138006035872519,0.131197858963112
9,prec,FEB,-0.00416922941721906,FALSE,-0.14673973369417,0.135631035302968
10,prec,MAR,-0.0388405452273878,FALSE,-0.177642538903872,0.119529005056563
11,prec,APR,0.118574510101921,FALSE,-0.046526259619127,0.2645162275559
12,prec,MAY,0.0813306162504479,FALSE,-0.0483854262209238,0.225374922884761
13,prec,JUN,0.0876722464006789,FALSE,-0.056870587410062,0.2359194208804
14,prec,JUL,0.0507387671490322,FALSE,-0.0956861790406323,0.179474798579461
15,prec,AUG,-0.0825715194780794,FALSE,-0.252738312022757,0.123365483158106
16,prec,SEP,0.0317855197203837,FALSE,-0.102397346427702,0.184715670331181
17,temp,jun,-0.0209574533969331,FALSE,-0.155200330361273,0.11437735627532
18,temp,jul,-0.118794113080751,FALSE,-0.290885213598827,0.0697485949159995
19,temp,aug,-0.195703559843332,TRUE,-0.331691036440967,-0.0668592147703061
20,temp,sep,-0.0981170876021514,FALSE,-0.241836913164066,0.03280715031928
21,temp,oct,-0.218433243332857,TRUE,-0.338105587502679,-0.108259264496976
22,temp,nov,0.0217351313143795,FALSE,-0.138782411371927,0.186669946566298
23,temp,dec,0.0178393880985455,FALSE,-0.126714916462734,0.174785775297312
24,temp,JAN,0.00477774285767676,FALSE,-0.170511324418878,0.162731381996998
25,temp,FEB,0.0941540897534452,FALSE,-0.0634619904143035,0.242451964303244
26,temp,MAR,0.18437673395069,FALSE,-0.00354408472285284,0.329950209349348
27,temp,APR,-0.099683931863405,FALSE,-0.26611859984969,0.0538692545678898
28,temp,MAY,-0.123165106412447,FALSE,-0.265518704524461,0.0583838911984425
29,temp,JUN,-0.020873602579474,FALSE,-0.168750581337787,0.125224242608854
30,temp,JUL,-0.0818232686337034,FALSE,-0.231245778226508,0.0754328844105496
31,temp,AUG,0.0344431998018757,FALSE,-0.0983633738161889,0.179410802104789
32,temp,SEP,-0.0703957272448082,FALSE,-0.217853831314727,0.0716749338661609
