id,varname,month,coef,significant,ci_lower,ci_upper
1,prec,jun,0.181712373098781,FALSE,-0.0850627414683058,0.447842025687975
2,prec,jul,0.0912854187516419,FALSE,-0.0647605843854397,0.279961763810291
3,prec,aug,0.142746465386841,FALSE,-0.0326085020864261,0.324073868065185
4,prec,sep,0.00897413506531544,FALSE,-0.174760555817264,0.221008737982655
5,prec,oct,0.0668843992125736,FALSE,-0.0970120899237606,0.226891804456445
6,prec,nov,-0.0675144300745986,FALSE,-0.256340383918543,0.110532751126017
7,prec,dec,-0.181267817085343,FALSE,-0.391500687688265,0.0358844282328466
8,prec,JAN,0.0158661323369459,FALSE,-0.154261942611732,0.173481506160272
9,prec,FEB,-0.0574020127125141,FALSE,-0.238133916524488,0.12830096968573
10,prec,MAR,0.0211646589539094,FALSE,-0.152864284186853,0.186467763578849
11,prec,APR,0.10369809557734,FALSE,-0.0843456504517606,0.308311186555558
12,prec,MAY,0.238220563837863,TRUE,0.0676022661298199,0.395919277270092
13,prec,JUN,0.132588560661382,FALSE,-0.0841458872258719,0.352424006851959
14,prec,JUL,0.0993893615605224,FALSE,-0.0851839781803231,0.280159610846983
15,prec,AUG,0.0620772837612094,FALSE,-0.161242328078062,0.255710234462994
16,prec,SEP,0.0762315670675215,FALSE,-0.121978463249958,0.252122046775852
17,temp,jun,-0.122641489697046,FALSE,-0.324665507102369,0.0854804221888154
18,temp,jul,0.0233934870129646,FALSE,-0.163931905085177,0.213194914926029
19,temp,aug,-0.0132339857611073,FALSE,-0.183668047183749,0.164719043788463
20,temp,sep,0.0970393612861341,FALSE,-0.0811947626317044,0.295500477143178
21,temp,oct,-0.0460972977248698,FALSE,-0.247307958700093,0.152639767260941
22,temp,nov,-0.00510675874011006,FALSE,-0.215265666414426,0.18437058040931
23,temp,dec,0.0793526265441808,FALSE,-0.108177304948909,0.258480258792367
24,temp,JAN,-0.150399008793067,FALSE,-0.341918646197439,0.0610349950887272
25,temp,FEB,0.104004997446758,FALSE,-0.108742612649087,0.301076600610113
26,temp,MAR,0.0630730956755448,FALSE,-0.138321257422254,0.24793080649276
27,temp,APR,0.0750427445851934,FALSE,-0.105884069510697,0.247315870208431
28,temp,MAY,-0.171728210012747,FALSE,-0.360045136184147,-0.000374154622548681
29,temp,JUN,-0.157180572551918,FALSE,-0.412670202203605,0.117187356866724
30,temp,JUL,0.00697431509498792,FALSE,-0.185763147007448,0.245098729718192
31,temp,AUG,0.002138983617996,FALSE,-0.190845545041761,0.176110734889632
32,temp,SEP,0.0407313599980004,FALSE,-0.167226711287717,0.234463451887118
