id,varname,month,coef,significant,ci_lower,ci_upper
1,prec,jun,-0.00229469757875787,FALSE,-0.158528806351869,0.17043088137081
2,prec,jul,0.0748327047890653,FALSE,-0.0751064561958895,0.228410708928496
3,prec,aug,0.0403821183537289,FALSE,-0.0994856831763432,0.210159044618499
4,prec,sep,0.209881871355794,TRUE,0.0674189865563128,0.356545535677466
5,prec,oct,0.179152428507168,TRUE,0.0386104743391483,0.320780141000947
6,prec,nov,0.0843754958273935,FALSE,-0.0467245745419278,0.200141731466579
7,prec,dec,0.07526030171308,FALSE,-0.0658714854869968,0.214221351896662
8,prec,JAN,0.244182182695407,TRUE,0.0913965545478007,0.381839893666047
9,prec,FEB,0.0254914862998514,FALSE,-0.123209475482686,0.172793846321282
10,prec,MAR,0.083749929749225,FALSE,-0.0398502894810225,0.211610017609267
11,prec,APR,0.0759201363819121,FALSE,-0.0580669641627769,0.215184089545779
12,prec,MAY,0.116605211286514,FALSE,-0.0187019561541551,0.260733374360719
13,prec,JUN,0.117611680926826,FALSE,0.00577798631702581,0.258291693384723
14,prec,JUL,-0.144619031724556,FALSE,-0.274111182809555,0.000888081269435542
15,prec,AUG,-0.0988459525105604,FALSE,-0.232887246520875,0.024123540799976
16,prec,SEP,0.0530496975530139,FALSE,-0.0950909533621769,0.185484628020774
17,temp,jun,-0.0606737369081746,FALSE,-0.182889479413022,0.0904771590542789
18,temp,jul,-0.165061389202239,TRUE,-0.294794856780545,-0.0289277745990853
19,temp,aug,-0.166568931863747,TRUE,-0.313177423409009,-0.0188198092217323
20,temp,sep,-0.0950055571108128,FALSE,-0.226760761261027,0.0352325520955798
21,temp,oct,-0.0993421926370207,FALSE,-0.243327671339284,0.0588874381961075
22,temp,nov,-0.0350197778460126,FALSE,-0.1962055102701,0.121023505464587
23,temp,dec,-0.0394071508590356,FALSE,-0.195362428300623,0.0798938967734269
24,temp,JAN,-0.0662352812001434,FALSE,-0.192407602384865,0.0757351864849903
25,temp,FEB,0.0206030307980945,FALSE,-0.12897553367423,0.170542059682684
26,temp,MAR,0.0824666758143018,FALSE,-0.110129861096114,0.235842760964912
27,temp,APR,-0.0728022281800331,FALSE,-0.222052605120399,0.053218697589289
28,temp,MAY,-0.103661852195244,FALSE,-0.233286375296173,0.0487743895628548
29,temp,JUN,-0.056737960764946,FALSE,-0.2023075785577,0.0950445948917979
30,temp,JUL,-0.0461819339704525,FALSE,-0.184169364477308,0.0999622709891075
31,temp,AUG,-0.115862033500263,FALSE,-0.261959535317738,0.035660305770818
32,temp,SEP,-0.0787197481520314,FALSE,-0.219394076879167,0.0639483417026946
