id,varname,month,coef,significant,ci_lower,ci_upper
1,prec,jun,-0.0139615213138897,FALSE,-0.191941987456085,0.128901177019693
2,prec,jul,0.287459246509059,TRUE,0.146071214625086,0.420805476456747
3,prec,aug,0.00147661375134255,FALSE,-0.163202432104519,0.148463011420657
4,prec,sep,0.108239349064399,FALSE,-0.0582080319389711,0.280473133920246
5,prec,oct,-0.00529404087009,FALSE,-0.15725191043117,0.161906338599331
6,prec,nov,0.157496580611652,FALSE,-0.022689896234976,0.329778724874214
7,prec,dec,0.0570746874118891,FALSE,-0.0748602967161844,0.194546905287295
8,prec,JAN,0.208420981548431,TRUE,0.0348067324253354,0.390740909406619
9,prec,FEB,-0.0278149845623796,FALSE,-0.228099443088476,0.148463822139971
10,prec,MAR,0.0272047095529724,FALSE,-0.121091346827377,0.173350887000629
11,prec,APR,0.00232090204754083,FALSE,-0.1542693576003,0.144815280600224
12,prec,MAY,0.0831890302673798,FALSE,-0.0660775208083477,0.235687678453493
13,prec,JUN,0.109650095895647,FALSE,-0.0237048879977192,0.22933491286509
14,prec,JUL,0.148483032362913,FALSE,0.00137461107732716,0.346588618146563
15,prec,AUG,-0.0388123708807932,FALSE,-0.192091152035689,0.0993470056923559
16,prec,SEP,0.109833927084912,FALSE,-0.0605288933192487,0.267118394333592
17,temp,jun,0.00550252312448801,FALSE,-0.166630879190401,0.138665226873988
18,temp,jul,-0.0916767858223391,FALSE,-0.259908514552267,0.0777481629620316
19,temp,aug,-0.0607104277346824,FALSE,-0.228246635830258,0.113344550093953
20,temp,sep,-0.00336195106841275,FALSE,-0.166256588797023,0.162724589096466
21,temp,oct,0.0106805637235585,FALSE,-0.145816695562329,0.16774868239116
22,temp,nov,0.130179311036633,FALSE,-0.0899611722771106,0.303368263483806
23,temp,dec,-0.0283776188818133,FALSE,-0.217844264542803,0.154230330228839
24,temp,JAN,0.0697957982306591,FALSE,-0.112344773173711,0.246618071160408
25,temp,FEB,-0.00752581858149308,FALSE,-0.197507102294125,0.160381589458535
26,temp,MAR,-0.00395698005877719,FALSE,-0.167369503644541,0.162504847655162
27,temp,APR,-0.110047132789719,FALSE,-0.267543387354978,0.0372515814162371
28,temp,MAY,-0.0281746788714895,FALSE,-0.182146705119535,0.128276641870215
29,temp,JUN,-0.0161122527863604,FALSE,-0.193183994773974,0.143583833453864
30,temp,JUL,0.0752872855814099,FALSE,-0.10819103202789,0.269104653665767
31,temp,AUG,-0.0684268562964845,FALSE,-0.25920894446689,0.0996395689241261
32,temp,SEP,0.150723934054224,FALSE,-0.010051584814448,0.287662646343796
