month,temp,prec
Jan,-22.2304583387636,8.51563335328216
Feb,-18.8359853355479,14.0641420106846
Mar,-13.6105655519317,12.9628425850065
Apr,-5.33478126163107,8.18463266049438
May,2.69318946418009,24.5553810714593
Jun,8.25846817164742,59.7439750032585
Jul,10.6919099307003,67.2210969525745
Aug,8.6752316278967,45.0093902279868
Sep,3.24098219705763,30.3740800832492
Oct,-5.9500092309484,12.8533513213473
Nov,-17.5475636219792,11.7047828740377
Dec,-20.9972407886891,14.2450117220316
