month,temp,prec
Jan,-19.759509153918,13.3261390914823
Feb,-17.3723607878493,15.5137867053419
Mar,-12.9372034678264,17.0782937162681
Apr,-5.23953452452337,10.6958476515578
May,3.31196298016067,19.6654354183178
Jun,9.10804441652095,66.1143362114521
Jul,11.2086412783556,83.762244226046
Aug,9.01417745806467,65.4742618513751
Sep,3.55041525602442,40.7194829404196
Oct,-5.83447447735552,17.6313889121051
Nov,-16.3308680124719,18.7897237467216
Dec,-18.8766847291908,17.6751896140792
