month,temp,prec
Jan,-8.89817774024116,64.6293734655452
Feb,-7.18471482192209,62.1696680307143
Mar,-4.77815259837596,54.5834769902406
Apr,-0.335408350135872,46.3087592177072
May,4.50226898623621,51.6309045031648
Jun,8.40906062637356,61.515761823796
Jul,10.8932401726878,69.7627255262918
Aug,10.3631466272796,86.9739822922147
Sep,6.69559910370374,111.955174211265
Oct,0.396328996905071,95.6558755201805
Nov,-6.46742190532985,69.0320035654685
Dec,-8.37904339118462,77.3119083089693
