month,temp,prec
Jan,-18.9525493151415,48.4822521794161
Feb,-15.0901260679111,55.7808280733213
Mar,-10.0591943944199,48.8746659348428
Apr,-2.88464874689424,37.2918571360395
May,3.7440000715221,51.392458934372
Jun,8.68344450449703,77.0780820289384
Jul,11.1485147161573,79.2902399301034
Aug,9.46005585273663,85.6006543620796
Sep,4.54743897748383,102.515152878651
Oct,-3.5403207136274,82.0987541728983
Nov,-14.662409364989,55.6659029917959
Dec,-17.7832243486027,67.879721242776
