month,temp,prec
Jan,-4.18812770782724,110.065596008312
Feb,-3.48109214913917,88.9870434736731
Mar,-1.56714699383275,79.1486120489458
Apr,1.66080618541966,68.1000106811332
May,5.5494749109813,82.9524485257433
Jun,8.96104511992419,79.8234481226392
Jul,11.5951974068494,75.8620546767464
Aug,11.870043339022,106.007337364563
Sep,8.90762294429893,136.18038664603
Oct,3.25988317174112,127.823465515113
Nov,-1.25488818678248,102.251909839546
Dec,-3.64552457409635,111.554888325284
