month,temp,prec
1,-5.53789152467978,73.538594883791
2,-4.41202431391286,62.9323734149497
3,-2.30556343764987,52.3267707087159
4,1.443604513623,42.8284927813534
5,5.5736768671233,44.1917773367624
6,9.26449177245422,43.5318228428801
7,11.5311961944495,50.7180068165607
8,11.5003224557969,71.3104519970357
9,8.30028656065372,101.460103927937
10,2.59704103401706,91.8893463641171
11,-2.66487040232509,73.246726091277
12,-4.87791940848396,81.276346260075
