month,temp,prec
Jan,-11.6537842792969,121.407200819896
Feb,-8.6008266419252,122.779489611328
Mar,-4.96004298561544,110.799022325333
Apr,0.348598790517868,95.0814816112224
May,5.37868796419204,106.02090244697
Jun,9.56917962934047,105.434717590166
Jul,11.8776896397823,103.485209504257
Aug,10.9871907752304,147.187537135582
Sep,6.95161734349804,210.231502403051
Oct,0.448272621249638,207.59022267621
Nov,-7.9670353394342,133.678584958597
Dec,-10.8668993661597,160.655249616048
