month,temp,prec
1,-13.069811770944,42.4948205792424
2,-10.6857346837036,44.9562719145186
3,-7.35166053921122,39.6866121771639
4,-1.65060275534174,33.0734069966168
5,4.3088421950228,41.3761947710155
6,8.70743013567063,65.3798595811184
7,11.1841458083263,75.8408077311988
8,9.98407167392317,79.9551429468659
9,5.60402204611142,89.0408514149376
10,-1.73043820502606,67.9921849682161
11,-10.4377166700726,48.9450965640746
12,-12.429903420866,55.1354566419969
