month,temp,prec
Jan,-8.89817741544632,64.6293776390847
Feb,-7.18471444499864,62.1696710173888
Mar,-4.77815216443835,54.5834799178296
Apr,-0.335407937002656,46.3087624069505
May,4.5022693104934,51.6309076044015
Jun,8.40906090704209,61.5157626236777
Jul,10.8932404361166,69.7627259360365
Aug,10.3631469247504,86.9739857611859
Sep,6.69559944121256,111.955179886848
Oct,0.396329370487125,95.6558828730662
Nov,-6.46742138560525,69.032007754589
Dec,-8.3790430248618,77.3119132081781
