month,temp,prec
1,-16.6038586921357,13.241723526336
2,-18.4059257128628,10.4995725182591
3,-15.6705821368428,12.9991726853695
4,-10.0931666358765,12.7451992507185
5,0.373815206324371,12.2471650967194
6,6.65650631076937,26.7456614216223
7,10.8886119238859,51.0058380241926
8,9.94629345130615,60.9943418398232
9,5.12528699402322,48.4893430219771
10,-4.27409345822546,20.9949187793677
11,-12.0152532660284,17.9929163840197
12,-16.551649325442,13.9945892912473
