month,temp,prec
Jan,-20.9223836276241,9.51994750524196
Feb,-18.3188845679012,13.4674548831244
Mar,-13.6812686694607,13.9872227146854
Apr,-5.82874680000586,7.59580090169529
May,2.56031000085284,18.8859148616546
Jun,8.08714705113331,65.8980174414575
Jul,10.3936599737847,78.96972647056
Aug,8.14982364864815,54.1456309013022
Sep,2.79642331345167,29.1425079550146
Oct,-6.59013654054484,10.1008708708269
Nov,-17.6566526726651,14.7882283912687
Dec,-20.0899331402508,14.5013741934515
