month,temp,prec
1,-26.715092317913,3.44688347220577
2,-26.1706030058476,9.00900302618034
3,-22.2827238191617,12.1705356136105
4,-13.8986832051002,6.57778894697041
5,-1.55008745051236,7.33857357769961
6,6.09423056667511,35.2952556106608
7,8.34517216856233,49.4943672845375
8,5.97537607938201,45.5093302449468
9,0.0778663797244721,19.0117240597246
10,-10.8345899081746,0
11,-21.7154465334805,5.44953704296209
12,-25.3941945742102,5.30101440493737
