month,temp,prec
Jan,-21.5168783151664,7.28663897385974
Feb,-18.8847774747755,10.7961591598535
Mar,-14.0751411433342,12.2966343600735
Apr,-5.9265987028512,5.81344615038594
May,2.74230654980426,17.7827588255004
Jun,8.39176942047824,65.5275115409741
Jul,10.6077030728454,78.4592989873613
Aug,8.27766306755636,51.9257067776372
Sep,2.79662072502836,24.6846723037357
Oct,-6.83861175434685,6.81165815845679
Nov,-18.056570748618,12.8150220983406
Dec,-20.6552925368788,11.7816180566141
