month,temp,prec
1,-23.9835915708086,0.718506663985549
2,-21.3428739358943,0.749728331236643
3,-15.4201395843764,2.49190095362434
4,-5.55161193790909,0.509046533137265
5,4.80378311677834,11.1251923248605
6,11.3033667419053,48.0167182345564
7,13.2800313559166,57.919090742618
8,10.5057101030779,40.1218232339097
9,4.31483033169831,7.54399400843276
10,-6.97049870146788,0.737700221792364
11,-18.6287271189897,6.33677683735502
12,-22.6116528607422,1.33418312701712
