month,temp,prec
Jan,-23.9835915708086,0.718506663985549
Feb,-21.3428739358943,0.749728331236643
Mar,-15.4201395843764,2.49190095362434
Apr,-5.55161193790909,0.509046533137265
May,4.80378311677834,11.1251923248605
Jun,11.3033667419053,48.0167182345564
Jul,13.2800313559166,57.919090742618
Aug,10.5057101030779,40.1218232339097
Sep,4.31483033169831,7.54399400843276
Oct,-6.97049870146788,0.737700221792364
Nov,-18.6287271189897,6.33677683735502
Dec,-22.6116528607422,1.33418312701712
