month,temp,prec
Jan,-24.1610739183346,1.68157917556305
Feb,-21.4528151211506,1.987729356017
Mar,-15.3153488131049,3.50606269718387
Apr,-5.32757359624955,1.2803294242344
May,5.11701996802957,10.7391314501607
Jun,11.6032766938176,46.4349514398452
Jul,13.4881940145009,57.4414764238487
Aug,10.6522140175341,41.0996578011637
Sep,4.45637630072213,9.14251937074999
Oct,-6.8956728201925,0.739507537083692
Nov,-18.7037911140777,8.6209294345054
Dec,-22.7549869856205,2.95692679767923
