month,temp,prec
1,-26.5237337371009,0.450791486142691
2,-26.0971112415905,0.250347301344926
3,-22.6473230036173,1.28200609137626
4,-13.8670334627542,0.24535698969021
5,-2.48498622421598,5.50836549832273
6,5.66952332334656,30.3628520624569
7,8.55154763343361,40.2799857614652
8,6.45421783231252,29.6986991886602
9,0.645244803148034,3.02565655206645
10,-10.1295000178146,0.501526321298972
11,-21.4461476662032,1.26448964791059
12,-25.3097558221312,0
