month,temp,prec
1,-21.7576820620601,18.3159044414368
2,-18.6112699792911,22.26309036147
3,-13.8515489861884,20.3347255759935
4,-6.08055198953171,14.9801663043479
5,1.54655687596322,33.1968552065055
6,6.89508468588238,63.2608581614881
7,9.43146037223156,74.0590320679989
8,7.69362630570024,50.7666095241335
9,2.54077911950206,41.1714422229136
10,-5.82080228630984,23.9137812904063
11,-17.0191243437593,19.6452780287106
12,-20.4289138465266,21.7510098144633
