month,temp,prec
Jan,-25.8922366020001,8.30436131876627
Feb,-24.1183992539817,9.86947219970597
Mar,-18.3764709764096,12.6425548010458
Apr,-8.78483115778246,8.303196670053
May,3.47212570683836,11.1263055333535
Jun,11.0581668154721,39.2095320772217
Jul,12.6875173256164,53.5129603230448
Aug,9.61430840428826,52.3238596543517
Sep,2.76101086700642,25.520794576721
Oct,-9.0564870669954,9.28207931654026
Nov,-20.5699740052096,13.0922445492164
Dec,-24.315553637254,11.3175575714052
