month,temp,prec
1,-19.8287774598686,46.0839331193341
2,-17.2142665693145,52.5487287222237
3,-13.5233926121777,48.6822174798851
4,-7.0243579044998,35.1983564281663
5,-0.304675307137489,53.8766525043352
6,4.6247177590069,80.8277608501817
7,7.26410524341057,91.4767178865247
8,5.98418781665294,78.0472347818624
9,1.32587428023423,83.3978865799039
10,-5.94339647031976,63.9958318625475
11,-16.4638793144033,48.774096560622
12,-18.7823364265875,55.9250161856596
