month,temp,prec
Jan,-21.9030611377671,17.3483775511067
Feb,-18.7500776094559,24.8248342299726
Mar,-14.1464865527734,22.3572829921447
Apr,-6.4989702625847,15.1944290581257
May,1.09882901801521,32.8418447893506
Jun,6.44482672170862,66.7149154584311
Jul,9.02554703201072,74.4659712043425
Aug,7.27604297278842,53.0637044951435
Sep,2.11658597712293,43.6190384176708
Oct,-6.39151780996322,23.5530996288852
Nov,-17.7623978425748,20.0946822059006
Dec,-20.7435515165845,23.8820197402871
