month,temp,prec
Jan,-13.0380668931738,36.3228356956544
Feb,-11.8688672483529,40.9923594200692
Mar,-8.45744625336697,42.9952778675528
Apr,-3.20501042843922,30.034033977332
May,3.40830495128197,33.460097625608
Jun,8.00254644958887,58.6694239410055
Jul,10.4142232044394,70.4289928921789
Aug,9.62844481125675,87.3434378828359
Sep,5.539202565235,89.1983615256131
Oct,-2.21901628048903,55.8381814371413
Nov,-9.57838763614008,44.5504734251621
Dec,-12.3781423760156,44.8795556535213
