month,temp,prec
Jan,-27.1582560915991,3.37422750262654
Feb,-25.8248145727167,6.29899277848734
Mar,-20.7474940225085,9.618123308336
Apr,-11.3019484697461,4.58074439252201
May,1.0600046671248,7.90090422920899
Jun,8.75437080888874,40.2272253587138
Jul,10.5904769636693,53.0591636853193
Aug,7.66236521149234,45.0143333005716
Sep,1.01095513090496,14.2704745936897
Oct,-10.6622290767507,1.74969484561727
Nov,-22.3389063088785,7.32614903955908
Dec,-25.7326810652255,3.93891003637887
