month,temp,prec
Jan,-27.1582582026905,3.37420678269276
Feb,-25.82481707347,6.29897132512373
Mar,-20.747497835526,9.61812003355787
Apr,-11.3019534089108,4.58072413734137
May,1.05999720059657,7.90088639373028
Jun,8.75436240417587,40.2272514072581
Jul,10.5904694989046,53.0591981234597
Aug,7.66235859719816,45.014301455037
Sep,1.01095020573856,14.2704177157733
Oct,-10.6622326018298,1.74967034146285
Nov,-22.3389116671713,7.32612092365652
Dec,-25.7326850767844,3.93887680489323
