month,temp,prec
Jan,-27.1582560940803,3.37422751222893
Feb,-25.8248145771279,6.29899279710162
Mar,-20.7474940285534,9.61812330068845
Apr,-11.3019484751596,4.58074440953628
May,1.06000466629354,7.90090424632682
Jun,8.75437081009369,40.2272253205227
Jul,10.5904769644753,53.0591636331392
Aug,7.66236521185885,45.0143333148846
Sep,1.01095512974016,14.2704746361024
Oct,-10.6622290793968,1.74969485690104
Nov,-22.3389063089431,7.32614906066729
Dec,-25.7326810658834,3.93891005120953
