month,temp,prec
Jan,-4.66945743899971,161.730562119823
Feb,-2.39873585306358,124.933647527169
Mar,0.243636993478633,113.624099350531
Apr,3.75767898847239,100.113693845049
May,7.33363496306385,93.1327246358672
Jun,10.4853598108588,89.0681341507162
Jul,12.6296834943037,95.1339719024576
Aug,12.7138561281282,118.924829933093
Sep,9.73796832001872,178.684707331122
Oct,5.54380450747259,260.758150006362
Nov,-0.39482880456937,180.949830467604
Dec,-3.3729218950712,168.90483506423
