month,temp,prec
1,-21.456822343752,34.5839577765373
2,-19.2395691650524,43.7577428866485
3,-16.1440826529327,42.1282582346512
4,-9.83641125492089,28.2346966000055
5,-3.00029422242049,46.7089704797254
6,1.98154473762457,79.7726567815166
7,4.7996314238447,91.8192475770548
8,3.67683941177852,67.7607127677843
9,-0.946859019400383,60.9172719556438
10,-7.91659172334929,38.9013101383288
11,-18.5101855818784,35.8742405836713
12,-20.5606184398333,40.4807796373343
