month,temp,prec
Jan,-0.285078736723193,192.798218737797
Feb,1.03575829011957,153.237435489338
Mar,2.40150523118866,139.80854589166
Apr,4.76401859287995,127.112345591244
May,7.60906727542257,109.396878639427
Jun,10.3382373313133,98.58742685479
Jul,12.4741465769691,98.6742973812077
Aug,12.949145606478,128.30457628261
Sep,10.8174192899821,200.50800132099
Oct,7.21321344895237,297.888764613537
Nov,2.63067172255858,215.886012554476
Dec,0.554863296360325,203.810945084089
