month,temp,prec
1,-8.1504900090885,139.247294285306
2,-5.78631327850652,125.511075332755
3,-2.96211340799454,114.035501449482
4,1.5330520436214,84.9650845394576
5,6.01087491810502,94.9818076996845
6,9.83525834671315,81.2476437270309
7,11.7862714256354,98.0090549401651
8,11.2370319477541,134.240963787615
9,7.67359138197471,193.014637594955
10,2.63601147007823,209.757831814986
11,-4.07381648301559,144.727276405714
12,-6.99066501698995,165.619275681935
