month,temp,prec
Jan,-12.8470906758157,83.0168416448444
Feb,-10.6515450719066,75.3783336784831
Mar,-7.13773500058286,57.9012584120591
Apr,-2.65974033249114,45.5827327542599
May,2.72880825749329,36.9723396056634
Jun,7.11566157792302,45.2573650889694
Jul,9.68981086365513,53.7178697157204
Aug,8.88045653034881,62.8916980473056
Sep,4.81195741392708,92.2995976876923
Oct,-0.414764870208067,125.530547790157
Nov,-8.16782292361974,95.5966375687718
Dec,-11.7365745594044,89.299217054571
