month,temp,prec
Jan,-9.95213148288326,92.1533008142525
Feb,-7.37586636160327,75.2306343446149
Mar,-3.58180857842211,65.1535095107686
Apr,1.04037211124667,51.5276777985075
May,5.54557874528555,54.9057485450712
Jun,9.32412821892719,57.5865584469747
Jul,11.3817094756418,65.4243933321532
Aug,10.9125423053007,85.5984749458641
Sep,7.41478601029786,114.901060619044
Oct,2.98196679822429,146.266992511973
Nov,-3.86857034985838,98.6000593742841
Dec,-7.28155977500024,92.3852142086834
