month,temp,prec
Jan,-9.95205381393459,92.1539048897129
Feb,-7.37579143873105,75.2310938615501
Mar,-3.58175467617785,65.1539791976212
Apr,1.04041556817291,51.5280810319063
May,5.54561310842133,54.9061543903934
Jun,9.32415541686758,57.5868311514416
Jul,11.3817306526327,65.4247244315412
Aug,10.9125665378477,85.5990267061417
Sep,7.4148180432988,114.901881911277
Oct,2.98200480717717,146.268137347676
Nov,-3.8685176799984,98.6007602337917
Dec,-7.28149587400281,92.3858495458254
