month,temp,prec
Jan,8.61177896878166,61.3102899398466
Feb,9.25886604240046,77.7849985432089
Mar,10.6508189956571,64.4548126572884
Apr,12.9726744304559,56.8948022657565
May,16.308331517025,40.3167358454124
Jun,20.4320134378635,19.6503394824833
Jul,24.0955757422934,8.70243139605804
Aug,24.155614935205,12.9998595640002
Sep,21.5494569518928,36.1685161797884
Oct,17.1135108520963,60.0603326019777
Nov,12.6316139202771,64.1453638811281
Dec,9.48671834211058,73.1960680987533
