month,temp,prec
Jan,4.19293941051214,106.022669367944
Feb,6.86631260876148,121.212325850946
Mar,11.823700283843,136.280872711066
Apr,17.2286251434945,125.859392667222
May,21.9159898485056,128.497227918543
Jun,26.0834731265137,98.3869953764542
Jul,27.7633612719991,100.874773776936
Aug,26.9267952670381,69.5092748298064
Sep,23.4885127681769,82.1115036059328
Oct,17.4401942341817,81.7372506643347
Nov,11.6985556271411,130.960084435215
Dec,6.58198339183522,142.895585988617
