month,temp,prec
1,4.29593338145861,75.7462796312712
2,6.81756843026486,94.0043946778383
3,11.850773097626,123.50610352294
4,16.8840957264029,121.253534237565
5,20.8791040196421,141.002395799249
6,24.8981509772416,104.748868210932
7,27.1423318662624,101.504996109657
8,26.538288271954,79.4998076820235
9,23.0499387709367,106.253586593393
10,17.2141687005448,106.006406692393
11,11.1657880164395,122.755611841817
12,5.92597746198507,115.504706447966
