month,temp,prec
Jan,5.64927412319181,86.5012721904104
Feb,8.22590066218077,97.0000494455618
Mar,13.0466238049087,115.24188662066
Apr,17.8166073114064,115.745730515674
May,21.8066404042204,127.99793882825
Jun,25.7066436755828,108.252681828188
Jul,27.8975550129304,96.2442622177847
Aug,27.4942861677048,75.2380820380044
Sep,24.0275908858818,99.2451715134093
Oct,18.1958595957156,104.996184389363
Nov,12.355994423493,120.74285093771
Dec,7.23680659959526,113.745002943514
