month,temp,prec
1,3.01149374838189,88.6872027198972
2,5.72830896294492,105.528860397328
3,10.9766469007689,128.835733027859
4,16.5825221667089,128.072184429126
5,21.2050302379521,137.505137072949
6,25.5983728963324,93.005773728838
7,27.5717258307946,88.7771363747401
8,26.5517311496917,82.1158682013177
9,22.9132989271286,93.6116610811984
10,16.6833949213657,80.9331319303645
11,10.6999301641987,119.707223950024
12,5.51502401235217,126.422537378894
