month,temp,prec
Jan,1.6159721461823,47.5194248075926
Feb,4.37869515702158,60.8074875421835
Mar,9.63779948355242,99.433196979014
Apr,15.2877518923102,106.222212734983
May,19.3978331327339,132.14389773367
Jun,23.8370487276767,117.094904887
Jul,26.5878934128475,76.8921875901327
Aug,25.8054548085634,86.8590281222677
Sep,21.8603710804272,114.338657212034
Oct,15.716903176901,98.8663433007186
Nov,9.38855717843758,94.793396716895
Dec,3.79935093376855,76.0110317243311
