month,temp,prec
1,2.22011899805327,59.0000144732237
2,4.70339495298577,75.2500685364144
3,9.94900217114308,109.997853010974
4,15.3515064725121,106.752298694023
5,19.4356133314878,126.758638405508
6,23.7188197396315,106.752793702108
7,26.2288470748695,82.0001233474461
8,25.4313466445658,83.0004456533054
9,21.6422942576291,106.00094188594
10,15.7832805671882,91.0044124692735
11,9.69330398378795,106.248059457992
12,4.06839335900557,97.0020620333343
