month,temp,prec
Jan,3.1191863719995,89.3914806267817
Feb,5.62094660869641,102.259832349893
Mar,10.9916406197349,130.058667937825
Apr,16.5050652520986,127.603185214391
May,21.0550701955508,130.620164333179
Jun,25.509240963818,85.5541272937389
Jul,27.4567916753347,83.0365271078351
Aug,26.4675583430103,78.8811789032358
Sep,22.8459022573304,94.9631303905769
Oct,16.5075986019784,80.2703598490713
Nov,10.6225678617998,117.72697176326
Dec,5.36334251120097,124.595529365802
