month,temp,prec
Jan,2.36012163830988,62.7530755626998
Feb,4.8800726454024,77.499903015823
Mar,10.289947272624,112.753077848909
Apr,15.6032124209626,108.25328024034
May,19.7714244026648,125.258656499682
Jun,24.1305327786867,103.247286592456
Jul,26.5330119107623,82.7498363313044
Aug,25.7055565195568,80.7489855213086
Sep,21.9173257941948,106.756949042995
Oct,15.9440589412764,87.5020152864686
Nov,9.87412515399945,110.00134099568
Dec,4.20423256965217,102.257933715848
