month,temp,prec
Jan,4.39601563786211,73.6876105929582
Feb,6.90203709031411,91.7833059745915
Mar,11.897668038771,120.395054072543
Apr,16.892310340566,119.383006702137
May,20.9289609273584,142.461403805985
Jun,24.9621920823468,106.617133092555
Jul,27.2462046497046,102.357204278956
Aug,26.7122476569214,75.0718860023645
Sep,23.1890183518003,107.705378489532
Oct,17.3531275829741,109.525056587086
Nov,11.2849558143314,120.205833724977
Dec,6.05590906579557,109.346358755037
