month,temp,prec
1,2.36012166241742,62.7530758603292
2,4.88007266485677,77.4999033900844
3,10.2899472843737,112.753078146344
4,15.6032124221537,108.253280426858
5,19.7714244017736,125.258656885737
6,24.1305327710988,103.24728644781
7,26.5330118964599,82.7498364141358
8,25.7055565069252,80.7489852858954
9,21.9173257933939,106.756949224022
10,15.9440589435798,87.5020153260802
11,9.87412516250447,110.001341320783
12,4.20423258577464,102.257934135816
