month,temp,prec
1,8.57053362615467,40.6011756713025
2,8.34718498783933,44.9795277643158
3,6.894982726402,47.7065681868836
4,4.81760345276352,49.0751671442884
5,2.14618111238166,45.269330201063
6,0.298920726388248,38.7593323420013
7,0.12387757398117,34.4622238527601
8,1.35351035962042,34.5787230907839
9,2.7327041170028,34.1606570228744
10,4.95591746916202,33.6753186858883
11,6.46152545702228,37.7859219500895
12,7.91972126145398,40.9335002981826
