month,temp,prec
1,8.60767267683881,43.158413420407
2,8.4052379602306,47.5722500638696
3,6.91040946216821,49.2742716373468
4,4.8414641531508,50.5819913808202
5,2.17753966789455,47.1418673923628
6,0.258750990120307,39.2633084925003
7,0.0911205656060293,36.5536906255022
8,1.43403081703453,32.3456695636983
9,2.62822581772356,34.4787817304845
10,4.90382360033963,35.3534069752426
11,6.44867025985201,39.4935365599585
12,7.95524073170473,43.5233199812563
