month,temp,prec
Jan,12.5498946328078,41.4251373468111
Feb,11.7831834764004,46.6661328771227
Mar,9.91577460779208,62.874122133194
Apr,7.23919891934698,86.6807565962381
May,4.7393026796921,174.692160166553
Jun,2.55594686295928,212.678846584149
Jul,2.00269399817431,222.669499095515
Aug,2.51185405264246,182.575149265695
Sep,4.05930878826204,112.446860961879
Oct,6.46171736311553,74.4613513514144
Nov,8.84003919243035,45.5310693043722
Dec,11.074145829775,56.849648720714
