month,temp,prec
1,13.7450520481719,19.7820767009684
2,13.1050860122905,23.7028287356216
3,10.7552356835657,35.8656321828769
4,7.5478000083791,49.8095312640374
5,4.51786455735999,113.306309949978
6,1.92953932493407,139.235821382107
7,1.3653813998278,129.111976855664
8,2.22204605056267,104.776387159886
9,4.08864682810959,56.5408832700526
10,6.91102090868412,37.5447105005747
11,9.68180393762136,29.0924190901413
12,12.0675730309677,31.151223918392
