month,temp,prec
1,15.0206169714806,27.8540875188378
2,14.2381541057383,26.6152018203106
3,11.526638409484,36.7783806008325
4,8.3892493358469,55.169616974233
5,5.69771147465908,150.779474240322
6,3.42195458995511,174.151475035919
7,2.77865818187637,164.434530295847
8,3.37276442183295,137.367904680923
9,5.44180229147298,84.1411679431285
10,8.38077247673655,66.5970691355147
11,11.0948344580814,43.9277362988047
12,13.4739278770763,41.0936912117207
