month,temp,prec
Jan,15.2413705843171,18.7860105818879
Feb,14.390563917769,18.826407991117
Mar,11.4440190469337,26.2612331977337
Apr,8.06082447110338,38.0882164192754
May,5.05258713794091,104.852176273572
Jun,2.58767252931403,124.025981222513
Jul,1.93099596926362,112.241506964044
Aug,2.63423409042113,96.6627260891502
Sep,4.96913394838266,56.162767026637
Oct,8.24565820872027,45.1566473004297
Nov,11.1897072229345,30.0416352701649
Dec,13.6788459494256,27.8243851557442
