month,temp,prec
Jan,14.5689931832033,23.6338550666961
Feb,13.8715187308637,26.4382239282166
Mar,11.3491614118895,41.7008919891535
Apr,8.12262177254043,54.7587423687251
May,5.08685130791237,124.593768966189
Jun,2.60350394435118,156.688352398654
Jul,1.98104391703954,146.450768720731
Aug,2.71016484887454,117.310782462008
Sep,4.69584975629247,67.9102705035236
Oct,7.64158511240255,47.0854392106447
Nov,10.4156579809726,35.7570875659417
Dec,12.8639610413233,36.2894830198198
