month,temp,prec
1,14.3130640815649,28.5824049678513
2,13.583079886534,31.5995301805935
3,11.2001200236812,48.317420428928
4,8.07546230501635,63.447178435247
5,5.17909927254347,142.009621882781
6,2.83013110878348,176.8989728082
7,2.17512592469236,172.982903948699
8,2.86244197305041,139.732790908801
9,4.75210496005778,83.6859318514856
10,7.5734872179891,57.0950993947365
11,10.2415187208138,41.0401949907179
12,12.6380748108994,43.219130141815
