month,temp,prec
Jan,12.1177621147526,45.3465846973809
Feb,11.3511280869346,48.0169785499327
Mar,9.57539396762074,56.24983830115
Apr,6.88210739994295,84.9531483899829
May,4.33381583998213,166.328072380101
Jun,1.91711479521155,183.643579811667
Jul,1.43716639137439,187.155776333609
Aug,2.23550537936302,155.489332335514
Sep,3.90132448997038,98.7000720248494
Oct,6.26708507037296,67.246360828242
Nov,8.69288680770962,40.9665740431622
Dec,10.7753534346955,53.4327831178977
