month,temp,prec
1,12.3899691288421,26.7225112163894
2,11.7499287202866,31.3576009399774
3,9.69995630212446,42.7503491512417
4,6.7566722333549,62.2566671608487
5,3.95506596049839,131.724809715971
6,1.46841026416193,158.544618170243
7,0.923403348819219,158.056301707824
8,1.72843965380709,128.243508514005
9,3.50011307504224,73.7288378179889
10,6.01676112674674,46.9673322196913
11,8.62338401399995,31.9987969572309
12,10.864178467781,37.3327256545346
