month,temp,prec
Jan,13.1663246385623,30.1304846387049
Feb,12.4588120521061,34.2106108350771
Mar,10.2081282628727,51.7399075334984
Apr,7.2282282244253,67.6361099887407
May,4.45744516538139,150.475952191714
Jun,2.15667001870818,192.526794938302
Jul,1.52247903861823,192.857718361728
Aug,2.06748511333481,155.476801471688
Sep,3.83155199860161,92.4873423131702
Oct,6.55895352992922,61.473695485325
Nov,9.09802541161685,43.5929894386811
Dec,11.4563404095283,45.2792379298287
