month,temp,prec
1,18.7293112976586,25.160983718832
2,17.7723013499092,26.6595358011692
3,15.2153816005373,21.0170021043506
4,11.6127127534617,13.0669494623421
5,7.89152031314364,27.9382122224529
6,4.58266605991927,21.3759182705876
7,4.28362139730307,16.0265440596987
8,5.83838406782671,18.3225800071561
9,8.29779033346024,14.9152343453024
10,11.7949626342574,20.8332975492361
11,15.1691826970903,17.895416212453
12,17.8284160265311,18.9708423414047
