month,temp,prec
Jan,18.6903213361181,156.823250328433
Feb,17.8042596755561,130.398632788979
Mar,16.5660080074333,92.6733599811486
Apr,14.1135013176926,24.3792681222292
May,11.2569765673246,9.48407215556393
Jun,8.5298368275873,5.66209416936716
Jul,8.30770285212835,4.41938193872544
Aug,10.520596718787,5.69105806671284
Sep,13.1199642054023,6.1065639703145
Oct,15.5817836902567,27.2092689116586
Nov,17.636865391797,56.4942120206903
Dec,18.7369392803472,115.594863171236
