month,temp,prec
1,13.7450768674372,19.7822278071714
2,13.1051080944278,23.7029401991201
3,10.7552523569412,35.8659197246277
4,7.54781906382118,49.8097548214814
5,4.51788236554681,113.306738791887
6,1.92956052408541,139.236614908935
7,1.36540102204032,129.112697242004
8,2.2220605260195,104.776859056642
9,4.08866287923992,56.5412923587331
10,6.91104108822743,37.5450136395478
11,9.6818226982122,29.0926899032489
12,12.0675951058415,31.1514160977589
