month,temp,prec
1,15.2413623488627,18.7860178235723
2,14.3905561306703,18.826424947713
3,11.4440124709373,26.2612860386607
4,8.06081927879412,38.0882556380856
5,5.05257927501743,104.852181804347
6,2.58766370045272,124.025991446993
7,1.93098821231434,112.241543473673
8,2.63422449549006,96.6627807547237
9,4.96912589133524,56.1627877274459
10,8.24564825272808,45.1566408628503
11,11.1896976380205,30.041644675106
12,13.678836209152,27.8244041148676
