month,temp,prec
Jan,12.0715407914656,47.3377690751087
Feb,11.424842286965,39.3584446064369
Mar,9.5299050242598,48.4898800327507
Apr,6.61823680860418,77.3470820119002
May,3.46650969644788,128.588597099912
Jun,0.703187146671709,112.050917361668
Jul,0.258186994017726,111.335937989431
Aug,1.82152704013535,94.9419999977602
Sep,3.91157426159957,69.7233689318492
Oct,6.53907274628431,45.8397895792404
Nov,9.07824255258445,48.9882822917931
Dec,10.9974690164602,56.0531291897865
