month,temp,prec
1,13.7453304527606,31.4179879356168
2,12.987858734414,32.7702874353937
3,10.5855045390609,49.5613647675356
4,7.55889605562787,66.1564037974597
5,4.8231723049248,158.770817651787
6,2.55740716909147,193.417312766485
7,1.90576898664456,191.827066904664
8,2.42570898972765,157.028983191278
9,4.31309882551937,95.8208820494093
10,7.09879640541198,68.1663519509252
11,9.72869618714562,46.8538143527071
12,12.0745023864386,46.0588357044223
