month,temp,prec
Jan,12.3899691186117,26.7225111592216
Feb,11.7499287129145,31.357600870487
Mar,9.69995629710746,42.7503492539261
Apr,6.75667222994817,62.2566670845644
May,3.95506595543973,131.72480983232
Jun,1.46841026354678,158.544618906284
Jul,0.923403349678518,158.05630269334
Aug,1.7284396418602,128.243509238436
Sep,3.500113060049,73.7288380630349
Oct,6.01676110965912,46.9673322834931
Nov,8.62338399699859,31.9987970493271
Dec,10.8641784547612,37.3327257916296
