month,temp,prec
Jan,12.7748125354339,43.1246075493139
Feb,11.976409768355,48.5534225190829
Mar,10.1140645966574,62.6223719378803
Apr,7.42163918619272,88.1783468729426
May,4.91256384057776,176.325071097087
Jun,2.70407118864995,207.90402435265
Jul,2.13254662281099,214.585566121643
Aug,2.74434661150856,176.813524039309
Sep,4.31852845461297,110.640856949633
Oct,6.74508726067297,74.3710846221004
Nov,9.11676137272576,45.0289046131582
Dec,11.3041154109308,56.7055936127245
