month,temp,prec
1,15.1658634766478,25.0113748229393
2,14.413387534798,26.4190276438688
3,11.6994070709198,41.0763604814787
4,8.43116666034027,54.1059418217354
5,5.42290644730509,128.213666424261
6,2.97047888763317,157.221146918855
7,2.31380290707598,148.703122486785
8,2.99291088610684,121.372510726417
9,5.1352590546231,72.8204475406384
10,8.21179003740464,53.2054807421189
11,11.0483565483671,37.7730390644232
12,13.4866653679959,37.5885503461263
