month,temp,prec
1,15.7741162639602,13.6858917979342
2,14.9041312303016,13.7176425687673
3,11.9950506826554,14.478595605944
4,8.37109421220961,28.064939756978
5,5.43368627337855,89.4366875831846
6,2.91965130463749,103.931691576945
7,2.34377862311797,95.7472121828271
8,3.12954130462391,81.9470756739041
9,5.375251402857,43.586847565505
10,8.70006758614319,35.1606819522526
11,11.8058014918615,21.7755529332507
12,14.3248663970117,19.5190187490746
