month,temp,prec
1,15.4424963412523,9.52477375357872
2,14.6617153806561,12.415612470142
3,12.0000080685522,10.0439004345201
4,8.14506722438115,18.8004037464733
5,5.0518733999166,64.6125758344944
6,2.24612053862388,74.8989098209904
7,1.71446754251627,77.4476573120375
8,2.78106463392517,59.4203904267158
9,4.90518532034689,31.4086995553525
10,8.23595633028212,23.6152791347041
11,11.5184035945498,14.8622738383501
12,14.1741495373267,11.8942275143909
