month,temp,prec
Jan,13.9316645603875,69.4883839308393
Feb,14.3406066780101,59.5007644683295
Mar,12.559617924209,80.0271174728713
Apr,10.1197340394327,117.771802439365
May,7.59932806357629,148.526729346861
Jun,5.9066848224625,132.089770796551
Jul,5.14914606356355,178.610216588971
Aug,5.70913421668687,172.399326233499
Sep,6.85653077945927,140.224780557645
Oct,8.66690004762401,120.208950283073
Nov,10.3634926302499,99.926430157705
Dec,11.899320303075,97.7829796721706
