month,temp,prec
Jan,13.9317083456555,69.4881017847623
Feb,14.3406482636475,59.5005690444661
Mar,12.5596660998802,80.0269508566645
Apr,10.1197842938997,117.771436244817
May,7.59938216029178,148.526412758721
Jun,5.90673909907054,132.089505535728
Jul,5.14919940875444,178.609941007678
Aug,5.70918746348637,172.398946722293
Sep,6.85658233303017,140.224256091892
Oct,8.66694667028733,120.208502654854
Nov,10.3635379167607,99.9260391631665
Dec,11.8993654300568,97.7826376814982
