month,temp,prec
1,-5.43622674764598,104.221545179044
2,-4.64493720145217,91.4813617749666
3,-2.16834792478373,108.656334162647
4,1.10774652370724,126.469798405488
5,5.45206162524186,139.24781462056
6,8.59858748847926,157.753023177799
7,10.8792206177684,164.009266157996
8,10.5932528587997,158.887459515894
9,8.30658902302501,110.738266578131
10,4.60770951248334,90.4840569266306
11,-0.916945675381828,112.216032426964
12,-4.44470855912644,107.477121083487
