month,temp,prec
Jan,-5.43622674515195,104.221545215376
Feb,-4.64493719948129,91.4813618148412
Mar,-2.1683479237677,108.656334182129
Apr,1.10774652465334,126.46979844503
May,5.45206162559485,139.24781465105
Jun,8.59858748900321,157.753023242438
Jul,10.8792206182045,164.0092662179
Aug,10.5932528586536,158.887459569646
Sep,8.30658902363095,110.738266597956
Oct,4.60770951340273,90.4840569325822
Nov,-0.91694567435373,112.216032420215
Dec,-4.4447085568639,107.477121109464
