month,temp,prec
Jan,-3.32568132217678,46.4617014510212
Feb,-1.46062512620701,49.2126064865758
Mar,2.36029631798852,54.7009838202638
Apr,6.96755425364531,66.4558539912719
May,11.7498403064359,89.9555512632735
Jun,14.8041335524528,113.426011663232
Jul,16.643991540805,114.675690174731
Aug,16.3838681404859,104.674013709407
Sep,13.1382766103143,71.4431669630534
Oct,8.15467123841134,55.6742717323235
Nov,2.15459358486405,64.6994061014271
Dec,-1.79711092424654,55.7077079046812
