month,temp,prec
1,1.25696807235106,35.088271284333
2,3.86780832069272,35.2795899560705
3,6.58963859536418,41.9786365125532
4,10.5435305241093,20.6395285399635
5,15.3001513162198,12.8948713174913
6,20.694240151483,9.46304624805337
7,24.187572701035,56.3906274462562
8,22.7658146870821,67.5950788450613
9,19.1378713064774,43.9652051824394
10,13.0433206336426,39.6303978961312
11,6.61111046542149,34.9104784159111
12,1.8545116538791,43.6017039252546
