month,temp,prec
Jan,1.33959554289362,37.2430154492144
Feb,3.81263538574702,31.9901976759007
Mar,5.98071385474305,40.2449027463245
Apr,9.8239346110882,20.4973475216912
May,14.8636807157156,17.4992680053567
Jun,20.1362472272708,8.92753492164595
Jul,23.8120605148859,34.4968717347633
Aug,22.6695465017455,40.5036097445794
Sep,18.7864769213591,24.249471518262
Oct,12.9890795288647,23.4555380395058
Nov,6.45674576646253,30.2495785917136
Dec,2.11188109954519,32.4961143728126
