month,temp,prec
Jan,4.91110686789154,34.3937713854822
Feb,7.15677248915187,38.5517020843405
Mar,9.22893811689374,43.2852488382507
Apr,12.9329916443009,18.8487941648168
May,17.6623164142718,17.3448035921156
Jun,22.9822512455319,7.49686775931836
Jul,26.7590375743806,56.2717384070742
Aug,25.2706565053045,64.9099991105384
Sep,21.7415618061197,40.4293323714908
Oct,15.9608441372654,27.6043950703302
Nov,9.63920413416647,35.1193286333974
Dec,5.3461337169964,38.7977554517307
