month,temp,prec
Jan,0.635086235904441,37.0274879219159
Feb,3.23847523658794,38.6849263308488
Mar,5.80442822407212,45.958623840779
Apr,9.83932727089915,24.7284973383073
May,14.5686138092372,16.9903426304129
Jun,19.9011861117161,8.82781707980444
Jul,23.4587190280987,57.4085518799661
Aug,22.1118188717518,61.8974244087643
Sep,18.2919540136389,41.674006602457
Oct,12.35425052251,37.475366898453
Nov,6.02319397471894,36.7409642614582
Dec,1.22657198898,44.4083098533553
