month,temp,prec
Jan,1.46531531438661,27.491692703347
Feb,3.17112004513889,24.2600711381138
Mar,5.37319391701837,28.2680762254329
Apr,9.08081245059599,13.4669938450311
May,13.2987522001747,9.74955876188834
Jun,18.2990832136272,13.5025671694209
Jul,21.1669100733242,73.7399359983473
Aug,19.8985765679968,82.7310291134317
Sep,16.8469489423569,47.2685198197839
Oct,11.7167710446715,36.2394970676346
Nov,5.82804630689925,26.510530394352
Dec,2.06510494527988,33.5274807286256
