month,temp,prec
1,0.635086275593855,37.0274878864555
2,3.23847528083156,38.6849262930321
3,5.80442827450101,45.9586237747155
4,9.8393273218004,24.7284972779082
5,14.5686138622333,16.9903426134324
6,19.9011861672027,8.82781705867473
7,23.4587190818254,57.4085517990457
8,22.1118189234866,61.8974243884447
9,18.291954065659,41.674006594684
10,12.3542505682378,37.4753668852822
11,6.02319401619904,36.74096423932
12,1.22657202731316,44.4083098311001
