month,temp,prec
1,6.17851624739025,29.1296929538085
2,7.87969401017303,25.0145601971399
3,10.3360473409623,25.3978958506415
4,14.2366736571046,10.0599587420806
5,18.8549493359676,6.9421447362475
6,23.9389644166555,7.90114035693556
7,26.1087036615528,66.0972048504507
8,24.9329247653603,68.3666718848884
9,21.9840219549463,41.294013105873
10,16.5660025769281,33.0280487834035
11,10.5006358528501,21.418634337336
12,6.52757720141647,38.6128900726741
