month,temp,prec
Jan,-0.964113330990494,18.2661945801409
Feb,1.27421801172974,16.4677969555657
Mar,3.56378343486001,16.9872284465957
Apr,7.39014487039368,9.93567491315939
May,11.4366229434242,9.50418415174324
Jun,16.224124557341,15.1711869038136
Jul,19.4631557509543,70.6427730186232
Aug,18.1382226391159,77.4231858813273
Sep,14.8702131469566,47.5595904804789
Oct,9.52152568547437,32.8506283193525
Nov,3.62684663120806,19.9004445635195
Dec,-0.196706773993102,23.6156561399195
