month,temp,prec
1,-0.186995809690743,32.5714508066933
2,2.57354781642491,27.7335465000015
3,4.98324133605404,36.0600397499468
4,9.04563076656292,19.1427237465046
5,14.0621629588819,18.6952126723806
6,19.4156901188789,10.0038022895908
7,23.0421084239373,33.9973527289274
8,21.7946070266078,40.748676585939
9,17.7382646466913,23.9951911103407
10,11.9032293196029,26.0132618799789
11,5.30025038117771,27.4572112855196
12,0.79103806392515,30.7702181791497
