month,temp,prec
Jan,-0.18703280311802,32.5716163397894
Feb,2.57350690930386,27.7336570312468
Mar,4.98319905508059,36.060113371059
Apr,9.0455897628931,19.1427781948079
May,14.0621255964922,18.695118021991
Jun,19.4156454434242,10.0038422094677
Jul,23.0420706850694,33.9973633057145
Aug,21.7945702066945,40.748740160152
Sep,17.7382238858818,23.9952607788069
Oct,11.9031943690148,26.0132610484015
Nov,5.30021256468343,27.4573668437855
Dec,0.791005553802893,30.770333851518
