month,temp,prec
1,-0.400459909682006,34.0879030757171
2,2.08147634675251,30.5138832557133
3,4.3163156348084,38.8354842433131
4,8.28991927281808,21.0578608382962
5,13.2125743565304,22.4504273589551
6,18.5044768432851,10.7501480300996
7,22.1147269102501,40.7760937744824
8,20.8638407468436,46.770192444434
9,17.0076830169278,28.2595466821604
10,11.3205822198621,28.9829767009768
11,4.85829445439544,30.4062868026698
12,0.496226056481693,33.8763567963325
