month,temp,prec
Jan,-2.08539009774378,19.7821755288573
Feb,1.6621855689083,19.1888386767097
Mar,4.65007163972439,22.5908455589486
Apr,8.90423052261391,14.511470404356
May,13.8749626098734,12.6264141203085
Jun,19.2768739284205,8.72206273047575
Jul,22.9584493179773,35.3425665409623
Aug,21.586671349004,38.2632103875446
Sep,17.3817196806539,27.3503433916523
Oct,11.1604056185826,26.7274798392157
Nov,4.33618087080358,20.8187577539848
Dec,-1.04756110099792,22.1132425902547
