month,temp,prec
1,0.423913600744038,23.5986778974503
2,3.59810636206353,25.6022240086494
3,6.69190342675391,29.6192424734582
4,10.862527892674,15.8684877490721
5,15.6841509891358,12.7519503967417
6,21.1815358054494,8.35844130146772
7,24.6348232920769,43.5726181380697
8,23.2664670266055,49.1695522175507
9,19.3268190411071,34.8264119206036
10,12.9429101767604,32.0032124208122
11,6.31237593460695,25.653003241705
12,1.00306277379372,31.7286349390413
