month,temp,prec
1,1.68808337264789,24.2223888860672
2,4.40677101373062,21.8719389811469
3,7.178401598408,28.7531426709901
4,11.094215170177,12.3386963113563
5,15.6823344998269,10.247552374313
6,21.0161818093617,8.20351044996164
7,24.3237111746215,49.9061480311418
8,22.8933118996574,63.0549394385402
9,19.4166368128352,36.9073925698388
10,13.5678939250437,31.361341544369
11,7.14734404001466,23.3656104244646
12,2.3565301583729,28.4761112002825
