month,temp,prec
Jan,-0.457994119432152,39.2194787469005
Feb,1.46435739853353,38.9754409200942
Mar,3.30463766451247,48.7034032942262
Apr,7.13698854928335,27.0600491246829
May,11.7800542778392,25.9558796745201
Jun,17.0391645624375,11.2536059592457
Jul,20.5841706192834,59.8134913810555
Aug,19.3157825373093,62.7665354696829
Sep,15.7844075156638,38.8075458249403
Oct,10.4283950609009,37.1023882693963
Nov,4.35961820977346,38.2472759732294
Dec,0.248581014078821,43.7697356244029
