month,temp,prec
1,0.432093450756348,19.205365936299
2,3.44911335947221,17.7404149584437
3,6.24169168875795,24.4288277945418
4,10.18297132259,11.2260468843729
5,14.7753421571653,10.4663823571218
6,20.063508695266,8.0777830732313
7,23.5723688441156,48.2586185568268
8,22.1325676124046,59.0067954266726
9,18.5113657687224,35.5831956497431
10,12.5780467876935,28.5707106983349
11,6.09767095412366,21.2093428231488
12,1.19862264155749,23.032671669007
