month,temp,prec
Jan,-0.964113334568571,18.2661947261645
Feb,1.27421799085105,16.4677970838645
Mar,3.56378340831683,16.9872285232114
Apr,7.39014483869038,9.93567494610217
May,11.4366229073705,9.50418415157132
Jun,16.2241245196049,15.1711869256516
Jul,19.4631557102065,70.6427734624915
Aug,18.1382225981254,77.4231861926086
Sep,14.8702131129992,47.5595907211629
Oct,9.5215256607608,32.8506285386768
Nov,3.62684661276976,19.9004447491724
Dec,-0.196706776370757,23.6156564406484
