month,temp,prec
Jan,4.18741018007939,25.917127693036
Feb,6.41146161450953,25.5510871223221
Mar,8.35629195713853,31.2497065277853
Apr,12.0018650715004,14.0494355124141
May,16.6336222387286,22.5703445251133
Jun,21.9220178152372,6.97186100291485
Jul,25.69055624992,47.3893206282027
Aug,24.3637604653841,52.5668277677604
Sep,20.8471246338882,31.9315878714785
Oct,15.2264282410634,21.8336567478245
Nov,8.8755480839391,25.0642708175523
Dec,4.55580342955934,28.2996718651021
