month,temp,prec
Jan,1.01622494097318,33.1138715409269
Feb,3.67445408931024,30.7150140206355
Mar,5.87496965376028,36.4770968408537
Apr,9.67569546256697,20.5608540141619
May,14.7784128623652,14.7932954627151
Jun,20.0121039625536,8.57051797839716
Jul,23.8909067012716,33.104937320705
Aug,22.7632073320482,38.4332830221823
Sep,18.700742801074,24.0184633370533
Oct,12.8582869041113,23.0911939138995
Nov,6.2268716863005,27.9911820650269
Dec,1.83544710071778,27.4985064123997
