month,temp,prec
1,-0.734859151267822,32.723301119507
2,1.94314541407075,33.1374060960774
3,4.41463050102451,41.3004537079112
4,8.46441399015659,23.0609735057327
5,13.2140263704245,19.20066569081
6,18.5045417846445,9.52789494251418
7,22.0880660714067,50.6087600837667
8,20.8364419780128,53.7785187159512
9,16.9434436292117,35.2600666671154
10,11.0926954467944,33.4752088426325
11,4.72771417385,31.7408177711288
12,-0.0265852517717943,37.6623085368553
