month,temp,prec
Jan,-0.187032881287238,32.5716163016407
Feb,2.57350684825029,27.7336569686655
Mar,4.98319901207406,36.0601131720397
Apr,9.04558972638641,19.1427781816741
May,14.0621255678029,18.6951177168124
Jun,19.4156454034445,10.0038421810337
Jul,23.0420706595925,33.9973632165178
Aug,21.7945701813062,40.7487400902972
Sep,17.7382238414796,23.9952608156811
Oct,11.9031943265847,26.0132609057741
Nov,5.30021250147695,27.45736700616
Dec,0.791005493182699,30.7703337890303
