month,temp,prec
1,-0.187032805243235,32.5716160594967
2,2.57350692591816,27.733656816366
3,4.98319908726675,36.0601131103962
4,9.0455897979921,19.1427781021763
5,14.0621256318922,18.6951179379812
6,19.4156454815138,10.0038421275025
7,23.042070723442,33.9973632229923
8,21.7945702437354,40.7487400112638
9,17.738223914713,23.9952607003802
10,11.9031943904811,26.013260943117
11,5.3002125749882,27.457366728467
12,0.791005557968076,30.7703336288881
