month,temp,prec
1,2.68808646510261,29.7555572678847
2,4.56018724321039,26.7685614252472
3,6.85588540864668,31.2833833580329
4,10.6696972186847,13.0900651502788
5,15.0550163062023,9.99421492782285
6,20.1691517031862,11.5492734193555
7,23.0795443003687,68.9698221823075
8,21.722555122161,78.899146336405
9,18.63915646717,45.759268779974
10,13.290775301696,36.2031093817248
11,7.18960607570874,27.7836378128675
12,3.23085285925977,38.2905123198394
