month,temp,prec
1,-0.734859148229399,32.7233011162105
2,1.9431454153178,33.1374060093099
3,4.41463049357336,41.3004536541949
4,8.46441397975216,23.0609734788804
5,13.2140263624267,19.2006658434708
6,18.5045417753119,9.52789498959238
7,22.0880660625412,50.6087598955622
8,20.8364419697209,53.7785185867466
9,16.9434436242379,35.2600665034107
10,11.0926954458901,33.475208727103
11,4.72771417078535,31.7408177299115
12,-0.026585245186402,37.6623084069394
