month,temp,prec
Jan,7.53445922957157,28.8475718537692
Feb,8.98672668879236,23.8530272434724
Mar,11.1472078175843,25.6600329434127
Apr,14.8735704127203,9.49995534867889
May,19.3264935441247,5.48328315072788
Jun,24.456530013489,8.64302875235533
Jul,26.37906094534,83.6280184039518
Aug,25.2899445053151,76.5036233881324
Sep,22.6318624566669,44.16627062079
Oct,17.387039362432,31.8255000086396
Nov,11.5949426212785,21.8550046664388
Dec,7.87204697931141,38.2797004440345
