month,temp,prec
Jan,6.20732545546849,22.4930681826189
Feb,7.96772398703369,18.1352548016022
Mar,10.5772911811444,15.7511507605297
Apr,14.5187964848262,5.76762732143918
May,18.9761745382066,5.72235567636238
Jun,23.9484506749624,10.8045809595882
Jul,25.7755384288634,70.49089374181
Aug,24.7557850740264,66.8987599718727
Sep,21.8277530512393,41.7988482895226
Oct,16.5506992420193,30.0305001050861
Nov,10.5454448039542,15.1734785987492
Dec,6.68066347081479,30.7166248762711
