month,temp,prec
1,6.17851621157377,29.1296930334521
2,7.87969398554327,25.0145603108295
3,10.3360473210575,25.3978960227925
4,14.2366736421711,10.0599588100895
5,18.8549493231775,6.94214476866614
6,23.9389644094057,7.90114032506173
7,26.1087036657194,66.0972044126349
8,24.9329247659494,68.3666716548501
9,21.9840219496515,41.2940130740835
10,16.5660025625234,33.0280488491212
11,10.5006358258723,21.4186345032193
12,6.52757716849672,38.6128901656153
