month,temp,prec
Jan,7.27658636702348,27.4304153259567
Feb,8.60978745401083,22.8935713071352
Mar,10.5435851734738,22.9228716892789
Apr,14.1066263646342,9.07911252334848
May,18.266835462642,4.25845091986284
Jun,23.3368707777366,13.0184523665088
Jul,25.1599279823834,105.31036664493
Aug,24.0895851298139,89.5466347937407
Sep,21.6927330645085,47.8394636124177
Oct,16.6809840852393,29.5703985249855
Nov,11.1304820127021,19.0520518668417
Dec,7.73347584271111,36.8752670557261
