month,temp,prec
1,-1.69453849555491,15.2098483165113
2,2.18886408327303,14.6575250818004
3,5.34075731648165,15.9233121652271
4,9.56574733487284,10.7546218082598
5,14.4080619440484,10.2756041364252
6,19.7924413738822,7.04520276420291
7,23.5016064004293,33.1942411902294
8,22.0657493136138,38.7371767601483
9,18.0033015746744,27.5756954456505
10,11.6263784297823,24.7895747336837
11,4.86375373632251,17.0371392228521
12,-0.735592613795754,17.3997140709756
