month,temp,prec
Jan,6.17851621036448,29.1296930743121
Feb,7.87969398347508,25.0145603589514
Mar,10.3360473178541,25.3978960909755
Apr,14.2366736386655,10.0599588380963
May,18.8549493197677,6.94214477387777
Jun,23.938964406227,7.9011403256364
Jul,26.1087036633897,66.0972044443302
Aug,24.9329247631556,68.3666717021261
Sep,21.9840219473591,41.2940130954758
Oct,16.5660025603172,33.0280488686922
Nov,10.5006358240292,21.4186345510798
Dec,6.52757716721044,38.6128902267388
