month,temp,prec
Jan,1.71362526888544,68.2292898474977
Feb,2.43495438775724,56.7349763329112
Mar,5.18931124944135,71.4901552484606
Apr,8.18439089743032,60.9803299521858
May,12.4936323852187,74.239529035941
Jun,15.5585637133324,80.4896477445479
Jul,17.3731575408491,75.4919271318007
Aug,17.2711141905148,69.746745550054
Sep,14.3803117601846,62.5098656525368
Oct,10.6404793001701,71.2411029872483
Nov,5.5920813324127,80.9807801677148
Dec,2.72205070933417,77.9846179375352
