month,temp,prec
Jan,1.32943488372024,73.4660189856199
Feb,2.0940465742975,61.7237235152881
Mar,4.87580831816968,75.4813578080817
Apr,7.91172361373422,65.9819869611105
May,12.3016979153555,77.4721797410193
Jun,15.335725794418,84.9909515988682
Jul,17.1128827976132,82.2395011582306
Aug,16.9832187667516,75.2437471017964
Sep,14.0851033674301,68.0417462437555
Oct,10.3511204370733,73.4660154267357
Nov,5.24784269758989,85.2256257097788
Dec,2.46401784520052,84.9590335027747
