month,temp,prec
Jan,3.30897646761571,62.5206972807631
Feb,3.37475079452278,47.9769808870334
Mar,5.38345154425978,55.6991090524678
Apr,7.61324158771074,51.237636467355
May,10.985656291828,54.7448171162324
Jun,14.070341381963,56.6058662837976
Jul,16.0040028687957,50.8227161554453
Aug,15.732966054479,62.4022407275565
Sep,13.4702364242699,56.9136360898882
Oct,10.273674715228,58.8091115567103
Nov,6.10388464952491,61.6129789469528
Dec,4.12473764840368,68.9877852667747
