month,temp,prec
Jan,2.28342677975636,241.793904297078
Feb,2.20765658683063,169.819735701463
Mar,3.42352710671739,217.703439602836
Apr,5.36199669221103,115.922612185498
May,8.42118245942689,113.918672732151
Jun,11.0084751659346,124.282989654777
Jul,12.0582608259222,140.292674201144
Aug,12.025958778825,167.067531672611
Sep,10.0744906544478,233.065214852194
Oct,7.98981496217224,259.12272813593
Nov,4.27499972327487,258.361152238894
Dec,3.12496555045591,264.006548299803
