month,temp,prec
Jan,4.03779882492316,95.1463471366901
Feb,4.16289463537129,67.2115691026281
Mar,5.63194292199413,74.6898400654966
Apr,7.48976749451268,60.4935671737731
May,10.1441351929151,68.4352728392331
Jun,13.0208068604543,66.2042432520931
Jul,14.6405071160136,59.6102724797592
Aug,14.2121802092747,81.3197592430007
Sep,12.2522765987099,85.1642064832481
Oct,9.77390341367158,95.3059456704512
Nov,5.94534574709278,86.7075872534362
Dec,4.75299180997969,92.4336242252483
