month,temp,prec
Jan,4.1003817254762,154.895499020447
Feb,3.97042246717633,100.583809025662
Mar,5.22930691964255,122.023026354853
Apr,7.05665026601319,78.7307445352722
May,9.60177791516782,80.8051457618596
Jun,12.2316049231274,85.7791921017821
Jul,13.6840416407478,94.822833719434
Aug,13.639912013158,116.241156412834
Sep,11.8990482719548,147.266690844099
Oct,9.7443604957323,161.963526940118
Nov,6.196222866574,152.682689283547
Dec,4.97460378778444,147.780007143771
