month,temp,prec
Jan,0.490925069471564,123.181301016373
Feb,0.393532379835498,81.7082132975266
Mar,2.28576297278007,93.7146714409263
Apr,4.47804022655132,60.6217797607209
May,7.52458689043361,77.5819719202768
Jun,10.6796098202919,71.252430407698
Jul,12.223539904242,71.2497304028137
Aug,11.8736691154156,89.7470302063834
Sep,9.58648221986795,96.9715012354884
Oct,6.94408256679224,110.963673526464
Nov,2.8765562462941,105.237719301389
Dec,1.42321827600696,107.960701295142
