month,temp,prec
1,4.05882405388575,107.529057302237
2,3.98388460095207,74.5194730786207
3,5.3823376570214,83.4606961890356
4,7.26170469638886,64.4249798502614
5,9.83687242366367,67.2089231651344
6,12.7008329645421,68.8083498455864
7,14.2938879241422,63.7610138589548
8,14.0488594725324,89.3553234155645
9,12.2157687558775,95.2784674301292
10,9.83325000203047,106.714235987057
11,6.18411145321115,97.0482202180819
12,4.86632617133799,98.534638479527
