month,temp,prec
Jan,2.28342689199893,241.793902733273
Feb,2.2076567014265,169.819734393029
Mar,3.42352720848534,217.70343822713
Apr,5.36199677736885,115.9226116612
May,8.42118253597518,113.918672053766
Jun,11.0084752326456,124.282989234404
Jul,12.0582608863343,140.292673737192
Aug,12.0259588446909,167.067531050204
Sep,10.0744907353668,233.065214195724
Oct,7.98981505657236,259.122727130004
Nov,4.27499983271233,258.361151214308
Dec,3.12496565957945,264.006546861681
