month,temp,prec
1,4.80875242181933,114.489523242198
2,4.90541931870365,81.9957473408796
3,6.29881607197317,84.2494374150311
4,8.05300973616926,63.999045280823
5,10.4138645084629,75.2504165721376
6,13.1037506119573,69.0059965108253
7,14.792824532271,67.7507244894911
8,14.491260334017,90.5139608328839
9,12.6919208051337,102.509136571806
10,10.3237772284989,113.761625758007
11,6.77934489685375,118.752510301356
12,5.61948754168667,116.990023834206
