month,temp,prec
1,3.39745813096583,56.9769404124419
2,3.50501360454143,42.2755368128473
3,5.52859059717881,52.3013767202003
4,7.76369620771185,47.9689697725531
5,11.1434591119604,54.1280333321453
6,14.272635937945,56.1751636578634
7,16.2709627073409,50.187705859995
8,15.952833293189,60.8078854662795
9,13.6786632642641,53.1314080202807
10,10.4460873740121,55.2727158446084
11,6.25589664793762,55.7457613075839
12,4.19516522078012,63.8410977660093
