month,temp,prec
1,5.33751426537791,160.695940704139
2,5.1684747143705,122.198290998777
3,6.31392424586139,112.469753626485
4,7.83735440211055,78.9801602782458
5,10.0356727150373,89.9723174091938
6,12.5565346625432,75.2387679583882
7,14.3008909633113,74.2363713147623
8,14.1573839063848,101.722407799702
9,12.6030381908175,121.221982942292
10,10.3555129976563,139.222410573031
11,7.25918702910102,147.231511662389
12,6.16430357926241,158.962513451668
