month,temp,prec
1,2.24319973241998,96.2638045509655
2,2.3491835590044,67.4466041489276
3,4.20853594204019,79.5078484432831
4,6.33190761666814,52.4379903066113
5,9.25351156058266,66.1502466441122
6,12.2445932798142,64.4521882564968
7,13.8454817997016,67.3835623381794
8,13.594600604298,84.704508579126
9,11.3827065522643,94.9043737312267
10,8.65332680620036,96.5896791996288
11,4.52844981720722,96.3546264338783
12,3.05570927980716,91.2963130135857
