month,temp,prec
1,4.57309107509563,172.546099152468
2,4.25583229659435,115.003550671514
3,5.77497771449489,124.92245496541
4,7.78296007137089,88.2653179719489
5,10.7082889244737,89.3186863014233
6,13.5313162502698,91.3334443681948
7,15.4229760038108,89.1374364384666
8,15.2969318169938,116.487741108565
9,13.4160347938508,131.629696370235
10,10.8418053895746,160.262538423247
11,7.19231428222437,166.389560634965
12,5.52634484151984,181.129468363093
