month,temp,prec
1,3.3418950624826,141.79163281024
2,3.44015086603796,100.774116200945
3,4.90344541236476,112.27428541686
4,6.87858872434375,75.5082424890057
5,9.37671255484455,88.254592065262
6,12.2584063973405,83.0044673281799
7,13.7471640845623,76.5138974453099
8,13.4591344091579,100.26230781221
9,11.5668176867103,119.02105504781
10,9.12938601298789,136.539337335241
11,5.32634232824076,135.789356015417
12,4.19292027810542,136.031665519099
