month,temp,prec
Jan,4.05882404713691,107.529056521595
Feb,3.98388459542093,74.5194723482477
Mar,5.38233765402609,83.4606955226918
Apr,7.2617046976886,64.4249791820557
May,9.83687242878294,67.2089226988012
Jun,12.7008329647743,68.808349520697
Jul,14.2938879181214,63.7610135108491
Aug,14.0488594659829,89.3553230199395
Sep,12.2157687550358,95.2784670291411
Oct,9.83325000087884,106.714235473461
Nov,6.1841114531381,97.0482196466625
Dec,4.86632616476516,98.5346375411013
