month,temp,prec
1,3.30897646761571,62.5206972807631
2,3.37475079452278,47.9769808870334
3,5.38345154425978,55.6991090524678
4,7.61324158771074,51.237636467355
5,10.985656291828,54.7448171162324
6,14.070341381963,56.6058662837976
7,16.0040028687957,50.8227161554453
8,15.732966054479,62.4022407275565
9,13.4702364242699,56.9136360898882
10,10.273674715228,58.8091115567103
11,6.10388464952491,61.6129789469528
12,4.12473764840368,68.9877852667747
