month,temp,prec
1,4.05882404713691,107.529056521595
2,3.98388459542093,74.5194723482477
3,5.38233765402609,83.4606955226918
4,7.2617046976886,64.4249791820557
5,9.83687242878294,67.2089226988012
6,12.7008329647743,68.808349520697
7,14.2938879181214,63.7610135108491
8,14.0488594659829,89.3553230199395
9,12.2157687550358,95.2784670291411
10,9.83325000087884,106.714235473461
11,6.1841114531381,97.0482196466625
12,4.86632616476516,98.5346375411013
