month,temp,prec
Jan,0.490924235331561,123.181841962078
Feb,0.393530667653197,81.7085694616704
Mar,2.28576339928097,93.7149644346812
Apr,4.47804243857558,60.6217572135434
May,7.52459012239347,77.5821149197837
Jun,10.6796128290185,71.252499209821
Jul,12.2235448121561,71.2497406529877
Aug,11.8736730044359,89.7471206265268
Sep,9.58648357749378,96.9717522235834
Oct,6.94408310338149,110.963973903637
Nov,2.87655703275731,105.237813636107
Dec,1.4232190626583,107.961020015819
