month,temp,prec
1,2.17655002846916,88.6493986079497
2,2.20250222280074,63.9528755037438
3,3.91663752663952,75.4018253541372
4,5.9155099420887,58.5128652150866
5,8.84002048408955,63.1025877138407
6,11.8308507923257,59.3652820514548
7,13.5994844577225,65.2375679119656
8,13.5846918634533,81.9700110868911
9,11.4864286698701,74.3171232135969
10,8.70289473848682,77.2867792842755
11,4.71397375929771,90.9029311412369
12,3.05840393860369,85.8205310925056
