month,temp,prec
Jan,1.03019942503016,214.514482814507
Feb,0.958596648332877,152.517206892108
Mar,2.47695049267451,190.900016684028
Apr,4.59240128867855,100.856052601037
May,7.69658710998783,104.16836348624
Jun,10.4506267432853,105.274570242331
Jul,11.6369926526675,113.842834421796
Aug,11.5304192223008,137.437319736786
Sep,9.39905840024263,188.784199733373
Oct,7.06938329472482,220.820536057108
Nov,3.10123293517075,226.315802148147
Dec,1.89766876770846,231.67398829266
