month,temp,prec
1,0.490925061923093,123.18130145343
2,0.393532370692783,81.7082134964268
3,2.28576296280436,93.7146717618431
4,4.47804021719454,60.6217796399609
5,7.52458688560736,77.5819718583054
6,10.6796098125528,71.2524305344058
7,12.2235398973158,71.2497305082974
8,11.8736691093449,89.7470302229077
9,9.5864822114117,96.9715014981053
10,6.94408255689275,110.96367380565
11,2.87655623927332,105.237719520643
12,1.42321826633262,107.960701667471
