month,temp,prec
1,2.50361311601454,116.145423442622
2,2.39849164907472,81.846218167544
3,4.2399066392091,97.3669913537306
4,6.45493227425045,75.5495802840253
5,9.72953256227756,74.7960422602685
6,12.7282004191646,78.4915813201193
7,14.3834415427584,76.9119338621195
8,14.2836275010519,98.0481384416922
9,12.0603469598279,99.608600628192
10,9.10923916221362,110.898845205007
11,5.1195612815347,117.545388532711
12,3.27138670206566,121.88795395808
