month,temp,prec
Jan,4.05882404333822,107.529057677438
Feb,3.98388459191339,74.5194733913489
Mar,5.3823376492616,83.4606964938705
Apr,7.2617046901095,64.424980215648
May,9.8368724156099,67.2089234579762
Jun,12.7008329613607,68.8083500360862
Jul,14.2938879227854,63.7610141639567
Aug,14.0488594698062,89.3553236625214
Sep,12.2157687480273,95.2784676949319
Oct,9.8332499928254,106.714236268893
Nov,6.18411143778136,97.0482204838593
Dec,4.86632615897386,98.5346389317732
