month,temp,prec
1,-3.70044059150655,8.41604683700475
2,-2.21442183446815,9.40426328146832
3,1.16671864646354,25.9110814871453
4,4.69274372944,77.704497574188
5,7.72790082751445,128.03288575105
6,10.7662835148784,318.7695553325
7,11.3167487062181,421.755757381698
8,11.0236189395768,319.812227376832
9,9.62222783640146,223.346851805371
10,5.58352866373505,79.5776402582476
11,1.0240280592336,13.6950808003609
12,-2.03385844400669,5.42994615997642
