month,temp,prec
Jan,-3.70044053153274,8.41604686798034
Feb,-2.21442177435016,9.404263317497
Mar,1.16671870993809,25.9110815853515
Apr,4.69274378629343,77.7044978368742
May,7.72790087583328,128.032886230905
Jun,10.7662835553799,318.769556205494
Jul,11.3167487443738,421.755758489566
Aug,11.0236189805114,319.812228032545
Sep,9.62222788033599,223.34685247264
Oct,5.58352872091091,79.5776405391574
Nov,1.02402812225071,13.6950808210171
Dec,-2.03385838293666,5.42994616958693
