month,temp,prec
Jan,4.18064451129334,7.11823816069909
Feb,6.05184332112836,7.98561130728073
Mar,9.63800768927045,29.6212895160547
Apr,12.3722070060609,115.608285413144
May,14.9460344819739,189.004979760036
Jun,17.603423009036,398.224598061139
Jul,17.9059048904551,471.893257387861
Aug,17.6913983260751,344.686568079178
Sep,16.6083770455776,249.289927124922
Oct,13.4179638734611,88.4437304659368
Nov,9.05437200163166,15.1099384575029
Dec,5.62472304001491,6.69259785501416
