month,temp,prec
1,3.76312730134244,8.29406438212212
2,5.54747127340189,9.15900815401437
3,9.21644848892706,27.9251788008157
4,12.3265098118342,96.0281181132447
5,14.5897136524367,192.250718929565
6,16.9540633681955,400.054016311774
7,17.4601982662481,508.220326097894
8,17.396260933487,370.97301184332
9,16.1671439306296,283.169133937369
10,12.9959810571362,102.656192244699
11,8.60483887853122,12.9340068926565
12,5.3521528997889,5.9281803276435
