month,temp,prec
Jan,-7.72096378005046,4.66028138541038
Feb,-6.21729423805446,5.59604032839868
Mar,-3.11577799967612,16.2039910218892
Apr,0.76341197489351,57.4298679861871
May,4.43700796953385,92.1114661720716
Jun,8.13207276458377,254.969882879984
Jul,8.7520888403259,337.840434930766
Aug,8.24994965181719,266.372712206781
Sep,6.72997046756935,171.042613369592
Oct,1.74702048979875,56.1724192040667
Nov,-3.27051799250781,11.3146167031874
Dec,-6.19877817860723,4.40402126891968
