month,temp,prec
Jan,3.76312730134244,8.29406438212212
Feb,5.54747127340189,9.15900815401437
Mar,9.21644848892706,27.9251788008157
Apr,12.3265098118342,96.0281181132447
May,14.5897136524367,192.250718929565
Jun,16.9540633681955,400.054016311774
Jul,17.4601982662481,508.220326097894
Aug,17.396260933487,370.97301184332
Sep,16.1671439306296,283.169133937369
Oct,12.9959810571362,102.656192244699
Nov,8.60483887853122,12.9340068926565
Dec,5.3521528997889,5.9281803276435
