month,temp,prec
1,-3.70044002154103,8.41604707754965
2,-2.21442126050687,9.40426355903089
3,1.16671925092301,25.9110823480703
4,4.69274427311379,77.7045000364228
5,7.72790129521506,128.032890231055
6,10.766283910406,318.769563464694
7,11.3167490780073,421.755767513638
8,11.0236193358511,319.812233309321
9,9.62222825998865,223.346857821601
10,5.58352920914054,79.5776427922043
11,1.02402865723189,13.6950809729662
12,-2.03385786697303,5.42994621961615
