month,temp,prec
Jan,-2.99369660824234,45.7478230978475
Feb,-1.33599850144768,45.2552744692156
Mar,2.53007115313526,50.2508911568447
Apr,7.11107497933233,59.0041273456906
May,12.0621196964013,83.2637740773389
Jun,15.3283885524668,77.5195797262073
Jul,17.7707032083293,63.4088990011979
Aug,17.6499780621836,52.7637759545014
Sep,14.2408714942309,42.5073021588975
Oct,8.66768092258069,42.0952915077478
Nov,3.24912443853581,59.9992409469737
Dec,-1.45846933675819,57.2495967977043
