month,temp,prec
Jan,-2.23303044948449,61.2650686751739
Feb,0.702867528439138,47.092194971477
Mar,2.55022050608292,49.047121208441
Apr,5.65111124366625,31.4053823228923
May,10.4752583564739,30.6590486427655
Jun,15.2028747871441,24.9889735355438
Jul,19.2135299880777,10.320871664202
Aug,18.3985069216891,15.3245403070436
Sep,14.0194249843124,16.6718765637939
Oct,8.39272626729579,36.4413427792975
Nov,1.96606718547979,59.9531372791448
Dec,-1.85382446571153,62.7529694941464
