month,temp,prec
1,1.90786801115411,153.978063277547
2,3.69262772822764,143.461183740201
3,5.10512152373252,134.326707415611
4,7.83535168584538,78.1250573499557
5,12.3329465946805,30.2216348397817
6,16.7820136479011,15.7143081911216
7,20.2440084888313,10.4168342995928
8,19.456345862145,13.1850785418531
9,15.98600766207,21.4744906434648
10,11.2737291436989,53.5047789779997
11,5.50291007251985,137.06696943554
12,2.06782358917051,140.053525782577
