month,temp,prec
Jan,5.54255101182243,206.926265392634
Feb,7.09020624016173,160.363040823626
Mar,7.54778462212227,146.504396320199
Apr,9.42092482116031,67.6275599538331
May,13.2088547133702,25.900672137167
Jun,16.8025815163095,12.7465559855663
Jul,19.604168984781,5.7604321029918
Aug,19.181827762796,12.301616320581
Sep,17.2729724019512,24.2731943327215
Oct,13.3815437952601,65.3164848860579
Nov,8.4432637157292,173.65897953856
Dec,5.63836484826265,183.868537378522
