month,temp,prec
Jan,4.28579974264316,85.2762657555587
Feb,6.49395590219459,79.4338007153367
Mar,8.18146492179646,70.3099802344888
Apr,11.0947467009527,38.2450495859275
May,15.6312573773178,14.2667517801271
Jun,19.8325363360341,7.67604835314441
Jul,23.0303662538813,8.59533716321339
Aug,22.1420219073985,10.0121311538704
Sep,18.997426390912,14.7349842678293
Oct,14.3490284578732,21.7741004218161
Nov,8.34088473743766,62.6596291249911
Dec,4.33898155145577,71.3201074441212
