month,temp,prec
Jan,6.39706027186382,64.4742138390028
Feb,8.30988929710328,59.2391695451063
Mar,9.73981211924784,55.8300972394762
Apr,12.4629468461502,30.4077081305548
May,16.5597763859771,11.3750923100348
Jun,20.6709309119522,4.41896344032612
Jul,24.0309147973134,5.31326722441959
Aug,23.4387511390558,9.42888774834069
Sep,20.4507755279979,12.7482706642862
Oct,15.9495080110016,14.8118057136749
Nov,10.197102156759,49.3176809633484
Dec,6.40783387400543,50.20628822193
