month,temp,prec
1,0.620486896224042,47.2855811247583
2,2.65624074532261,43.011957686533
3,4.50130816357069,32.5026876275798
4,7.72790842016276,21.3651239094618
5,12.9109647245316,16.6922641341343
6,17.8832948874806,13.5833199959122
7,21.8035774147842,17.9586047673168
8,20.7103209267068,17.9937137646172
9,16.4324926568356,16.2080080996618
10,11.1300765182294,15.6218796328821
11,4.81608007485388,34.5046165025457
12,0.957919717285179,42.829640458284
