month,temp,prec
Jan,-1.66819338012295,106.210021223584
Feb,-0.332303676072405,97.8010930418439
Mar,0.804472683308615,85.318712945523
Apr,3.67335418448698,49.6280255570743
May,8.4605195188167,27.7606956131236
Jun,13.1526801014939,21.8153173638609
Jul,17.1664662013912,21.637771749991
Aug,16.2933075502314,23.2776080755332
Sep,12.2107829436932,25.0145990053504
Oct,7.65719202048513,40.8152452952542
Nov,1.91354047825116,87.2163782592293
Dec,-1.2933424767211,97.0522024382394
