month,temp,prec
Jan,6.77143687448803,23.2363557667641
Feb,9.37070332197691,26.0725592451031
Mar,11.3240559226977,22.6863069957016
Apr,15.3014366454043,13.9061101369297
May,20.4294498259821,6.38583381383899
Jun,25.9110273754427,3.2104820233806
Jul,29.6226641023185,17.8604098994151
Aug,28.457864596008,23.5957603546878
Sep,24.4271736748303,15.1464615304699
Oct,18.4813322577062,10.7415743739653
Nov,11.493690956963,18.7969982216069
Dec,7.09365097226748,21.5828365564333
