month,temp,prec
1,0.485891263512699,108.333000293964
2,1.56550010210541,95.6253483848265
3,2.50671973524902,81.1996968713597
4,5.26247980359013,44.3217512798791
5,9.84223606658102,19.4668821400796
6,14.258718311607,14.3408140445434
7,17.8058336725392,22.2796434953251
8,17.0050594135914,24.5606609491913
9,13.7211717446913,24.507150542912
10,9.34620525811766,28.2959114388788
11,3.87608113782087,78.9520750440003
12,0.672376252662543,93.0101963472361
