month,temp,prec
Jan,-1.8778975582023,80.8260762381346
Feb,0.654271853414879,69.6666206521908
Mar,2.23404654341828,62.23221841852
Apr,5.26231252373024,33.295543681189
May,10.1222587663886,27.1617897691964
Jun,14.8921715403413,20.6636222788803
Jul,18.8387599164501,8.54002171710613
Aug,17.8328315681809,14.4243985545148
Sep,13.455535069697,18.9518541201831
Oct,8.08582201826597,42.787369609676
Nov,2.10856251437646,71.6321059115227
Dec,-1.62124197762992,73.5326130968651
