month,temp,prec
1,0.696031390238251,181.36671158733
2,2.58512546068472,153.737461084156
3,3.71411331801878,145.014390432602
4,6.49906195118237,70.7893183009065
5,11.1138595107983,32.332193456583
6,15.6212253690413,19.3058346077192
7,19.2544008652974,6.47766304019922
8,18.2785175152779,12.7727287268195
9,14.5865159560811,27.1091074774006
10,9.71487434596865,80.574327401973
11,4.16168900908582,158.81845133188
12,0.785149939783,158.879987087634
