month,temp,prec
Jan,0.620486841136996,47.2855814422228
Feb,2.6562406808319,43.0119579929229
Mar,4.50130808855057,32.5026880401754
Apr,7.7279083407087,21.3651242140152
May,12.9109646480785,16.6922643149752
Jun,17.8832948096136,13.5833201676771
Jul,21.8035773474951,17.9586048957998
Aug,20.7103208593927,17.9937139223808
Sep,16.4324925861498,16.2080082215717
Oct,11.1300764549038,15.6218798786915
Nov,4.81608001570608,34.5046168623333
Dec,0.957919663731506,42.8296408262476
