month,temp,prec
1,1.25533511442524,79.2579198217066
2,2.65910910402685,70.0643926761274
3,3.98210244812439,56.9373416569916
4,6.93065422843296,30.917738187268
5,11.7244551667622,15.4272762374465
6,16.4339032472368,12.1707866490538
7,20.0466261122701,21.3724512825127
8,19.1768641882844,22.80582008171
9,15.5941501226784,21.9910808554225
10,10.7435412232626,20.4340824624283
11,4.97857729451989,56.050413216617
12,1.50609797126004,68.1006390829763
