month,temp,prec
1,7.1630948855863,86.0637292794232
2,8.12914727406165,84.448052573735
3,8.61180853016045,84.4849254222559
4,10.9096532911109,41.1858450463051
5,14.3991179544039,16.1778155619662
6,18.3387303124992,4.41403018361281
7,22.4288996155115,14.0295259517571
8,22.1838130932916,18.0570549071473
9,19.4231018519366,20.4762128709153
10,15.0815216378939,20.1184406863862
11,10.2180086582304,66.0050472138828
12,7.19973598447105,73.37340484802
