month,temp,prec
Jan,7.16301640130491,86.0641421106149
Feb,8.12906530855451,84.4485461720689
Mar,8.61172156152184,84.4853754749996
Apr,10.9095717131678,41.1859874633523
May,14.3990490133639,16.1778346863294
Jun,18.3386734569001,4.41412474120098
Jul,22.4288465660717,14.0297461256477
Aug,22.183752400248,18.0573201656084
Sep,19.423032716894,20.4763457046741
Oct,15.0814471480284,20.1185183430896
Nov,10.2179283032542,66.0055397895583
Dec,7.19965769110485,73.3738233733521
