month,temp,prec
Jan,7.16309487140148,86.0637292388294
Feb,8.12914726008238,84.4480525199857
Mar,8.61180851769536,84.4849254380705
Apr,10.909653279544,41.1858451002906
May,14.399117946728,16.1778155889098
Jun,18.338730307837,4.41403017837571
Jul,22.4288996140469,14.0295260052673
Aug,22.1838130901216,18.0570549685019
Sep,19.4231018458311,20.4762129133965
Oct,15.0815216274041,20.1184407421753
Nov,10.2180086457889,66.0050472712256
Dec,7.19973597037984,73.3734049135515
