month,temp,prec
Jan,0.88565326221599,187.120506179954
Feb,3.02705929549587,152.131514668411
Mar,4.06840031781533,147.039661380811
Apr,6.88656796133276,69.5979327802139
May,11.6773297557859,34.7238819303656
Jun,16.2313189312601,19.8452005857623
Jul,19.8077795148677,6.57869112603133
Aug,18.872818697067,13.5584908251117
Sep,15.3590255166266,27.0208043575886
Oct,10.2752579813714,76.0893692383419
Nov,4.44223224359374,159.429073830906
Dec,1.00895456980492,163.710317972991
