month,temp,prec
Jan,7.16309490969727,86.063729198254
Feb,8.12914729891125,84.4480524787521
Mar,8.61180855558863,84.4849253099632
Apr,10.9096533149132,41.1858449913589
May,14.399117973687,16.1778155467829
Jun,18.3387303277409,4.41403016341229
Jul,22.4288996285893,14.0295258786828
Aug,22.1838131088461,18.0570548203433
Sep,19.4231018706432,20.4762128227871
Oct,15.0815216595996,20.1184406459824
Nov,10.2180086820912,66.0050470751156
Dec,7.19973600849995,73.3734047234521
