month,temp,prec
1,-0.896998230843923,106.647107804386
2,0.146794201982178,93.3865345962701
3,1.08553250466199,79.0059964365971
4,3.89956973582403,44.0256083642812
5,8.63255323382693,22.0929083216785
6,13.1597544969214,18.0781098028069
7,16.8579004893479,25.490733483563
8,15.9955453934004,26.5294006365592
9,12.5160193850627,25.6120716045862
10,8.04559942906815,30.9031600326263
11,2.50268372159157,79.414490178617
12,-0.629615334972102,94.7527629236478
