month,temp,prec
1,7.03807674220515,62.3334319322115
2,8.54010408708437,62.0477757275104
3,9.56569036555792,63.3857296869608
4,12.3750833732581,32.7679964320139
5,16.4837430982552,13.473316172393
6,20.917302977517,3.23723575208514
7,25.1156862867559,15.7023860532533
8,24.5527298379779,22.48672287608
9,21.3847935063685,20.545699483509
10,16.2768909866176,19.0032143046666
11,10.6085421487433,53.7067879622266
12,7.09053205935241,58.4582762873931
