month,temp,prec
Jan,1.7551540658744,187.244487702485
Feb,3.39627753744544,160.747099108334
Mar,4.59964293132369,158.845225093503
Apr,7.26447455737684,82.8996257373983
May,11.6751339965796,34.108720793649
Jun,16.1191799206672,17.2073438046608
Jul,19.8199282171104,8.82424244704593
Aug,18.997653476136,12.135220951219
Sep,15.4784362822415,26.7173844972037
Oct,10.6381963022322,75.3272540399065
Nov,5.17038779480296,170.633115453942
Dec,1.8845694266188,173.484781857316
