month,temp,prec
Jan,9.12438773263671,59.5190740052475
Feb,10.6614425176498,59.0251450112389
Mar,11.650343461662,56.1126165156983
Apr,14.3220626645924,27.0842049271762
May,17.9831206917552,11.3484454499698
Jun,22.0377593649756,2.27671742623461
Jul,25.9611519485838,8.80638261237614
Aug,25.6232849768246,14.403793872121
Sep,22.7766659823427,15.6872671006089
Oct,18.0482505088512,14.0241360843915
Nov,12.5989078442049,42.8480696767493
Dec,9.16686579377326,48.1073463268342
