month,temp,prec
1,1.7551540658744,187.244487702485
2,3.39627753744544,160.747099108334
3,4.59964293132369,158.845225093503
4,7.26447455737684,82.8996257373983
5,11.6751339965796,34.108720793649
6,16.1191799206672,17.2073438046608
7,19.8199282171104,8.82424244704593
8,18.997653476136,12.135220951219
9,15.4784362822415,26.7173844972037
10,10.6381963022322,75.3272540399065
11,5.17038779480296,170.633115453942
12,1.8845694266188,173.484781857316
