month,temp,prec
Jan,9.34543452300091,89.2118012813404
Feb,10.1769140499164,87.6896910331807
Mar,10.5051667734566,81.3756329102271
Apr,12.4827799994505,36.1034583072019
May,15.3371919385603,13.5417212155259
Jun,18.5755108037648,3.42965901028705
Jul,22.1760659158342,6.47016843460301
Aug,22.3454286873834,9.89046603068945
Sep,20.1258606314231,15.1705937216095
Oct,16.5382956761643,14.6529457038503
Nov,12.2270176872283,59.7650681156471
Dec,9.39465458123777,67.7373188161996
