month,temp,prec
1,4.28579986380735,85.2762642640342
2,6.49395605043187,79.4337993902162
3,8.18146508503951,70.3099790949965
4,11.0947468605803,38.2450490146828
5,15.6312575313382,14.2667515953014
6,19.8325364815122,7.67604813840398
7,23.030366387666,8.59533686484865
8,22.1420220422934,10.0121307997619
9,18.9974265366646,14.7349839686083
10,14.3490286062588,21.7741000645818
11,8.3408848748893,62.6596279678626
12,4.33898166925512,71.3201060682925
