month,temp,prec
Jan,4.28579989230134,85.2762640143576
Feb,6.49395608792409,79.433799196773
Mar,8.18146512771542,70.3099789648121
Apr,11.0947469040217,38.2450489455164
May,15.6312575749667,14.2667515486017
Jun,19.8325365233839,7.6760480835028
Jul,23.0303664275428,8.59533677852706
Aug,22.1420220815683,10.0121307042624
Sep,18.99742657697,14.7349839001492
Oct,14.3490286446533,21.7741000079354
Nov,8.34088490909681,62.6596277845768
Dec,4.338981697091,71.3201058463755
