month,temp,prec
1,-0.635525835280483,120.861382738278
2,0.84350180317357,113.775234431605
3,2.12678481009849,99.7545490661097
4,4.98572037080019,58.2121806241549
5,9.69772784977025,29.6479910945382
6,14.3458397409228,20.7707311988439
7,18.1891383202931,18.2238089781688
8,17.3275916298632,19.8002763890471
9,13.3710526729257,24.0930886579529
10,8.74127145428332,45.2419886964036
11,2.97145516517901,103.394483110325
12,-0.33338788331084,110.819531550541
