month,temp,prec
Jan,1.90796467722287,153.977387536846
Feb,3.69275096300756,143.460795403145
Mar,5.10526121114752,134.326231215393
Apr,7.83549681574412,78.1248192381575
May,12.3330938737206,30.2213564142815
Jun,16.7821596835597,15.7140682138929
Jul,20.2441443588136,10.4166106596627
Aug,19.4564779165363,13.1847521959463
Sep,15.9861486840514,21.4742532410218
Oct,11.2738594995371,53.5044940926886
Nov,5.50302361145148,137.066390834808
Dec,2.06791954412561,140.052873742506
