month,temp,prec
1,3.1156675444038,86.7395402316954
2,5.05035013717822,79.3340273538807
3,6.49068695335932,70.9680912954741
4,9.33810933690651,38.7693084545977
5,13.9527740950735,15.1350328971703
6,18.2153043471965,9.19893548655614
7,21.5869840698485,14.1023525577341
8,20.7210964560093,15.5875665419995
9,17.5109929942275,18.2061085215196
10,12.9260307848422,23.3701927979363
11,7.05108134656132,63.2035611661857
12,3.24204969643107,73.8273810518697
