month,temp,prec
Jan,3.29279059096556,128.700285300574
Feb,5.39939141323144,119.034267740893
Mar,7.02190924689862,112.398643244634
Apr,9.80758534313335,65.8365751596637
May,14.3211285390204,24.5723535514448
Jun,18.5984299478614,12.0699760963282
Jul,21.9200665852752,7.27480037929876
Aug,21.1230695020933,9.77405692074813
Sep,17.7812971491628,17.4438922804558
Oct,13.0150805544434,42.6190590077167
Nov,7.09536029598459,110.835907229775
Dec,3.37819612747354,115.163281362199
