month,temp,prec
Jan,4.28579988765379,85.2762641625445
Feb,6.49395608460645,79.4337993539676
Mar,8.18146512531156,70.3099791325312
Apr,11.0947469032106,38.2450490260837
May,15.6312575757259,14.2667515527799
Jun,19.8325365246975,7.67604808777875
Jul,23.0303664299846,8.59533677543132
Aug,22.1420220831908,10.012130706843
Sep,18.9974265768055,14.7349839133441
Oct,14.3490286421107,21.7741000462658
Nov,8.34088490551943,62.6596279089131
Dec,4.33898169269239,71.3201059906209
