month,temp,prec
Jan,-1.00629565397594,142.191153404774
Feb,0.188226607421571,132.08273020933
Mar,1.25264882771866,117.578489487248
Apr,3.98603779541011,67.1460653571965
May,8.55245788718262,31.8973312183026
Jun,13.1082739588329,22.3491248362674
Jul,16.857728656488,19.2224326000848
Aug,16.0644193408697,22.0605317431503
Sep,12.2991394237959,26.7431128585031
Oct,7.89816545232154,51.3522691203998
Nov,2.32211176780956,121.558538695301
Dec,-0.752246234859242,129.818091372355
