month,temp,prec
1,-1.0062954695481,142.191154247056
2,0.18822681193274,132.082731990752
3,1.25264904051256,117.578491086194
4,3.98603801554637,67.146066319472
5,8.55245808915558,31.8973311359119
6,13.108274164251,22.3491246948481
7,16.8577288229192,19.2224324968996
8,16.0644195087242,22.0605312439458
9,12.2991396381823,26.7431127776957
10,7.8981656617137,51.3522694518712
11,2.32211195646083,121.558539974203
12,-0.752246053925429,129.818092741983
