month,temp,prec
1,8.58819018339406,57.0991255406401
2,9.8557332882034,50.8239777414342
3,10.8584003562438,55.5118884162598
4,13.3517907996789,28.410272108749
5,16.7631668410449,9.87679973940961
6,20.6974826624777,1.89301729554944
7,24.7481930635172,6.3133462636019
8,24.5002240049314,14.43636294548
9,21.8000794478206,12.7756667780795
10,17.3054299398785,14.2501749101577
11,12.2652720977394,41.0777400198336
12,8.99440673778046,49.5396560850248
