month,temp,prec
Jan,9.3897253819123,107.423356611609
Feb,10.6170427279046,101.461837959281
Mar,11.0004841063786,87.8276690955745
Apr,12.652274947762,40.4402750222681
May,14.6640629244785,8.94925217686238
Jun,17.1357180301929,2.25652136025689
Jul,18.9042538186208,1.39041080467241
Aug,19.1065703572593,3.21892739859872
Sep,18.2767763864972,11.7595858731159
Oct,16.2092720442066,23.9016362460139
Nov,12.3115893447556,66.7956488237634
Dec,9.42744393973577,83.4464545896813
