month,temp,prec
Jan,4.76970757015915,207.58202704191
Feb,6.29445486674181,163.555157762625
Mar,6.78586137890287,150.03141245142
Apr,8.75222109683245,70.0693244513788
May,12.7310320200615,30.4290198450434
Jun,16.5905347355715,14.8712184751846
Jul,19.4653675303427,7.45167128105031
Aug,18.9655075365114,14.7880288591231
Sep,16.7910567607329,28.2478063290613
Oct,12.7232099450441,70.4471669777531
Nov,7.76941061329789,184.736911775761
Dec,4.91544714011381,193.003156975668
