month,temp,prec
1,5.1990607129708,97.994133977042
2,7.68869060381641,91.5230627247502
3,9.71015914764906,85.4446397018236
4,12.8088484197458,47.8004112909782
5,17.4079222174961,16.1173487439811
6,21.6542458342911,6.61020271526069
7,24.7879234624731,4.08679261233977
8,23.8869783773944,3.97042525085175
9,20.5432308109884,12.3316866645404
10,15.6079264259175,27.3217289466066
11,9.32480365195637,74.1675797082852
12,5.16381456592751,81.2874699407738
