month,temp,prec
Jan,-0.33405088933155,160.622783472528
Feb,1.03768183117079,144.34027593165
Mar,2.19688337593539,136.265602464377
Apr,4.84685023717948,76.1193858965424
May,9.35083024973545,34.224814276238
Jun,13.8283113426114,20.9393744508904
Jul,17.5862364741868,13.8871462301445
Aug,16.7689699658841,18.0135963544042
Sep,13.0052889117776,25.899685918724
Oct,8.49428632921838,58.3345263314339
Nov,3.00840807494063,142.911487225443
Dec,-0.174055827170516,148.459346300503
