month,temp,prec
1,8.37693470365241,117.514706275398
2,10.2146916525991,92.8122815148131
3,10.9177138419801,90.9555596737274
4,12.397213052385,42.825252322215
5,14.6816795023999,8.45556758521868
6,17.0128913427372,3.78842984503036
7,18.4434000342896,3.20843231696144
8,18.6753050771141,4.14771129709679
9,18.190780320672,9.40115473512253
10,15.772840377438,33.7697159439493
11,11.6612181601118,85.2881689188918
12,8.47350472899332,89.3489193813365
