month,temp,prec
1,1.04172525765818,119.417151719573
2,2.50781798806642,107.972797513362
3,3.74252061268214,95.0398429298678
4,6.58881683886898,52.3344232191652
5,11.2038340876353,22.2772837584691
6,15.5461893007496,15.1274159722614
7,19.0123136003451,17.8605188005486
8,18.1820683266857,18.7233614786389
9,14.8313467019128,22.0472636208456
10,10.3247053320599,34.2806967115862
11,4.62960010443713,90.7629083494079
12,1.19232131710464,104.335802583857
