month,temp,prec
1,-1.38546956602024,127.810158981131
2,-0.342119444375052,115.529196763025
3,0.573086379685225,101.028786057382
4,3.33136909292854,57.1736838522
5,7.98954026610806,28.2039565496383
6,12.475946624206,21.5958707565681
7,16.2213097737516,24.182750840987
8,15.4339191845652,24.4261784059636
9,11.8152192845922,26.6513719670158
10,7.46443490127822,43.2762463936971
11,1.92780802979946,101.479494251784
12,-1.11565163523537,115.687883317685
