month,temp,prec
1,-5.95930844800869,77.3763585241918
2,-3.63696289221298,59.1085182073731
3,0.673900842417222,50.3824788197198
4,4.99963961089248,48.7665008589636
5,9.85704658677751,59.1866749657208
6,13.6636717481524,77.9421521865821
7,16.5777824565342,58.8806314987658
8,16.2919950659329,57.9291856394237
9,11.1088507715418,54.4963337199689
10,5.31051494296067,50.6920838866511
11,-1.23283404879844,78.1737805620443
12,-5.34948035111938,90.0471931604549
