month,temp,prec
1,-12.8595659830362,70.7832386803488
2,-9.95633742425295,59.3792665930602
3,-6.8848159774198,56.7872747201071
4,-1.5666755468139,46.117991177671
5,3.32489553688812,67.223352971976
6,7.1941170976084,90.7654666493714
7,9.7917300052268,93.5113391520633
8,9.3793132447722,76.1879473159604
9,5.02608517452445,62.1265992763375
10,0.460300288671403,49.9475057902286
11,-8.17317587485725,69.623467673701
12,-12.2665296383968,73.1177336105477
