month,temp,prec
Jan,-13.2492128030462,65.0067748319203
Feb,-11.4049459003041,51.5647953441106
Mar,-4.88738393266444,57.7891684462899
Apr,3.61284765906429,62.824515034669
May,10.8454837322989,74.5150181794351
Jun,15.8613345597356,78.6315753003289
Jul,18.9879739684082,81.2005991329418
Aug,17.3920516178002,85.9655767353903
Sep,12.6837240931986,97.2460054582728
Oct,6.67372523526472,77.1504614768319
Nov,-0.405662463293705,75.4496614708335
Dec,-9.18163920514754,73.4291913756235
