month,temp,prec
Jan,-12.4754830770817,75.7048401631422
Feb,-10.7454363034127,61.2038079146273
Mar,-4.53533497732764,68.0274476938291
Apr,3.54890859947504,68.2541819792242
May,10.7122825832497,83.4507792811875
Jun,15.2832441728096,92.8917874516934
Jul,18.1273060273084,84.7135146963751
Aug,16.8206001772538,98.5139577932284
Sep,12.3105281026097,98.0406955381584
Oct,6.19977468476736,89.4506807854092
Nov,-0.547890133590119,97.4967529319844
Dec,-8.77218028280152,90.977247599214
