month,temp,prec
Jan,-12.4754830764392,75.7048401740251
Feb,-10.7454363028296,61.2038079199236
Mar,-4.53533497689779,68.0274477023103
Apr,3.54890859982235,68.2541819829718
May,10.7122825835498,83.4507792870114
Jun,15.2832441729243,92.8917874527649
Jul,18.1273060275749,84.713514693045
Aug,16.8206001775638,98.5139577930986
Sep,12.3105281030115,98.0406955391137
Oct,6.19977468506403,89.4506807907251
Nov,-0.547890133071156,97.4967529414853
Dec,-8.77218028211309,90.9772476114072
