month,temp,prec
1,-6.30733791021695,140.156038474721
2,-4.01028100713939,109.08911848938
3,-1.73576691333807,92.2176945095184
4,1.53507608594903,61.7529502640272
5,5.21730233659735,60.3085866282934
6,9.12834691891948,52.2920034213706
7,12.3496395052949,41.0471156103983
8,12.4727848208937,42.3497630882108
9,8.65006597914103,49.5890855510519
10,3.78149764105729,82.1211942005412
11,-3.00049104259488,135.512311269832
12,-6.27786618756495,146.039566155406
