month,temp,prec
Jan,-22.2430091481116,24.5306162349707
Feb,-18.085507303513,20.4506881190904
Mar,-10.6587847128514,21.8011553785634
Apr,-0.0679381522184661,25.4583339385514
May,7.89300772190075,37.0393951508838
Jun,13.445615494499,70.5047407786262
Jul,16.2381723746817,78.5482217466579
Aug,14.618216721033,57.3538620071864
Sep,8.30722280643312,56.1449954779007
Oct,1.72056113893425,35.0412651354979
Nov,-10.0078705015771,37.6984841650843
Dec,-19.3863317139401,30.3785508404004
