month,temp,prec
1,-22.4140641433187,22.7386935079823
2,-18.518940992625,21.9815364982246
3,-13.3768769969308,24.2356396143581
4,-5.2614543045345,18.9666264742254
5,1.85568844131681,34.9892640035717
6,6.97509890670978,58.7385976121756
7,9.46079127945174,74.2393412546937
8,7.84711813939746,51.9853167924963
9,2.66828844423098,40.9801426693731
10,-4.75233243913104,29.9791337585125
11,-16.0531404230298,24.7345764184153
12,-20.848782357383,25.9856941580844
