month,temp,prec
Jan,-13.2783105818282,49.8181526527869
Feb,-10.5899085214879,30.4592296471174
Mar,-6.45162146779029,29.8741614254357
Apr,-1.58151584030537,20.0872136964265
May,3.28527407074384,34.3555703184544
Jun,7.13622426053907,49.7994100202638
Jul,9.54125448867456,68.3010201542663
Aug,9.13032113820379,55.2641161088713
Sep,5.14528052459146,60.154908044827
Oct,0.162751844160517,62.8361753656751
Nov,-9.02420645442969,51.9453999821852
Dec,-12.9833485926317,56.1862593200654
