month,temp,prec
Jan,-19.3387873715129,66.5375767196246
Feb,-18.168163292106,59.4816017409581
Mar,-12.2549007032422,71.3658281048516
Apr,-5.03916322767866,57.7723415403344
May,2.23402098681844,60.1333991107714
Jun,8.3645372749165,90.1025076120161
Jul,12.9853117826167,112.792878493659
Aug,11.6482448805825,94.7376684776695
Sep,6.57521509925325,85.7436248827519
Oct,0.116287491439703,77.9631196436934
Nov,-6.39522223815551,79.989875609849
Dec,-15.7209706527693,74.3242542904306
