month,temp,prec
Jan,-10.9042721006098,27.26737410627
Feb,-7.50580772522412,23.8698830963633
Mar,-4.38911809203528,33.551740937856
Apr,1.37791514543689,46.9620041811462
May,6.53223672774581,70.3023712172136
Jun,10.5840487527138,89.557361019328
Jul,13.0573445048676,70.1731016272683
Aug,12.5540142726205,62.7593570746659
Sep,7.98462918495433,52.1531838237566
Oct,3.80124482648554,26.5782058541221
Nov,-4.4246457705013,26.2943155925116
Dec,-9.45246477527274,29.105475696683
