month,temp,prec
1,-23.1344817283831,35.5525634704281
2,-17.5171507388419,28.0936971646021
3,-10.553870732548,22.4121380207385
4,-1.40558366890332,15.9133680674929
5,5.59975774053091,34.8672820109234
6,11.0682719795864,52.0753125132651
7,13.456616293743,63.563773695849
8,11.6739722377338,49.382009962486
9,6.28702714250114,47.9499259035306
10,-0.884275725535626,39.0374711643768
11,-14.2559635054817,32.7923820052376
12,-21.0582163874271,32.8018215977266
