month,temp,prec
1,-11.9230082839566,87.4431230445698
2,-10.3262249489942,65.8197812579884
3,-4.2953795868087,70.9869810650063
4,3.89389175610493,69.9398204613267
5,10.9598274021279,82.4519432684356
6,15.5139538625298,89.4759552652098
7,18.4530887620771,84.7774603999898
8,17.1346639813261,100.430228864525
9,12.6437885625891,105.213752079147
10,6.58136851174215,94.2449704814619
11,0.0337067726267447,105.043945794046
12,-8.15559744584676,97.6730732157347
