month,temp,prec
1,-13.1835495970524,55.4613829098554
2,-11.2468088235631,51.0596715675909
3,-4.67425016501692,52.6985631495589
4,3.57750059705686,59.7255034164815
5,10.7575724216636,72.7104999717331
6,15.7402045357125,88.0185286904534
7,18.5011184161643,85.3887550454792
8,17.1227426086475,90.9988818957088
9,12.5027151940706,87.8581915436801
10,6.37597943843414,75.5226876041647
11,-0.714140103476257,76.4111199416201
12,-9.39590360375819,70.976659776539
