month,temp,prec
1,-22.9969457203578,29.3645749174229
2,-22.6398017361807,20.1327274565542
3,-16.377015867291,25.5770804146206
4,-6.16034888635063,27.5084960401043
5,2.67956385562051,38.1096071723946
6,7.93271423566347,64.768981891499
7,11.7262320440527,75.0770044817538
8,11.3615981986358,85.7129878826535
9,6.76118788117335,99.1626305243734
10,1.31890862134538,74.9780567046413
11,-6.22588219872304,64.3962843737452
12,-17.9140115879667,37.0575099583187
