month,temp,prec
1,-28.5296468754725,15.7386122021866
2,-25.7574615863914,14.2652279855137
3,-20.2854032036081,14.3401568214675
4,-8.03121462579307,14.5245789522603
5,2.68908500621733,19.1118680874607
6,10.0269128930443,34.8903184162022
7,14.0056313669651,43.6605966034463
8,12.4182864311058,48.0297857192829
9,5.61336320167948,35.1055781184167
10,-2.03352368082915,31.3936666961297
11,-14.7443932661518,26.0431611456101
12,-24.0761335924955,17.5843892201477
