month,temp,prec
Jan,-13.1958658246784,83.1683558870502
Feb,-11.4881755713875,68.5516520504537
Mar,-4.98381584843152,82.0924600904895
Apr,3.07118165401304,77.7880018009983
May,10.5236989926239,102.175484376599
Jun,15.6020735979328,108.155675816064
Jul,18.1971120989177,114.48061158107
Aug,16.7954153918574,124.028507699533
Sep,11.7595451273803,119.683324256374
Oct,5.75289422124885,111.112494601062
Nov,-1.14807268542763,106.602688414049
Dec,-9.70073352000297,104.087172423751
