month,temp,prec
Jan,-6.79654649476571,111.802043522345
Feb,-4.59388555421847,99.5145613538796
Mar,-1.07200305651628,92.7704047109102
Apr,3.30385863092676,68.1423724687421
May,7.32811541588702,76.1097137970638
Jun,11.3423050448197,78.2403658595423
Jul,14.8447096727789,54.6926572785046
Aug,14.7037564471146,56.8831965354868
Sep,9.9120261210639,54.3563096116152
Oct,3.92278574266348,67.908046061281
Nov,-3.04549753768138,117.40171655007
Dec,-6.50083839788944,125.669074409223
