month,temp,prec
Jan,-26.1057658362501,18.7566275217977
Feb,-21.6940780122398,16.4959151331462
Mar,-14.0849553252158,17.2857193428016
Apr,-1.38904533422578,15.8132351621286
May,8.13475696407893,30.073879892609
Jun,14.2559447275199,48.0147764134369
Jul,16.4427752949264,55.9856119677906
Aug,13.9958487908026,51.7417138624237
Sep,7.39989022191706,30.1891560133309
Oct,-1.75271315982347,32.853665393416
Nov,-16.1084613822667,23.5159053042959
Dec,-23.3529926555902,17.8168067038858
