month,temp,prec
1,-22.2203494194077,23.7606494577444
2,-18.5244093339128,18.0505885123842
3,-10.7345043565067,26.9480768907695
4,-0.301121449078632,25.7663398145646
5,8.3372971986299,41.1308560300931
6,14.1947905578958,71.1767199634435
7,17.9731745129361,73.3515318128388
8,16.2806731356547,78.0376655936957
9,9.5189119534016,60.0313587851504
10,2.80561578712271,45.5353312623953
11,-8.14196871653752,36.0300136459415
12,-19.1687551925363,28.8511388510284
