month,temp,prec
Jan,-25.1839927316423,20.5058615263714
Feb,-21.1674332316613,14.7325585863751
Mar,-14.1416114152918,15.0608015830353
Apr,-1.91562522221061,14.5331980301332
May,7.52646002006893,26.9158334636167
Jun,13.4358804363047,42.6039689467903
Jul,15.9150767454837,56.5015658105666
Aug,14.0100698284269,46.7482362431879
Sep,7.37749195996961,37.8971671781345
Oct,0.367348008833449,29.822337545079
Nov,-12.1267252624387,28.9729044982494
Dec,-21.3931457702705,19.3765492073699
