month,temp,prec
Jan,-8.91377995289062,144.395949761986
Feb,-6.83982084741125,128.94689484315
Mar,-3.42487066646132,110.269790550155
Apr,0.804283379541038,77.2952043015723
May,4.90746598700899,78.6903311857707
Jun,8.80913363347613,96.6392975207739
Jul,12.1451540852012,79.522010463538
Aug,11.9593760063187,80.1487645843682
Sep,7.49776730295485,74.1815478121499
Oct,1.92195564363793,96.3126851968701
Nov,-5.42413144537401,146.285245271802
Dec,-8.78062612163887,157.749887811717
