month,temp,prec
1,-26.0860280839492,18.7533365763392
2,-21.6707682031301,16.7475075440002
3,-13.9048936869353,16.9675261772328
4,-1.20561217939164,16.5175521688731
5,8.19654743252884,31.5123639298687
6,14.2285860594303,54.731644629927
7,16.356989828168,58.9714948784209
8,14.0708294559599,54.4215940957272
9,7.48889842781324,31.5632421037168
10,-1.82371127078939,33.2123711200893
11,-16.2952869369159,23.3032403297653
12,-23.4788897354709,18.2635031689701
