month,temp,prec
Jan,-29.1316163077661,0.239257017453704
Feb,-25.3493681434493,4.2447174484487
Mar,-19.2078709494479,4.31144796148597
Apr,-9.24687499416416,1.72636580872021
May,0.483512083115861,12.2901619270813
Jun,7.36564534777772,43.2487601263808
Jul,10.2174345949613,50.677753744284
Aug,7.72974840196046,34.0388195487671
Sep,1.61716963810213,4.50572777002914
Oct,-7.9190448660501,0
Nov,-21.4898390545728,1.76102816340292
Dec,-26.8614932832913,0.751402553384446
