month,temp,prec
Jan,-24.2581016460042,21.0143885499955
Feb,-19.7184181554772,14.4358294035658
Mar,-12.356858706025,17.1230087142198
Apr,-0.189265921179156,17.3317069574297
May,8.51523017952855,29.6463728728926
Jun,14.1588718504795,46.496094949177
Jul,16.4973416427239,61.6508687825698
Aug,14.7164434896865,48.940452678245
Sep,8.31887996137864,40.2285193592332
Oct,1.15539992152143,30.1443631763114
Nov,-11.2838340839811,25.5965266043251
Dec,-20.3831877304785,21.1890055386633
