month,temp,prec
1,-7.65574286516743,81.5045126582168
2,-5.17311939841321,63.4397109698865
3,-2.21946939904259,58.0256081922962
4,2.1465463325263,52.9911606279084
5,6.60543323474398,66.5593898662646
6,10.5605134850915,68.7767501092666
7,13.7807306897917,46.1717388095867
8,13.3897459543743,52.7928284447789
9,9.22732483625846,41.7942222367963
10,3.57279714501853,39.4208983203419
11,-3.16297697894257,68.4786691050209
12,-7.52417032192179,85.8263570257841
