month,temp,prec
1,-19.3387873715129,66.5375767196246
2,-18.168163292106,59.4816017409581
3,-12.2549007032422,71.3658281048516
4,-5.03916322767866,57.7723415403344
5,2.23402098681844,60.1333991107714
6,8.3645372749165,90.1025076120161
7,12.9853117826167,112.792878493659
8,11.6482448805825,94.7376684776695
9,6.57521509925325,85.7436248827519
10,0.116287491439703,77.9631196436934
11,-6.39522223815551,79.989875609849
12,-15.7209706527693,74.3242542904306
