month,temp,prec
Jan,-22.3224081466694,22.2400467024478
Feb,-17.2493577197766,17.7414506022662
Mar,-11.6360835741349,13.4959539381205
Apr,-3.81215990165398,11.9739490653164
May,2.66727434355534,18.7388653404188
Jun,7.58739883623337,38.9939844893465
Jul,10.0832297837481,49.9963106142691
Aug,8.45962097075547,34.742457202384
Sep,3.57108606067422,28.2331252426898
Oct,-3.18257497871882,26.9851407823322
Nov,-14.5815691744423,25.7386007467755
Dec,-21.3538056540303,23.9840452632688
