month,temp,prec
Jan,-23.5710731271161,29.4242383523883
Feb,-23.6162069280796,20.5238532301061
Mar,-18.1005319553071,25.3916435939588
Apr,-8.11232212318155,28.3227524404958
May,0.585150774634167,39.2246203241714
Jun,6.18866012055429,61.8723486445797
Jul,10.2520519665493,77.4342344242276
Aug,10.0105344720229,85.7489480394144
Sep,5.75560406327549,91.366043139117
Oct,0.445582026182036,70.7168026608058
Nov,-6.92266399257633,62.5961546284532
Dec,-18.2076109195343,37.5666996507383
