month,temp,prec
Jan,-8.91378433774488,144.395938753381
Feb,-6.83981724047483,128.946723211482
Mar,-3.42486298602923,110.269502862309
Apr,0.804292454759609,77.2949909672679
May,4.90747976300509,78.690146038945
Jun,8.80914759186658,96.6391533369461
Jul,12.145161132781,79.5220132474234
Aug,11.9593796797311,80.1487677434877
Sep,7.49777209801728,74.1815474200114
Oct,1.92196105906525,96.3126902474743
Nov,-5.4241246437974,146.285213904269
Dec,-8.78062678811419,157.749821473702
