month,temp,prec
Jan,-28.5296468754725,15.7386122021866
Feb,-25.7574615863914,14.2652279855137
Mar,-20.2854032036081,14.3401568214675
Apr,-8.03121462579307,14.5245789522603
May,2.68908500621733,19.1118680874607
Jun,10.0269128930443,34.8903184162022
Jul,14.0056313669651,43.6605966034463
Aug,12.4182864311058,48.0297857192829
Sep,5.61336320167948,35.1055781184167
Oct,-2.03352368082915,31.3936666961297
Nov,-14.7443932661518,26.0431611456101
Dec,-24.0761335924955,17.5843892201477
