month,temp,prec
1,-18.0613727406738,62.5764819166901
2,-16.3354045478802,50.3009084064462
3,-8.38201561616594,49.9771359895327
4,0.788084344643375,45.7468414101614
5,8.3062882474163,80.2021863412177
6,14.5190760918501,87.8787607022282
7,16.9489625356887,121.633733474566
8,15.2513898608653,112.438387341291
9,10.207272487471,105.32356316565
10,4.25314060095828,83.8174455348317
11,-3.28532453326892,78.9006306066442
12,-14.0822404464887,74.758799601818
