month,temp,prec
Jan,-14.5459663439265,72.8228509050413
Feb,-12.7492217182835,61.8806376251297
Mar,-6.63240166421137,75.2551279399358
Apr,0.875312227319853,79.5174651860505
May,8.11615683381692,93.1377762000191
Jun,13.7821785137224,94.5434057255898
Jul,16.6145646765873,97.7366312956168
Aug,15.0271724508544,103.559338657727
Sep,9.95546759041446,99.9633093021684
Oct,4.25287344761983,88.4000946685017
Nov,-2.6530247479255,89.2819954405487
Dec,-11.2349313495193,95.16487262053
