month,temp,prec
Jan,-25.2087684554575,23.5008997389523
Feb,-21.1255410679058,15.5417907557965
Mar,-13.8797854108853,23.3060787631364
Apr,-3.16300754671972,29.1008614936614
May,5.39528765826304,39.4148999273266
Jun,11.6821946916672,66.3009288888226
Jul,15.2782652384301,90.2616074435661
Aug,13.3881629827937,69.7113590762612
Sep,6.7681953991859,59.4564248455959
Oct,-0.501147525215802,41.2112106427394
Nov,-13.0319840317136,32.921400551379
Dec,-22.0527685797527,23.6684062725935
