month,temp,prec
Jan,-23.6630350057929,22.0011253533
Feb,-18.8183405933148,14.453361898546
Mar,-11.4000491766621,17.174113267056
Apr,0.64338254823984,18.0394800437585
May,8.94624698907838,31.3414897145243
Jun,14.3598554196582,48.9679654944446
Jul,16.658205219268,64.9918340635485
Aug,14.9282005452366,51.3947036707227
Sep,8.65311430522638,41.6109480970667
Oct,1.57712364417626,29.6204099895228
Nov,-10.7288181708738,25.877006904785
Dec,-19.7298459809354,21.8897185907049
