month,temp,prec
1,-26.5765525377417,18.6191226136835
2,-22.9844005859821,14.2890630111125
3,-16.3688539693692,15.7465342919801
4,-4.03042352220568,16.0472442301944
5,5.84561340697889,24.1208185420309
6,12.3526367402126,41.0581187113483
7,15.3954660919029,51.5922273799993
8,13.5863167931536,48.6790088324629
9,6.86215031636725,36.9582648467402
10,-0.496299815621395,31.1296470547881
11,-13.093776790383,27.2108994973826
12,-22.5263843920883,19.9981475501585
