month,temp,prec
1,-16.1163393638352,62.7359642710833
2,-13.0752679233794,56.0133413206733
3,-9.2216798863462,43.7693203753591
4,-3.97394060336999,35.6968776900847
5,1.73809202801818,31.4800844075957
6,6.33240406693053,44.500269345751
7,8.87991452423197,55.2365248480256
8,7.95738373052679,56.7117701861441
9,3.68557051277225,71.7384895927976
10,-1.92462218371238,92.7304702752245
11,-10.7584908753427,71.9522630300159
12,-15.4661461465379,68.9643993126977
