month,temp,prec
1,-19.8486020890906,22.052835859047
2,-15.1211735173155,15.2679606423858
3,-8.93843690386453,21.4555206819327
4,1.272261854047,29.5369570478883
5,9.07220821751721,37.1272024355043
6,13.8456107700631,65.9332547879949
7,16.3306117626263,80.5986694393434
8,15.0247347525254,59.4619594944176
9,9.06308992902967,49.8597421268723
10,3.09464053598205,20.7287507189647
11,-7.70968431395423,22.4958682610237
12,-16.7787666547565,23.1467551218979
