month,temp,prec
Jan,-0.436148835351345,241.365974846249
Feb,1.21237446604362,209.960190543211
Mar,2.73667758629717,186.058911499466
Apr,5.31820788257383,128.842105667783
May,8.7114193814245,113.054509461735
Jun,11.9427653432384,95.7544680582639
Jul,14.7440030831404,71.4443734948487
Aug,15.0822069954976,74.3053993581952
Sep,12.1690598370658,110.51612112113
Oct,7.57931141532534,222.877602534656
Nov,2.46400066676616,286.612545956556
Dec,-0.0426818807423493,292.421418599726
