month,temp,prec
Jan,-24.2581017050241,21.0143884587151
Feb,-19.7184182477445,14.435829415877
Mar,-12.3568588077846,17.1230086737673
Apr,-0.189266008689628,17.331706820314
May,8.51523012954663,29.6463727986803
Jun,14.1588718209616,46.4960947818673
Jul,16.4973416249268,61.6508684847004
Aug,14.7164434626395,48.9404526027213
Sep,8.31887991839536,40.2285193465335
Oct,1.1553998756238,30.144363122353
Nov,-11.2838341386934,25.5965265508462
Dec,-20.3831878009162,21.1890054867834
