month,temp,prec
1,-26.7483120783759,17.5890825765834
2,-23.288598361701,13.6439989092155
3,-16.7107304945683,13.5381678513909
4,-4.36490337901324,13.0121379502248
5,5.76287990197789,23.3082524738136
6,12.3823382084128,37.5180174702508
7,15.3852056421279,48.3760394285972
8,13.5544649001684,45.7566558637642
9,6.79604885037795,36.1781209757657
10,-0.580723282174075,30.709040974521
11,-13.1549892423744,27.9535680961253
12,-22.7465742457129,18.760752574989
