month,temp,prec
1,-24.8316546561931,19.7065058084266
2,-21.0263603528093,14.9126145169598
3,-14.4262332158056,16.1714841103015
4,-1.77616463616255,15.7504467668216
5,7.66935129033165,26.53286113437
6,13.6055518414276,41.0164693736375
7,16.0282294124265,50.9653729713812
8,13.6757005506208,46.3380628490095
9,7.55801018356324,27.5194100621937
10,-0.768097824240739,24.4583214354868
11,-14.4054215937258,25.0576390290302
12,-22.0255212420473,21.5616533642863
