month,temp,prec
Jan,1.42298595553552,396.395031501209
Feb,2.38129625689506,324.230309055768
Mar,3.19880009157102,279.662614707621
Apr,5.2179342361242,200.83702210007
May,8.1454823858558,139.041721123482
Jun,10.8380305891332,120.215339750906
Jul,13.187193225435,83.5555336339955
Aug,13.7322819437652,92.0878135322413
Sep,11.471412813956,179.725825266261
Oct,7.7380020642486,389.943328164867
Nov,3.43225241608107,440.224267831055
Dec,1.52378876660727,438.104161832956
