month,temp,prec
1,-18.3334574840129,73.4550444502178
2,-16.4335124936174,61.9750201701146
3,-8.69584049860786,53.5596224307865
4,0.0939562688576212,53.3451447526655
5,7.48639483058432,91.8730658274948
6,13.8360441060263,108.524927323792
7,16.2543389682473,139.198589119142
8,14.500947215464,122.358453213936
9,9.294286104505,118.570917773842
10,3.21908537795677,96.6127948522208
11,-4.29176003197903,88.0155856590612
12,-14.4075461958963,82.4708500437813
