month,temp,prec
1,-11.9147414179078,48.6048086794455
2,-8.99217160459884,44.9284420595249
3,-6.31547091826544,49.2255858700306
4,-1.16630217227361,52.8033597145568
5,3.76789885996168,71.9141610486608
6,7.72624690847512,88.136649206683
7,10.4437001561568,76.1228542912818
8,9.99618945405368,67.8565223753756
9,5.7845066410416,54.8390928975259
10,1.60536542832574,38.000086472998
11,-6.8453692880757,48.8615333564499
12,-11.1446125266785,53.2167543340665
