month,temp,prec
1,-31.9022733637172,10.1352419266198
2,-30.4700412054429,7.67919736018828
3,-26.2662049664549,11.591593272935
4,-15.3882653923668,14.5612280441196
5,-4.29895831236083,15.2719237114575
6,5.2888780800914,27.2753501107422
7,10.7275342748756,43.4439913483707
8,8.95243632148469,40.8735956143223
9,2.17578351350615,35.9629260281118
10,-6.72193985848461,27.7098939501182
11,-19.6410052598301,17.0573067130115
12,-27.3424167122781,11.8741304220699
