month,temp,prec
Jan,-0.436148727995252,241.365974691674
Feb,1.21237458092566,209.960190347491
Mar,2.73667770492424,186.058910943061
Apr,5.31820799562855,128.842105626459
May,8.71141948943164,113.054508941199
Jun,11.9427654409522,95.7544673856206
Jul,14.7440031644279,71.4443731781602
Aug,15.0822070726415,74.3053990394836
Sep,12.1690599214113,110.516120606419
Oct,7.57931150791909,222.877601528694
Nov,2.46400077986936,286.612545579913
Dec,-0.0426817699712595,292.421418597211
