month,temp,prec
1,-24.2581017050241,21.0143884587151
2,-19.7184182477445,14.435829415877
3,-12.3568588077846,17.1230086737673
4,-0.189266008689628,17.331706820314
5,8.51523012954663,29.6463727986803
6,14.1588718209616,46.4960947818673
7,16.4973416249268,61.6508684847004
8,14.7164434626395,48.9404526027213
9,8.31887991839536,40.2285193465335
10,1.1553998756238,30.144363122353
11,-11.2838341386934,25.5965265508462
12,-20.3831878009162,21.1890054867834
