month,temp,prec
1,-19.8808493372727,60.1933535551728
2,-18.1366340387416,47.2005848596313
3,-10.072739223246,49.4745745728109
4,-1.40111400131924,48.1693081411369
5,5.84824247380456,77.6125223672505
6,12.7507019878992,102.426756097066
7,15.1141537416359,135.208675867492
8,13.3775878255019,116.515765231977
9,8.37756923558051,106.354065323796
10,2.19910483208698,84.9060217007757
11,-5.48775030804301,85.0752935416902
12,-15.9618655342503,66.6807468760212
