month,temp,prec
Jan,-10.3523826043771,179.288707791686
Feb,-7.43862320533781,145.704177025513
Mar,-4.3322331839607,115.302600173366
Apr,0.159245410510632,82.8891374161744
May,4.70977701719541,75.9962276373223
Jun,8.64727468015047,103.787127094408
Jul,11.5632462690614,91.6118685212056
Aug,11.4297907087657,90.1392966173304
Sep,6.65079427154379,87.5987491321865
Oct,1.12905333916012,115.682302445111
Nov,-6.10077120548446,173.641216885433
Dec,-9.83745854684037,190.796282426197
