month,temp,prec
1,-22.3224076532185,22.2400496017957
2,-17.2493573271457,17.741453086286
3,-11.6360833139086,13.495955713031
4,-3.81215982834525,11.9739504676909
5,2.66727433276693,18.738866362335
6,7.58739879079248,38.9939846568135
7,10.0832297333669,49.9963105961655
8,8.45962098610533,34.7424586361511
9,3.57108612348422,28.2331283478127
10,-3.18257480577217,26.9851456052515
11,-14.5815688237136,25.7386037875724
12,-21.3538052198629,23.9840487496689
