month,temp,prec
Jan,-23.8865215972094,44.7529046944365
Feb,-22.8566425468499,36.7450838301441
Mar,-17.1986076168353,41.9515725408843
Apr,-8.63769397821046,41.9593594908461
May,-0.0093522119051655,43.4801704757919
Jun,7.16056718017319,65.2458899806651
Jul,11.4139088658888,89.6671779438563
Aug,10.0933042668317,84.0797842013337
Sep,4.69752160509756,81.9054551704628
Oct,-1.81816032125225,66.9755013070452
Nov,-9.28797572248062,61.0410560725202
Dec,-19.7647095570004,48.7374424662362
