month,temp,prec
1,-23.6630350057929,22.0011253533
2,-18.8183405933148,14.453361898546
3,-11.4000491766621,17.174113267056
4,0.64338254823984,18.0394800437585
5,8.94624698907838,31.3414897145243
6,14.3598554196582,48.9679654944446
7,16.658205219268,64.9918340635485
8,14.9282005452366,51.3947036707227
9,8.65311430522638,41.6109480970667
10,1.57712364417626,29.6204099895228
11,-10.7288181708738,25.877006904785
12,-19.7298459809354,21.8897185907049
