month,temp,prec
Jan,-28.9891407938265,15.9661823861953
Feb,-26.9520576249613,15.6625104140709
Mar,-21.3963407828803,14.1949280382941
Apr,-10.0093972787736,14.8120832220338
May,1.50907073781405,19.6830976898551
Jun,10.148170125993,47.4810799135009
Jul,12.6185705808517,61.4789774337122
Aug,9.61460995673141,50.7731725043638
Sep,2.82569420482226,24.5143960421331
Oct,-7.48245721616281,19.3097040259346
Nov,-22.02796121479,15.6380611603549
Dec,-26.3469183440077,12.9670263939256
