month,temp,prec
1,-12.7499221197841,68.9496908769674
2,-10.029168745469,63.3739146579956
3,-7.21095754128678,59.6580523753719
4,-2.21180094812056,49.7657249296487
5,2.61238220740524,68.352065801345
6,6.59574512089867,82.5216137827892
7,9.44749636649294,76.9676247124005
8,9.02826875393778,69.8879612965759
9,4.83164306394677,56.9089969390206
10,0.339187537518789,49.0092399725519
11,-8.36994172059264,72.1486192999062
12,-12.4924154284644,76.5375186034867
