month,temp,prec
Jan,-6.16542163309254,129.466705079287
Feb,-6.19713202786022,108.016053775179
Mar,-1.82191949893683,110.551628875719
Apr,3.67830329597615,102.005744385823
May,9.4344327964978,103.266038959765
Jun,14.6002936911303,91.4577883875331
Jul,18.0152932922762,89.7310524333971
Aug,17.6691934529425,96.252964547958
Sep,13.4966231436639,94.7354867115993
Oct,8.28906800405193,119.744893340029
Nov,3.09310740123056,141.357220676354
Dec,-3.19445782195758,146.55416642242
