month,temp,prec
1,-15.5287093998402,75.4251699360097
2,-13.6943867574409,57.4606394658554
3,-7.06113744771524,63.5035300027075
4,0.594766743836633,66.6454074318465
5,7.68492154868151,91.911826687755
6,14.1401404037381,98.2789779521435
7,17.1910659182608,104.814187877467
8,15.5660915073462,101.139860447217
9,10.2208406170416,103.702006148998
10,4.04227953528752,91.6397628796
11,-2.98448310469171,93.1682552482913
12,-12.1390144960294,85.1957594381404
