month,temp,prec
1,15.3757231671425,23.5953012595341
2,14.5899338260182,22.118600398751
3,11.7992380969807,28.7403594418866
4,8.57021532313095,47.2480689599381
5,5.89450789325825,137.780839546496
6,3.62123046917986,160.518458436354
7,3.00544484629058,148.487182369635
8,3.66287416802424,123.985329391691
9,5.69946433801961,73.3762661726334
10,8.67926548033621,59.3760605461147
11,11.5041421201158,38.3476323165532
12,13.8982578788461,36.1839041377293
