month,temp,prec
1,15.3895515767824,16.8100722779818
2,14.5970560146154,17.5485019506835
3,12.0370051402283,18.9342594013636
4,8.62121650606669,39.5912382937644
5,5.98137226734296,130.319560961665
6,3.62155535218975,152.473183092286
7,3.09572202123848,148.841704954828
8,3.8548653897588,118.215918560559
9,5.72479408097208,67.2676760642737
10,8.57046630211242,50.7281935115208
11,11.5429061154614,29.968099307505
12,14.0162059649889,27.1714303394679
