month,temp,prec
1,12.8254359221412,6.22382581220925
2,12.3287409296286,9.02223082885492
3,10.5274643055924,12.0240800786801
4,7.3688610919676,26.1803339769793
5,4.2781384758817,91.8565115120899
6,1.46520676080433,122.841790794731
7,0.949210235845096,153.225069917852
8,1.71102224297663,93.0338965641578
9,3.33859299430775,53.8933594312638
10,5.94884156587599,31.9234811280807
11,8.97043696879094,18.8502830175482
12,11.6728773864946,9.86055460636748
