month,temp,prec
Jan,14.9532192503439,0
Feb,14.4789625452407,0.233715885861309
Mar,12.9816651249341,0.91006662879821
Apr,10.6172715377247,8.80560692426158
May,8.35942770063799,45.251652496231
Jun,6.24996760822032,60.4099315767711
Jul,5.88319856591741,85.470319977129
Aug,6.46652790177982,51.8589031124232
Sep,7.69619969920599,22.0192116964372
Oct,9.63256166369208,11.4096610443483
Nov,11.9220060664881,4.9080499428564
Dec,13.9049490658976,0
