month,temp,prec
1,-7.90878765572283,0.997490798742132
2,-6.04395702170551,5.04398696903386
3,-2.77885418655163,14.0023306805956
4,0.927835890687847,30.2534010488878
5,5.53781824311121,58.2514041384176
6,8.16782355987976,132.259743523724
7,8.87845220566632,131.253370011699
8,8.17355229529119,112.253775352456
9,6.57687288205195,99.0266737180217
10,2.45114164764794,38.5071397072218
11,-3.31462680590672,6.38548750493913
12,-6.87701215845071,3.33070628049398
