month,temp,prec
1,-14.8266145423267,1.24075421027563
2,-12.419909344286,1.48899225201826
3,-3.57086100404039,6.21475817243473
4,6.53237735466439,12.5031532950107
5,13.3790437754103,14.9174305070753
6,17.8831915925089,22.2557322349417
7,19.8715354240589,18.2873153237923
8,18.8190430523883,13.7481275441706
9,12.9357007314695,10.2080760713745
10,4.39238591170961,7.4497401637207
11,-5.36589104032157,4.86726870543053
12,-12.4024734267226,1.78907210081044
