month,temp,prec
1,-14.143471122236,3.99662691060294
2,-11.9601698846693,4.99745357104277
3,-2.00772845508459,11.0391936987739
4,8.91891935595235,19.7367332807895
5,15.7839145411449,20.7885065651763
6,20.1822366337718,25.7518779483241
7,22.2764032721197,19.7495287453653
8,21.0297460876553,14.5002783964702
9,15.1272645889575,14.506617106391
10,6.49561034219631,13.0024349048014
11,-3.56852619355899,10.2499655424457
12,-11.6043053678593,5.75325628885542
