month,temp,prec
Jan,-1.70973933486321,4.99881164300986
Feb,-0.572987149063574,10.4985732901006
Mar,2.09612247928235,22.4926202421636
Apr,5.15518644840003,38.2491241408755
May,9.15237106944815,64.5049960127883
Jun,11.5970548967412,163.009222103614
Jul,12.0661256934553,176.004259336529
Aug,11.562778283231,156.760521177721
Sep,10.3777954087307,122.009920617094
Oct,7.04807125006701,67.7577955669093
Nov,2.4457666879373,16.2531655291246
Dec,-0.450790072282152,6.49392616150593
