month,temp,prec
Jan,-16.7214320657085,0.500438690377923
Feb,-14.47569602579,1.00250472237642
Mar,-9.05664276500961,3.99821291296927
Apr,-3.09271304692251,6.25129713035823
May,1.71798725452358,23.255141213988
Jun,4.97204246545449,40.2568060503755
Jul,7.57701051361836,32.7516395865596
Aug,7.13285672418646,36.2540395574801
Sep,2.74802794690886,25.0045957041003
Oct,-2.82170252211603,12.2503598508588
Nov,-10.3040386925926,3.24975439369771
Dec,-14.4979353819554,0.49710489128104
