month,temp,prec
Jan,-14.143471122236,3.99662691060294
Feb,-11.9601698846693,4.99745357104277
Mar,-2.00772845508459,11.0391936987739
Apr,8.91891935595235,19.7367332807895
May,15.7839145411449,20.7885065651763
Jun,20.1822366337718,25.7518779483241
Jul,22.2764032721197,19.7495287453653
Aug,21.0297460876553,14.5002783964702
Sep,15.1272645889575,14.506617106391
Oct,6.49561034219631,13.0024349048014
Nov,-3.56852619355899,10.2499655424457
Dec,-11.6043053678593,5.75325628885542
