month,temp,prec
1,-3.34662630075987,11.9959470873158
2,-1.11082921562339,12.0078334511178
3,1.82581708658252,31.7560152267551
4,6.83829340293119,44.5014745238035
5,12.0757647867387,64.5011078668891
6,17.2547713583717,51.2538781643549
7,20.8023068497467,51.2513767441424
8,19.6189610753434,36.0668618884883
9,14.615800901203,33.5043745152205
10,8.96348826023937,27.2271486686024
11,2.10926912137045,18.0057301862596
12,-2.27226148235471,13.7541516583386
