month,temp,prec
Jan,-5.81586470893127,27.9238009016149
Feb,-2.01401970652855,22.2619395582135
Mar,1.98326711937103,34.0627530599318
Apr,6.7323289299454,27.7971645323404
May,12.0789912584123,26.8720724574387
Jun,17.283141398106,19.7770825685955
Jul,20.7966611091921,36.8718468849948
Aug,19.4740518266595,39.9153059388175
Sep,14.9457539746823,36.4865460371704
Oct,8.87651447934898,37.26648452939
Nov,1.80575907878458,30.9094539914877
Dec,-4.05336143120626,29.4069076838117
