month,temp,prec
1,-9.92497838554134,23.366639907891
2,-8.04026230514706,21.7796675099828
3,-4.72660417584691,30.3413843569151
4,0.37012566601863,26.6488211247814
5,5.97690773808433,30.2059175702637
6,10.6536322222528,30.5777478026092
7,13.834423041281,57.3599940182908
8,12.8719359683549,57.7499106824152
9,9.00936349376363,36.240713166161
10,4.06506914716792,24.7270314882787
11,-2.92852694112142,25.3823751420071
12,-8.33082741853515,29.1399529650844
