month,temp,prec
Jan,-2.96516526007243,24.7425027340552
Feb,1.31561280349082,20.6038440335765
Mar,4.8859015950006,24.9685685464579
Apr,9.16341639019605,17.6024470541229
May,14.3875965083896,16.8012949492418
Jun,19.5780480771674,10.9764948417982
Jul,23.4787066472627,32.6162686520252
Aug,21.9311571821815,37.2220913958891
Sep,17.4542206523297,31.6576463604658
Oct,11.3153051432686,35.9579780624342
Nov,4.26161989934566,26.1676299859269
Dec,-1.33702428431383,24.7843254663924
