month,temp,prec
1,-7.81781200431279,17.7582415224455
2,-6.68214276596947,20.9590700077727
3,-4.01793625727093,33.3470998903481
4,0.837983921367346,35.8281856695071
5,6.21642730665951,44.7151919199884
6,10.9871397506431,42.2096714991782
7,14.2886917060404,61.6114783473483
8,13.208713754588,55.4662408516962
9,9.34238753617515,36.7458878913802
10,4.46668879020059,26.6774294568974
11,-2.09742845740974,22.8178854626126
12,-6.35350074339666,22.6283672547964
