month,temp,prec
1,-7.24003349344263,18.9998039325278
2,-5.97894767297776,21.2550347792285
3,-3.28404147123303,35.2516684109618
4,1.59764071447435,41.2468999937258
5,7.01438235415702,51.9880917518757
6,11.8175932250468,44.2541568966681
7,15.2441317570015,56.2562517006315
8,14.2008493992131,45.7612379518684
9,9.97961977797263,37.5269716282166
10,4.98413881724675,27.827395712537
11,-1.6891058690318,24.2511259992699
12,-5.94921007602988,22.2545198270394
