month,temp,prec
1,-7.2400334987941,18.9998039428904
2,-5.97894767909979,21.2550347851989
3,-3.28404147737275,35.2516684098951
4,1.59764070852863,41.2468999873414
5,7.01438234866427,51.9880917385807
6,11.8175932192811,44.254156890751
7,15.2441317512022,56.2562516949427
8,14.2008493936365,45.7612379495611
9,9.97961977261988,37.5269716293841
10,4.98413881215642,27.8273957107635
11,-1.68910587414192,24.2511260012911
12,-5.94921008163432,22.2545198340397
