month,temp,prec
1,-7.33764050099789,10.9927521401614
2,-4.82024015400351,12.7429623314496
3,-1.15020352116206,22.2424772178511
4,3.77314624760804,21.9948409738796
5,8.95478903893754,29.7470957383784
6,13.9272251927594,30.989619370864
7,16.9322738248305,53.7260520811977
8,15.7079953213506,53.2385355866522
9,11.7104387903001,30.501512241955
10,6.41259419219098,20.7471900069116
11,-0.56348953975921,17.0068818460622
12,-5.86016219778052,16.2346226452751
