month,temp,prec
1,-4.22233059040466,11.0620033660338
2,-1.94098807458303,13.3237689827483
3,1.3492733495915,25.0677830305229
4,6.35482925510621,25.3117231047963
5,11.3740559918865,36.6862238931842
6,16.4787850616426,36.6326584574185
7,19.5219258794512,60.1469525197607
8,18.2469441044634,59.4679106504509
9,14.0983993513916,30.4011183046423
10,8.60050706659853,20.3836837066621
11,1.78062152011127,17.0818212911522
12,-3.06636255504071,15.2602104594665
