month,temp,prec
Jan,-4.31056374338096,9.79250070616872
Feb,-2.76806853799918,14.0714290536684
Mar,0.0511188888566912,28.983057650152
Apr,4.93950365889353,32.7497305045075
May,10.0603206464134,48.402217808309
Jun,15.1902982441437,46.4328841365559
Jul,18.3693332049332,69.1730066015465
Aug,17.1543162981406,65.8657911114689
Sep,13.0370323405335,33.4347076707711
Oct,7.69808480869155,24.5052941694954
Nov,1.17054298224865,16.5969700118459
Dec,-3.06960196826662,15.4884417521485
