month,temp,prec
Jan,-11.0862269253538,30.0346946959194
Feb,-10.1410088378767,29.3414554589564
Mar,-7.32256806989237,37.0722363641319
Apr,-2.19500042509562,34.4713063105734
May,3.41006746261174,37.9222323717472
Jun,7.98084235766902,36.8671718877281
Jul,11.2524622731913,56.7115518991475
Aug,10.3400097385367,54.5050220528414
Sep,6.54254312339527,40.4767103029917
Oct,1.92094301789131,26.8268649663121
Nov,-4.8408215320718,28.9127052234768
Dec,-9.63772964646374,34.2658187201558
