month,temp,prec
1,-3.88997435783183,10.7692775542833
2,-2.24865247250858,15.0393004472273
3,0.551153304359226,32.3711098595539
4,5.40598310266099,38.7280758635818
5,10.5460890951878,54.9223434032023
6,15.6558755909885,47.8660737872167
7,19.0198502271446,62.9000889945782
8,17.8257032609381,55.4541368786047
9,13.5170764782228,33.9448530944515
10,8.09158678295421,26.4326128361893
11,1.49599559412528,19.5406547364004
12,-2.62382964119541,15.9998027608364
