month,temp,prec
1,-6.8255731111883,19.0000607344102
2,-5.4074952645686,19.0050888952692
3,-2.65835773928764,33.7559054457248
4,2.31906324887319,42.2502522940814
5,7.7891313690881,53.994649956594
6,12.6872908526964,45.2498553527552
7,16.2138784160667,51.4990917311809
8,15.1456417845483,38.5055717556031
9,10.61843998209,35.3249608721088
10,5.37037313061127,29.408378725083
11,-1.42284052981833,22.5023312929777
12,-5.68378315064838,19.7555758425971
