month,temp,prec
Jan,-3.34662628983113,11.9959470726161
Feb,-1.1108292010523,12.0078334352304
Mar,1.82581710302751,31.7560152198006
Apr,6.83829342026662,44.5014745167324
May,12.0757648031559,64.5011078951997
Jun,17.2547713758265,51.2538781742346
Jul,20.8023068671949,51.2513767259416
Aug,19.6189610923353,36.0668618970047
Sep,14.6158009162469,33.5043745167174
Oct,8.96348827372917,27.2271486400531
Nov,2.1092691341298,18.0057301788922
Dec,-2.27226147193885,13.7541516557183
