month,temp,prec
1,-3.34662625938889,11.9959471027432
2,-1.11082916239539,12.0078335351571
3,1.82581714583787,31.7560153054683
4,6.8382934644906,44.5014746197816
5,12.0757648438456,64.5011080456522
6,17.2547714130711,51.2538781248186
7,20.8023069057801,51.2513766669659
8,19.6189611292443,36.0668618951394
9,14.6158009547097,33.5043746578805
10,8.96348831534602,27.2271486477966
11,2.10926917181442,18.0057303166828
12,-2.27226143517618,13.7541517773128
