month,temp,prec
Jan,-3.34662625938889,11.9959471027432
Feb,-1.11082916239539,12.0078335351571
Mar,1.82581714583787,31.7560153054683
Apr,6.8382934644906,44.5014746197816
May,12.0757648438456,64.5011080456522
Jun,17.2547714130711,51.2538781248186
Jul,20.8023069057801,51.2513766669659
Aug,19.6189611292443,36.0668618951394
Sep,14.6158009547097,33.5043746578805
Oct,8.96348831534602,27.2271486477966
Nov,2.10926917181442,18.0057303166828
Dec,-2.27226143517618,13.7541517773128
