month,temp,prec
1,-3.72036814563418,9.83047677339947
2,-1.71989985745327,12.5978299878101
3,1.30274565913676,25.165187878133
4,6.3418747077593,27.5589864641197
5,11.3986187422686,41.3942746592124
6,16.6026464874991,40.411143755836
7,19.7150564833471,64.3698680957243
8,18.4659218032568,62.3786265873527
9,14.1951880469777,31.124442311605
10,8.7286490480389,21.1143368727166
11,1.99343931524458,15.121101775308
12,-2.55170246374409,14.4920415247993
