month,temp,prec
1,-9.87110495852271,37.361289525465
2,-7.29509086696372,32.8244611093634
3,-3.74686678587704,44.2479198921212
4,1.50464657464343,36.2799072978737
5,7.28711297162681,34.2877772601627
6,12.0521213635364,26.1886432587077
7,15.3697515962557,51.956312047718
8,14.4237918834156,53.6883641151251
9,10.2548217581652,46.734975629857
10,5.07883840770052,41.2382298318152
11,-2.19763493877696,37.1317950166269
12,-8.24687724865746,44.1196250015895
