month,temp,prec
Jan,-3.88997446914265,10.7692774997038
Feb,-2.24865261183013,15.039300449064
Mar,0.551153152116031,32.3711097451292
Apr,5.40598293878472,38.7280753428567
May,10.5460889392089,54.9223426438949
Jun,15.655875421296,47.8660737195169
Jul,19.0198500400166,62.9000897756789
Aug,17.825703074962,55.4541380756095
Sep,13.5170763333184,33.9448530410094
Oct,8.09158666006179,26.4326128409787
Nov,1.49599549142861,19.5406545019814
Dec,-2.62382973313447,15.9998027471481
