month,temp,prec
Jan,-12.7359311902682,35.7779082421359
Feb,-10.833852026074,34.2800491684698
Mar,-7.71098531520397,46.5004767481811
Apr,-2.35369157385409,34.1246349828092
May,3.70881982076716,31.8987309699883
Jun,8.27368555622185,29.0344496721255
Jul,11.5495974502472,68.1143864213847
Aug,10.7111815202694,68.5679156711473
Sep,7.06490221212966,49.3948063242853
Oct,2.30333884524768,41.578383183204
Nov,-4.94287585771332,38.1332791276995
Dec,-11.1134943090564,47.1280284011899
