month,temp,prec
Jan,-11.511067390367,39.9003958598116
Feb,-9.40298177786817,39.4234862257491
Mar,-6.34926647751554,51.9003000177122
Apr,-1.14702824117668,39.6244439614856
May,4.78456654930051,37.6041395860788
Jun,9.37359481938845,30.1172312062427
Jul,12.7695141753291,68.9683248997832
Aug,11.8294175393679,71.8210919046977
Sep,8.09975335700285,57.0916592217093
Oct,3.20156948401876,48.6720727739093
Nov,-3.84388920903808,43.2595615788388
Dec,-9.85523750853196,51.1469280605693
