month,temp,prec
1,-11.511067390367,39.9003958598116
2,-9.40298177786817,39.4234862257491
3,-6.34926647751554,51.9003000177122
4,-1.14702824117668,39.6244439614856
5,4.78456654930051,37.6041395860788
6,9.37359481938845,30.1172312062427
7,12.7695141753291,68.9683248997832
8,11.8294175393679,71.8210919046977
9,8.09975335700285,57.0916592217093
10,3.20156948401876,48.6720727739093
11,-3.84388920903808,43.2595615788388
12,-9.85523750853196,51.1469280605693
