month,temp,prec
Jan,-3.35131967518453,6.02750278795104
Feb,-0.901821172600259,8.08896610627536
Mar,2.62380432948184,23.021343533686
Apr,8.05780580683518,31.6573201144113
May,13.3061153348019,61.7528815205532
Jun,18.7376752812814,52.9610751250085
Jul,22.208447856758,58.9471030632323
Aug,20.898470531842,49.9212523348585
Sep,15.865395667729,30.2159600996862
Oct,9.66218443378309,18.8122546859935
Nov,2.58326927817383,11.8112672190829
Dec,-2.53560522588854,9.76870585376206
