month,temp,prec
Jan,-6.63433402009023,15.8144151476266
Feb,-5.2252904082664,15.0115365890079
Mar,-2.44112387543146,28.5153744180683
Apr,2.61306348715637,37.9450131028996
May,8.0814724534981,48.5145705507756
Jun,13.2345281856562,43.6533885758999
Jul,16.8919146712862,48.0150022826432
Aug,15.7153467684848,33.9918271972035
Sep,10.9663714091285,30.6277891600405
Oct,5.41584451067561,26.7834095038822
Nov,-1.44502737439506,18.5378731321737
Dec,-5.71835548243561,15.0149510820869
