month,temp,prec
Jan,-7.24004953581167,18.9998343970283
Feb,-5.9789660750752,21.2550528017311
Mar,-3.28405994605978,35.2516651376449
Apr,1.59762280362798,41.2468800686028
May,7.0143657690298,51.988050796182
Jun,11.8175758230395,44.2541390343979
Jul,15.244114228596,56.2562363254996
Aug,14.2008325258305,45.7612334934891
Sep,9.97960365195013,37.5269750717215
Oct,4.98412353053961,27.8273897968333
Nov,-1.68912119248356,24.2511320974044
Dec,-5.94922685138181,22.2545408983335
