month,temp,prec
1,-7.10512916938063,21.4202306028591
2,-2.80612190168608,17.9547956796764
3,2.10737909303242,29.3877257671906
4,7.26306932245723,25.0245442660535
5,12.8180561480334,25.7414210392991
6,17.976663091967,18.9656321988053
7,21.708263990566,26.5041358975082
8,20.3774180685125,29.5008591635642
9,15.378130569317,27.3234028182292
10,9.08441726579222,28.9130321795811
11,1.45837197712067,22.4834600235778
12,-5.03018270019982,23.2715319077097
