month,temp,prec
Jan,-7.85254527562707,16.5188414730702
Feb,-6.52152262755079,19.0459945632769
Mar,-3.71957646777815,30.8878486272333
Apr,1.16722556170543,30.8384641477914
May,6.51477234699082,39.3131074190498
Jun,11.3122332662315,39.2304598251564
Jul,14.4980215937054,63.830444278472
Aug,13.3889086051892,60.9677117409753
Sep,9.65218864762324,35.3182405664115
Oct,4.72387159577246,25.8834090990229
Nov,-1.84463899863336,21.2935994484532
Dec,-6.25590835759033,22.4169360577781
