month,temp,prec
Jan,-3.889974397655,10.7692776079674
Feb,-2.24865251684469,15.039300522737
Mar,0.551153255131541,32.3711099082544
Apr,5.40598304942773,38.7280758702103
May,10.5460890439281,54.922343281206
Jun,15.6558755339714,47.8660737283867
Jul,19.0198501691041,62.9000890249849
Aug,17.8257032035158,55.4541368908898
Sep,13.5170764302168,33.944853126204
Oct,8.09158674426233,26.4326129079627
Nov,1.49599555818642,19.5406547813053
Dec,-2.62382967204619,15.9998028230698
