month,temp,prec
1,-8.80426650666312,19.5339144450965
2,-6.26784475846521,17.355797945393
3,-1.79820639852527,24.0718278850382
4,3.80679174153014,25.9998853832749
5,9.42093950251865,28.4532687426711
6,14.2284188106513,25.8692489974299
7,18.2350818143876,25.1851985162908
8,16.9858227288753,24.5110818144289
9,11.7799927922537,25.610004477758
10,5.92233764009266,24.1879578341211
11,-1.65093628241326,17.4715364671365
12,-7.27809565697198,21.5204962983617
