month,temp,prec
Jan,-7.81781202611561,17.7582412389866
Feb,-6.68214277000931,20.9590696464815
Mar,-4.01793625712289,33.3470993796671
Apr,0.837983919429398,35.8281847065866
May,6.21642730200779,44.7151907960483
Jun,10.9871397429943,42.2096711299598
Jul,14.2886916782906,61.6114790288664
Aug,13.2087137175846,55.4662422536283
Sep,9.3423875506092,36.7458876391956
Oct,4.46668879681744,26.6774295754998
Nov,-2.09742843114784,22.8178849188073
Dec,-6.35350072123121,22.6283670922899
