month,temp,prec
Jan,-4.19070377148554,11.9098278593261
Feb,-2.34542983123083,10.7669663222776
Mar,0.409714531807094,29.2764875645913
Apr,5.40804602810159,41.3538442774969
May,10.7238636591206,60.5326797013391
Jun,16.0345533717361,52.2172981658219
Jul,19.6386372636068,53.2861058123186
Aug,18.486949036048,36.3020050456161
Sep,13.4545331121993,30.0993189072739
Oct,7.71379025628881,25.5369837863668
Nov,0.986165341616133,15.3479060015944
Dec,-3.29224569373321,11.0173707776518
