month,temp,prec
Jan,-9.42425890126694,33.9582458035863
Feb,-7.98587388071297,29.0019168832733
Mar,-4.66973053406845,36.0075040523989
Apr,0.697061787751815,41.5053608773992
May,6.28448604937586,41.7515296464876
Jun,10.9317767684983,35.7511932277042
Jul,14.6791377762332,37.5041552634128
Aug,13.5493021281403,35.0051218799099
Sep,8.94862103842828,35.3844934606441
Oct,3.64958903722207,31.6060282751
Nov,-3.44636925031583,31.0077541893879
Dec,-8.33501925521053,33.262842800593
