month,temp,prec
1,-5.23178318341048,36.9938386440365
2,-1.61978572542865,31.910177784199
3,1.75477941080692,39.8601467337162
4,6.15445705826949,28.3232449411101
5,11.4593387365362,26.673566952114
6,16.4504629324653,19.4333644697611
7,20.318151750574,48.8686387966202
8,18.8587520695677,53.0146408705841
9,14.566675215688,43.7868306816639
10,8.85846362271367,46.2843733640032
11,2.00653243728096,37.6705465828683
12,-3.49343823222695,38.3071548662039
