month,temp,prec
1,-12.3507510512676,44.6425706517668
2,-10.3589417226635,38.4969786185524
3,-7.02071119910344,48.5895375338768
4,-1.53903920589946,36.7321828805938
5,4.51682902568671,33.9720713924463
6,9.1044023693272,29.3056187493232
7,12.3436385068553,59.6823511505408
8,11.5686232568682,60.7741685004282
9,7.61957321970987,48.147135781084
10,2.90856092246243,39.1489623365983
11,-4.55053641108012,40.6149663841493
12,-10.6841044151414,52.3638896903114
