month,temp,prec
1,-10.9795433980391,23.0122801832196
2,-8.6268972768858,24.2665329783581
3,-4.95915831121421,34.5444458403312
4,0.260805946956927,25.5073256587796
5,5.87994515568339,24.9987445163104
6,10.5039057473404,25.2767971737994
7,13.7932424137917,59.5135929376809
8,12.65658813518,63.2667721378367
9,9.00684940798462,40.5094841555909
10,3.88466344964599,34.514694555604
11,-3.36423640807562,28.5137661338392
12,-9.51054474524969,31.0172741833882
