month,temp,prec
1,-10.4626603739567,29.2394364184516
2,-9.44435837517401,28.7466708076198
3,-6.54101847032624,37.5019289550395
4,-1.39258040783553,38.0084020630783
5,4.19572673640524,41.4885295194279
6,8.78568937781503,38.235101200724
7,12.1655872839349,51.5251297067641
8,11.2314572506941,47.0012789684959
9,7.22331719314408,39.2263529513746
10,2.39767926656938,28.2907407273749
11,-4.41234610072337,29.2477934170884
12,-9.17247836116975,32.5093105131348
