month,temp,prec
1,-4.22234677907279,11.0620169134424
2,-1.94100493855284,13.3237732725441
3,1.34925558440343,25.0677918370691
4,6.3548110219453,25.3117230033162
5,11.3740392572587,36.686210245885
6,16.478767897119,36.6326547788843
7,19.5219085097353,60.1469696785933
8,18.246927329412,59.46791977941
9,14.0983830194424,30.4011224172254
10,8.60049303769979,20.3836921029486
11,1.78060703775218,17.0818212055066
12,-3.06637629481437,15.2602282610174
