month,temp,prec
Jan,-7.33882128109592,10.2426623895699
Feb,-4.39032831434872,12.2463466843255
Mar,-0.209571018348452,21.2420927417516
Apr,4.62372322561019,20.9925834356289
May,9.72943721004277,28.2398190247316
Jun,14.6712256726102,29.2542769821427
Jul,17.6128560411571,49.2303305966611
Aug,16.2902630656087,50.2340229709343
Sep,12.3683923855982,30.4957908362768
Oct,6.84795359097672,21.2489118622729
Nov,-0.249902493624238,17.244558687502
Dec,-5.94294075397255,14.7395681750705
