month,temp,prec
1,-2.9651652446613,24.7425025984617
2,1.31561282443396,20.6038439245056
3,4.88590161803319,24.9685684187992
4,9.16341641353052,17.6024469760574
5,14.387596530957,16.8012948691653
6,19.5780481025711,10.9764947831675
7,23.4787066714701,32.6162685133937
8,21.9311572062196,37.222091252353
9,17.4542206752168,31.657646255737
10,11.3153051622029,35.9579779300695
11,4.26161991577464,26.1676298638677
12,-1.33702427139702,24.7843253353784
