month,temp,prec
Jan,-6.75518495140118,28.4170407482034
Feb,-3.27288907084292,23.7838870482812
Mar,0.760774722589324,37.1210484842838
Apr,5.68889391608183,32.3007076502963
May,11.1069662807029,30.5318220200985
Jun,16.1116291124841,21.2912085029344
Jul,19.5447497948677,35.2606572879172
Aug,18.3488494530197,37.2452799517665
Sep,13.7612041007009,36.118691630393
Oct,7.97897295203558,35.948218369557
Nov,0.728259893943661,31.3578707331818
Dec,-5.12178999569078,33.2331722343309
