month,temp,prec
1,-5.1375355190308,85.2719569653247
2,-3.59410240073993,81.4302115543745
3,1.76685063342417,90.6834493374328
4,7.89362716310513,99.4215652904813
5,14.0912348401345,106.977266111731
6,18.9370641823947,100.303668841471
7,21.6494371773397,93.7949977538379
8,20.6485290961497,102.215190215841
9,16.2701776928169,94.8841073348789
10,10.3568844943913,91.6136372884481
11,4.61681488839458,101.724841404822
12,-2.2516893289814,97.8618289121698
