month,temp,prec
Jan,10.730998510915,91.6078503692901
Feb,11.0145107881979,75.9254095776914
Mar,12.938153776953,54.2806655315339
Apr,16.4784337248627,26.8688006491568
May,20.3663905066026,18.2312006908984
Jun,24.3493598043994,4.450215625717
Jul,26.8988901507894,0.454464046334555
Aug,26.9509764475237,1.75919260277065
Sep,24.6381379640713,5.20987555261024
Oct,20.8108108214584,29.9743124221175
Nov,16.2086288666813,50.7614308307628
Dec,12.4243170933126,99.6014744433269
