month,temp,prec
1,10.7309985246605,91.607850414582
2,11.0145108018122,75.925409582093
3,12.9381537918387,54.2806655174573
4,16.4784337392727,26.868800672377
5,20.3663905230571,18.2312007556376
6,24.3493598246421,4.45021563133002
7,26.898890174819,0.454464040273751
8,26.9509764690232,1.7591926351872
9,24.6381379825911,5.20987560408265
10,20.8108108357167,29.9743125481855
11,16.2086288792066,50.761430950599
12,12.4243171063318,99.6014745523862
