month,temp,prec
Jan,-3.00442352931994,39.9755811672638
Feb,-1.0177033614896,39.9748379684748
Mar,2.9648572728603,40.4734824069729
Apr,7.61709309170233,56.4740139353831
May,12.6607944958814,90.2130087232799
Jun,15.5872025033138,105.691559272067
Jul,17.1247615445806,107.699937632528
Aug,16.9105190935798,99.4561582736325
Sep,13.3600861987091,64.2184070156747
Oct,8.86777688890541,49.2290998965036
Nov,3.29218733678571,52.9675005291408
Dec,-0.874439145821951,48.4621044274948
