month,temp,prec
1,-15.3147799549256,23.5101296126271
2,-14.0916718917111,19.7669176358305
3,-9.01612968750522,21.2533602122872
4,-2.80653870261245,21.5003125915004
5,4.29943590458303,29.767112018458
6,11.0747423182711,49.7878590062235
7,13.7180704219823,66.0133122648328
8,11.1447608006473,60.2688334788787
9,5.78964423691153,48.7508839157696
10,-0.674506608786777,42.9897443039202
11,-7.89951780945664,32.9899095396968
12,-13.3191241772758,24.7745992733901
