month,temp,prec
1,-15.0441040054161,35.1778204899537
2,-13.9396660375219,27.0288249903558
3,-9.42211683046261,26.9691718025448
4,-3.66404266432734,25.6929893186275
5,2.89672726541121,28.7209298475633
6,9.45234257668803,47.8622255037604
7,12.6268627089174,68.9761792635926
8,10.2395475829987,62.0251412109294
9,5.20888749920752,51.5812625261309
10,-0.973695058402341,46.9461564447248
11,-7.93477721497573,39.4055525346203
12,-12.9475557706553,37.0311446799854
