month,temp,prec
Jan,-15.2852987999221,25.4804795202177
Feb,-13.9992010153679,20.5740332534318
Mar,-9.01348636875753,21.93397805385
Apr,-3.06961133371121,22.6685031119751
May,3.83738030036774,30.7820434551342
Jun,10.5889362129298,50.26178085992
Jul,13.3317790611299,70.46786516322
Aug,10.8067463205618,62.800123404839
Sep,5.62714313005348,49.6669176214716
Oct,-0.628740072214972,41.8806366038615
Nov,-7.82531696203943,33.5865590880943
Dec,-13.1002735036339,28.0610368132826
