month,temp,prec
Jan,-16.4999111181786,23.763797487885
Feb,-14.8274550566211,18.0002070526371
Mar,-9.47969069131276,19.7522737005644
Apr,-3.06955434370592,20.0016146769062
May,4.30474208699526,28.0010517089309
Jun,10.9760182526428,47.259380423932
Jul,13.3302701683271,68.7680749975126
Aug,10.852921534121,65.0030846810772
Sep,5.40942640270297,48.0089777644531
Oct,-1.42091496001921,40.4988623026636
Nov,-9.11499206542029,31.2539696726187
Dec,-14.5173870047742,22.7594376884319
