month,temp,prec
Jan,-13.7771736968626,36.4972885264298
Feb,-12.5827957826611,29.5041023507426
Mar,-7.3612357257857,31.0021035438153
Apr,-1.12866580272298,28.0013489581155
May,6.24881884451586,40.4983277468439
Jun,12.4175729129672,58.5041391588902
Jul,14.7542054842495,71.9961509302166
Aug,12.3849543690858,76.9955845191568
Sep,6.97159889796567,62.0012379245372
Oct,0.98944097174311,53.0049302837567
Nov,-5.57000073842198,48.5006267333157
Dec,-10.9563177126418,39.7540283147625
