month,temp,prec
1,-12.8450958563136,34.2429449400508
2,-11.7941209454324,26.5008145350686
3,-6.14159241099897,30.7504438768151
4,0.230796989399756,35.1696791055852
5,7.51581942654139,38.9998016323301
6,13.5379728428737,58.7466272997355
7,15.7789187544115,66.2505738190342
8,13.5412457438202,80.4901868252253
9,8.24211130136076,64.7517700653511
10,2.52022601655683,55.5076753692455
11,-3.59242460568923,51.48753793826
12,-9.4733550496357,41.2380641243932
