month,temp,prec
1,-11.696885408699,34.2463049604183
2,-10.4314587876919,26.9946454637675
3,-4.9330318916446,31.2834080555837
4,1.19593793017291,33.7746173448387
5,8.39299586881775,34.5041596825117
6,13.8559579383079,56.0035403214131
7,16.2405416969093,71.114209491663
8,14.1477826454132,81.2774748617521
9,8.84107395466423,66.457244286883
10,3.19165558280944,62.9216242310154
11,-2.76295418823892,54.0329782457426
12,-8.22971714556747,46.4254810408332
