month,temp,prec
1,-14.896063587382,25.4935235373017
2,-13.4111435210111,22.7400760310406
3,-8.14869302025306,21.2422837842491
4,-1.79120218650147,21.4939839216014
5,5.43878696993501,32.492197137495
6,12.0388949995889,51.4971409215254
7,14.5224139468734,61.4920772221219
8,11.9963593049146,61.2398379690653
9,6.63065309833157,50.9905223461862
10,0.224746703819563,46.4883502958807
11,-6.97144979863432,35.9905437734138
12,-12.4675947487471,26.2327058470725
