month,temp,prec
Jan,-10.1048905925009,31.7450932715011
Feb,-9.44800363986394,22.2504864661649
Mar,-4.30293168545972,26.2455031712281
Apr,1.63280659470309,30.7459442572915
May,8.76276246458751,36.5028873958074
Jun,13.9128119638526,50.9949075726946
Jul,15.9489140103774,66.7461108144114
Aug,14.006207385003,79.9924415201164
Sep,8.74786774852692,58.499211098847
Oct,3.53675781050579,47.244288877734
Nov,-2.18668210966351,48.4997597003824
Dec,-7.30656604002208,34.998930799326
