month,temp,prec
1,-16.4999111341533,23.7637975327088
2,-14.8274550737841,18.0002070466529
3,-9.47969071327812,19.7522736972156
4,-3.06955436528639,20.001614682013
5,4.30474206588532,28.0010517030093
6,10.9760182346445,47.2593804797158
7,13.330270151586,68.7680750841271
8,10.852921517676,65.0030847395376
9,5.40942638586238,48.0089778180169
10,-1.42091497867832,40.4988622806905
11,-9.11499208159145,31.2539696642464
12,-14.5173870205063,22.7594377010745
