month,temp,prec
1,-10.1048905925009,31.7450932715011
2,-9.44800363986394,22.2504864661649
3,-4.30293168545972,26.2455031712281
4,1.63280659470309,30.7459442572915
5,8.76276246458751,36.5028873958074
6,13.9128119638526,50.9949075726946
7,15.9489140103774,66.7461108144114
8,14.006207385003,79.9924415201164
9,8.74786774852692,58.499211098847
10,3.53675781050579,47.244288877734
11,-2.18668210966351,48.4997597003824
12,-7.30656604002208,34.998930799326
