month,temp,prec
1,-14.9132644333452,36.1567894628489
2,-13.9683895310079,29.3980758222115
3,-9.05008542135451,30.4307820259624
4,-2.91852839147681,31.2231459209678
5,4.24557534621451,42.8568834904606
6,10.9129226206473,60.0543190784985
7,13.454669636369,73.425780060701
8,10.9706052927047,76.3679261467987
9,5.70153073368357,61.1702384498713
10,-0.416917613010564,53.524378993981
11,-7.10869540281683,47.4285964733402
12,-12.3010156564138,40.0932132154337
