month,temp,prec
Jan,-16.4549715532992,28.505380548645
Feb,-15.0990706437928,21.747482701653
Mar,-10.1376121102103,24.2496484690114
Apr,-3.80521498208153,22.4981130929426
May,3.44951388345197,29.4970643948025
Jun,10.2837632745459,51.4998695002578
Jul,12.9157232395144,72.75910331204
Aug,10.3190869436497,65.4996465735797
Sep,4.92760326373009,50.7489371670263
Oct,-1.77260262903334,44.7439399297252
Nov,-9.19688258953931,34.752241596609
Dec,-14.4823030037045,28.0020577066744
