month,temp,prec
1,-12.3282549917359,34.502751089811
2,-11.0668255885846,27.0064382333957
3,-5.54774291903518,32.1441335533062
4,0.503266654977344,34.7799936784039
5,7.77765050992611,38.0106191931954
6,13.5316664063517,57.5035970661783
7,15.9073975347143,71.9454523058732
8,13.6880157718303,82.4000407157276
9,8.41711418545719,66.3458507047019
10,2.65528132998925,61.5317155191288
11,-3.40236988699424,51.8627502400003
12,-8.96684298905801,44.5501432358899
