month,temp,prec
Jan,-14.8960593750064,25.493511232156
Feb,-13.4111383877512,22.7400714951502
Mar,-8.14868609683618,21.24226930805
Apr,-1.79119543660658,21.4939657168392
May,5.4387938688017,32.4921903210843
Jun,12.0389011405322,51.4971384283104
Jul,14.5224193425593,61.4920449880187
Aug,11.9963654144916,61.2398192294113
Sep,6.63065945369458,50.9905157554757
Oct,0.224752814433055,46.4883535509193
Nov,-6.97144332158375,35.9905371261291
Dec,-12.4675879881579,26.2326928411686
