month,temp,prec
Jan,-9.60048546762846,36.7452682442835
Feb,-9.13437621875222,25.9947755562559
Mar,-4.08750198196101,29.497950968502
Apr,1.91080977398031,32.2507787828695
May,9.21902972979343,36.9988979902596
Jun,14.3307893189313,50.9774175367436
Jul,16.2750511802647,73.2428099800019
Aug,14.4156525343142,85.9891390271735
Sep,9.13468676364173,61.4944125706483
Oct,4.06708033008103,52.2486121857512
Nov,-1.52890485179079,51.4993372134259
Dec,-6.64319705944999,41.989323266679
