month,temp,prec
1,10.9438816071913,114.507702496356
2,12.4288021019244,111.761384632675
3,16.5054629275752,125.257579964454
4,19.7470627740591,80.7492154034454
5,23.4004300098727,99.7435992912037
6,26.3527545230387,146.245897849138
7,27.3458756561174,169.75897738645
8,27.2208922535832,163.239019202481
9,25.4635878505199,111.249686269862
10,20.6178467842286,54.751684543341
11,16.1635713491802,71.5080645043071
12,12.4447256052304,106.262817937205
