month,temp,prec
1,3.4953607278372,88.5592224429636
2,4.23210243998347,87.0289835607677
3,6.08775935115703,89.488249828445
4,8.9849718828738,88.6709888955143
5,12.5831176757388,87.5000471806536
6,16.1783128884717,71.3337945600786
7,19.1191616553346,48.7189839814156
8,18.8800566147723,71.7825192807212
9,16.2832185522737,78.9889553520721
10,12.2496024903719,116.556078741019
11,7.47426583988922,108.515526019424
12,4.63657114131773,86.1205789827183
