month,temp,prec
Jan,4.28689546905981,56.928066012999
Feb,5.16156880457076,57.3727544837708
Mar,6.98178283971833,58.1916374138972
Apr,9.11387558337421,74.442773146121
May,12.7497401148108,82.2965621162492
Jun,16.801274600368,63.0413283653974
Jul,20.0617800581427,40.4545096498857
Aug,19.6633795927969,62.1994444542607
Sep,17.1331592090457,68.0732926709804
Oct,12.7091789841514,94.5426896328684
Nov,7.77521188808622,72.7639847592787
Dec,5.15996040910037,59.9583624063387
