month,temp,prec
1,-1.34673527325911,104.318628303284
2,-0.801581873727587,99.2529135762588
3,1.11888419339055,107.909953202935
4,4.06406230763334,114.001310088508
5,8.13278097039155,124.517813152802
6,11.7426954275606,111.063330870373
7,14.6782804034937,90.089272731113
8,14.204628211812,110.487709013518
9,11.561319399847,100.054835716923
10,7.53873054412446,120.965191866655
11,2.62419935371195,117.958663411423
12,-0.15005046127276,110.370858494388
