month,temp,prec
Jan,-4.47629103440661,131.786070947506
Feb,-3.90215854092081,122.16196172263
Mar,-2.0663896975325,132.014144081953
Apr,0.943320002319924,145.024623433812
May,5.22516569704168,158.343537041687
Jun,8.66415629841274,159.049603438454
Jul,11.3297645183106,142.554995536103
Aug,10.8164684453576,160.524939885004
Sep,8.38082949467316,127.108447499511
Oct,4.48028853965285,133.317159303989
Nov,-0.477846618056141,136.109890049582
Dec,-3.17129779019583,139.608430503422
