month,temp,prec
1,-1.34673527496922,104.318628313209
2,-0.801581875312371,99.2529135808663
3,1.11888419219721,107.909953214566
4,4.06406230657872,114.001310109939
5,8.13278096970101,124.51781318117
6,11.7426954267858,111.063330902225
7,14.67828040251,90.0892727632525
8,14.2046282105593,110.487709041794
9,11.5613193986153,100.054835730553
10,7.53873054281551,120.965191870142
11,2.6241993520826,117.958663416594
12,-0.150050462957599,110.370858506999
