month,temp,prec
1,-0.125138083961452,60.7359452824654
2,0.707257035654208,44.4884934024528
3,3.71142055848334,55.9894600374206
4,7.29534958334101,53.9912931911375
5,11.8603835995775,65.9872393262702
6,14.8778464675974,79.4898845787122
7,16.4319898660198,71.9930749131985
8,16.4068630395,68.2414685232808
9,13.4277651686582,59.2520841279098
10,9.32719173244998,51.998714816374
11,4.29578010701927,64.2467171755845
12,1.19897956250398,70.2380962254137
