month,temp,prec
Jan,-0.125150150642457,60.7360520345497
Feb,0.707246242774883,44.4885824670971
Mar,3.71140980698644,55.9895601176186
Apr,7.29534054929876,53.9913632574734
May,11.8603737519829,65.9873364761568
Jun,14.8778362411745,79.4899925253236
Jul,16.4319804406986,71.993156008821
Aug,16.4068545653162,68.2415320175064
Sep,13.4277560595994,59.2521153381151
Oct,9.32718094453069,51.9987637989294
Nov,4.29576691903019,64.2468024517312
Dec,1.19896795951131,70.2382165245178
