month,temp,prec
Jan,-2.14122551645111,45.4972411124394
Feb,-0.316279165497791,39.2463721813383
Mar,3.57601879823037,42.9336526662032
Apr,7.909444532973,46.7441115046233
May,12.4447234924631,72.2319030053032
Jun,15.6663590245267,86.4718544207309
Jul,17.4752728865831,79.726387180772
Aug,17.1220114036937,80.728226221158
Sep,13.9146003665699,55.7395831706366
Oct,8.72285508679305,44.9979581147039
Nov,3.01214621724477,49.4934199013666
Dec,-0.656843157824919,48.9989415919032
