month,temp,prec
1,-2.25179731313921,45.998338748354
2,-0.363647717895012,39.9990556532444
3,3.53109493183269,44.5029109984303
4,7.93780547678479,48.4886849118456
5,12.4454582275476,75.2302121913167
6,15.6512837614964,88.7206418374778
7,17.3994475577984,85.7274998885295
8,17.1078523640144,85.9769267374845
9,13.9371136362679,58.2424021131885
10,8.80553666323172,45.2481521741995
11,2.9698114078719,50.9980627397307
12,-0.771577832619058,50.5050062488458
