month,temp,prec
Jan,-2.45400341907292,46.8368205168056
Feb,-0.66939445496335,42.989330639877
Mar,3.02687187303105,49.2343413817458
Apr,7.38691451071849,55.9431104966091
May,11.9453796719504,81.3744082113573
Jun,15.1196449818158,96.5026372412633
Jul,16.9269736902896,95.331467363906
Aug,16.6503026719185,93.6480351005912
Sep,13.5646583243261,62.2997300747732
Oct,8.59409438783707,46.364665205701
Nov,2.71492468872059,52.5186568784575
Dec,-1.01052307912539,53.7055865818363
