month,temp,prec
Jan,-2.25180442178268,45.998338717025
Feb,-0.363656163876612,39.9990541904865
Mar,3.5310846127164,44.5028943584662
Apr,7.93779548230789,48.4886122146972
May,12.4454493597572,75.2300767862496
Jun,15.6512748437745,88.7204235123715
Jul,17.3994373838661,85.7273064314491
Aug,17.107842701065,85.97674209045
Sep,13.9371046597092,58.2423511163234
Oct,8.80552829450337,45.2481442360342
Nov,2.96980386348566,50.9980480804063
Dec,-0.771583316484333,50.5050176280625
