month,temp,prec
Jan,0.331723732339122,68.249331756141
Feb,0.738784146970921,42.745913142032
Mar,3.15179286359068,54.7435306643826
Apr,6.59595252093582,48.9971473394949
May,11.304300255593,55.4031056257781
Jun,14.6486114438785,66.2344894741207
Jul,16.1187691013523,80.7401494146527
Aug,16.3121015711753,77.7427896743372
Sep,13.4496878469899,78.9970299901991
Oct,9.80758094294626,82.0058654632508
Nov,5.18110978033917,91.5004712354867
Dec,1.83447285102593,76.2378929377046
