month,temp,prec
1,-1.30039881105864,43.0877631222169
2,-0.222897947074799,38.1430223643671
3,3.40290253622299,45.5245090263242
4,7.34729934076664,51.6302183159263
5,11.9219081166673,67.0652034383953
6,15.199773323095,77.6523942082679
7,16.8925047394541,63.9241700427948
8,16.5406790616474,66.1240410201046
9,13.3852786796896,48.6519512015366
10,8.71289497321512,43.0678880594968
11,3.49952810096243,48.9492141106924
12,0.0952982841218078,50.6793847777025
