month,temp,prec
Jan,-2.25180441878763,45.998338716586
Feb,-0.363656160104502,39.9990541836222
Mar,3.53108461756974,44.5028943508267
Apr,7.93779548703705,48.4886122269676
May,12.445449364005,75.2300768226222
Jun,15.6512748481399,88.7204235832871
Jul,17.3994373886939,85.7273064779279
Aug,17.1078427054671,85.9767421422245
Sep,13.9371046636913,58.2423511247563
Oct,8.80552829759976,45.2481442339185
Nov,2.96980386655342,50.9980480825057
Dec,-0.771583314105139,50.5050176120739
