month,temp,prec
1,-2.45399653504227,46.8367955844347
2,-0.669385589262078,42.9893015694833
3,3.02688346309407,49.2343026906712
4,7.38692634528134,55.9430852731652
5,11.9453906388319,81.3744322098218
6,15.1196557523132,96.5026900840342
7,16.926984606313,95.3315115992849
8,16.6503137454624,93.6480796709235
9,13.5646681722119,62.2997254306877
10,8.59410267817455,46.3646632327903
11,2.71493299616196,52.5186472139496
12,-1.0105164410175,53.7055561155498
