month,temp,prec
1,-1.24002585452432,40.639015897541
2,-0.0443871108784186,36.4658554930435
3,3.63284495638521,43.7191898563274
4,7.59870101572423,49.0592032920938
5,12.2521400082269,64.6567215071722
6,15.5327658388641,75.6559594058199
7,17.2643160445218,63.100980262301
8,16.863608977804,64.9397634939559
9,13.6611671831322,46.7946103429585
10,8.90886876841819,41.0436616090445
11,3.63648140961896,44.6237810603786
12,0.170817769917509,47.0341102585966
