month,temp,prec
1,-2.25180441656446,45.9983387162085
2,-0.363656157280123,39.9990541776718
3,3.53108462123008,44.5028943434814
4,7.93779549060665,48.4886122339772
5,12.4454493672165,75.2300768472573
6,15.6512748514498,88.7204236335177
7,17.3994373923394,85.727306508424
8,17.1078427087725,85.976742177681
9,13.9371046666701,58.2423511295237
10,8.80552829984904,45.2481442317239
11,2.96980386881788,50.998048083598
12,-0.771583312331258,50.5050175989263
