month,temp,prec
1,-2.14122612380946,45.497228773496
2,-0.316280849465373,39.2463628947284
3,3.57601585770659,42.9336335551416
4,7.90944129876558,46.7440837302184
5,12.4447217163082,72.2318181408454
6,15.6663571343917,86.4717415470188
7,17.4752705608555,79.7262772541959
8,17.1220090889037,80.7281193989878
9,13.9145982623262,55.7395325435048
10,8.72285290012226,44.9979469298674
11,3.01214529655784,49.4933866493994
12,-0.656842899525071,48.9989339714834
