month,temp,prec
1,-0.828214095885705,43.2709340592932
2,-0.191202058668355,35.6239765123253
3,3.14933908124211,45.2660110862446
4,6.92652351598846,50.7544125370913
5,11.5758550933963,63.0008103245898
6,14.7766844779877,74.00614836387
7,16.3491206655485,59.0100836616287
8,16.2235646273259,63.0088521378466
9,13.0493525509919,48.7567632084042
10,8.64784057209683,41.7545265722063
11,3.84071608476738,48.259689651847
12,0.44999488065752,51.2076726532783
