month,temp,prec
Jan,7.88262577551395,107.259922144669
Feb,8.2738536582282,87.2664622145124
Mar,9.90943835220239,67.64479946782
Apr,12.8610288357077,44.7651548007241
May,16.9689569901394,23.7415466405112
Jun,21.0751685416306,11.2401437238044
Jul,23.5285573830916,8.38564329201275
Aug,23.5617013383143,9.28151436798027
Sep,20.8234424488959,21.0020149350939
Oct,16.6275171112562,77.8894919924718
Nov,13.0004845175836,104.752306390961
Dec,9.49347848641662,132.01129612502
