month,temp,prec
1,3.26606903853585,53.8691222785642
2,4.82211735679054,48.5982191687604
3,7.63784267273855,51.7840932762533
4,11.7407726471577,41.5530091791341
5,16.4787198515482,47.8103821436506
6,20.7264737393891,31.9927482313708
7,23.3541343760554,26.6337022255512
8,22.978544561627,21.8343088483828
9,19.4925630495648,31.8476021270745
10,14.0547533826255,56.7579538520695
11,9.15209568758921,73.0963701095309
12,4.75632841268377,74.4269225373261
