month,temp,prec
1,-5.99250021052588,24.7563744437183
2,-2.98913001828514,22.8269150640567
3,3.75591525813903,61.9617849427098
4,10.6450207134359,81.6779022776951
5,16.685052031768,111.16369645804
6,21.7709634082561,106.819819020761
7,24.5235101944827,110.837202460586
8,23.0593585986667,105.930745462765
9,18.3708671702381,111.301757935454
10,12.1774946892702,77.2905640033941
11,4.46329964589395,53.190812350857
12,-3.2042559352095,36.6427213939051
