month,temp,prec
Jan,-5.85320382534663,31.2463518400924
Feb,-3.05569066483768,25.648034013209
Mar,3.78011443571472,64.8352893175463
Apr,11.0834341907357,85.8759485430544
May,17.1092231904457,99.3392115682502
Jun,22.1691965125038,98.5328001559244
Jul,24.5025556508624,114.257883892665
Aug,22.9908833180032,98.4125849493992
Sep,18.7991949701357,109.580029975091
Oct,12.5492425697256,73.0555938520549
Nov,4.81762506689561,58.3940818761512
Dec,-2.96819616843409,46.0326624107914
