month,temp,prec
1,-6.74650220137729,33.1176376318288
2,-3.87316058518514,27.3208377482025
3,2.99261222601358,65.6419063289043
4,10.3492752609348,89.4764945130261
5,16.5967669348807,97.104581267972
6,21.7501269034017,106.299977176437
7,23.9201016253678,104.738083168142
8,22.5067575428997,104.459665820654
9,18.2901284233384,97.0885901074172
10,11.8809310402816,69.7449267446841
11,4.30258180378079,58.7024108140335
12,-3.5982279905573,50.7129951279326
