month,temp,prec
1,-10.0530922433335,14.2489920993041
2,-7.18224059949672,16.7520700148035
3,-0.115617179370305,47.5003945957711
4,7.83348891914395,67.9998240595373
5,14.8084407932588,89.7527114452346
6,20.1609312895682,107.997193556916
7,22.6667920210971,92.9973423453538
8,21.0167975499856,97.1532095262623
9,15.921807771629,85.7490787899087
10,9.52183477778199,52.7515244667331
11,0.936007020947888,31.0015368733605
12,-7.39729903690621,20.2484922015318
