month,temp,prec
Jan,-8.78811230174099,20.0007723834438
Feb,-5.69312135608047,21.827973725488
Mar,1.24687474106937,51.797852526635
Apr,9.11849699873474,78.1763368577771
May,15.859308485115,97.1387015467525
Jun,21.115080112775,119.057603576127
Jul,23.3417769580661,109.329353450001
Aug,21.7626138082533,103.450609417435
Sep,17.0618205256939,93.847581384682
Oct,10.6801364103944,62.0510035502828
Nov,2.24932840153415,38.3050020929333
Dec,-6.1980997687714,27.8102269121749
