month,temp,prec
Jan,-7.05066926064006,23.2850607646883
Feb,-4.11401125199767,25.4526207713481
Mar,2.86266373396392,57.8807902229226
Apr,10.3575594395667,85.4614377407982
May,16.5125275775919,101.054075825948
Jun,21.6441510918866,115.21463204844
Jul,24.2283837469259,104.264128640646
Aug,22.6375566732987,104.075443018546
Sep,18.0216941432753,98.0691394257832
Oct,11.613384032212,69.1683280710782
Nov,3.73173622167359,47.0137916644831
Dec,-4.34152150776515,33.8150866254066
