month,temp,prec
Jan,-7.88979408616582,20.6939694470297
Feb,-4.86231755462972,22.7111346437458
Mar,2.10270118792541,54.5404511236453
Apr,9.78927824434162,81.2638290788534
May,16.3392536949854,98.9151306627914
Jun,21.50924906295,119.542200119141
Jul,23.9134898510428,107.343964927752
Aug,22.299290921673,105.253241026673
Sep,17.6717797089011,95.8129099247065
Oct,11.2367746637422,63.8322827629719
Nov,3.00181508503593,40.0975289982051
Dec,-5.23894747329825,29.7000343374728
