month,temp,prec
1,-2.26662223914706,92.9429268440403
2,0.676802463913767,68.5284848256305
3,3.50685354357283,68.9894784552751
4,7.4343072857028,58.0269429710794
5,11.7892515397798,58.7051806457824
6,16.2993537377355,50.4930770898291
7,20.1061044060223,24.9712183388401
8,19.8877224153132,31.6070546361903
9,14.675937992036,39.9218703206427
10,8.30090956546708,50.4351624082406
11,1.83100781999719,87.6466139595964
12,-1.92323083855176,95.906265936361
