month,temp,prec
Jan,-6.93999392483669,47.1885205227333
Feb,-4.69924256027949,33.7488191167503
Mar,-2.70260964731765,32.9026210474793
Apr,1.32085763695615,29.0118125337585
May,5.92850901958413,40.5212613188811
Jun,10.4726330525634,42.3772515165588
Jul,14.8602958106214,22.5465523142468
Aug,14.18519839713,26.7775282830429
Sep,9.42854443460466,28.6078814118543
Oct,4.32283712892423,23.4896864951446
Nov,-2.78126663850527,37.1505578733657
Dec,-6.89393614035642,46.3614972232791
