month,temp,prec
1,-6.849972981881,49.6816428650743
2,-4.65334438584979,35.7537274256784
3,-2.6366857578605,33.9067277407862
4,1.24264811198527,28.6713881503746
5,5.77194372095502,40.0163050105852
6,10.4202745264537,41.6276566224032
7,14.8045351016175,21.5423467142347
8,14.2819686062977,26.2725521167522
9,9.48282585893987,28.6186499568437
10,4.29874015953958,24.2492595867068
11,-2.83289235444876,39.1520937661374
12,-6.87207465768487,50.1330950896314
