month,temp,prec
1,-7.39252511024557,64.1729548777902
2,-5.18748152908424,46.7762761652654
3,-3.18584024330893,42.0955062362793
4,0.914317759801912,33.1908734506078
5,5.53348915013863,42.3757676195193
6,10.1676366475545,43.6104412864122
7,14.6485385706572,22.5316606954228
8,14.0518195649479,28.5869606330881
9,9.27349845195014,29.5938677248215
10,4.18690222993664,27.7129957558755
11,-2.90389481828408,48.1039192691482
12,-6.96725130194396,63.9562303497381
