month,temp,prec
Jan,-0.0106250760185318,72.5288428695477
Feb,2.42357880454638,83.1055125794717
Mar,8.49019706323235,125.581489786895
Apr,14.4911706433686,110.989686977594
May,19.4744572030948,126.714461237803
Jun,24.1527544195858,94.64333204743
Jul,26.2319049830878,99.1816036275002
Aug,24.9768368387826,92.5298650566351
Sep,21.2877015276735,81.5401591279568
Oct,14.981970122714,76.1356763363289
Nov,8.61856641826342,104.453568228864
Dec,2.53624177673044,107.429087044853
