month,temp,prec
Jan,-4.07843326683054,49.4983704264056
Feb,-1.54510562450566,50.002870138835
Mar,5.05816140505063,84.7507889740809
Apr,11.5983111680804,100.495472965078
May,17.3884143813518,106.492266580459
Jun,22.3126399386724,97.7495798303692
Jul,24.1759917248595,112.246154491947
Aug,22.8768007326482,96.4956990994772
Sep,19.4517681784782,82.9984335721956
Oct,12.9333841547535,69.7502092989918
Nov,6.19726289203752,82.9953394769923
Dec,-1.01347640481368,81.9965056224479
