month,temp,prec
Jan,8.40249434862997,35.1044538568224
Feb,9.88903647798254,39.8090669835129
Mar,14.4723064676524,41.0219415130687
Apr,19.4763194692245,29.7959572740748
May,22.1919907863655,50.6677893492062
Jun,23.0520888239722,137.074501386059
Jul,21.5973252831763,311.797668733361
Aug,21.3631378243308,290.675351698192
Sep,20.2830646563242,171.301753510086
Oct,17.7647286386385,34.5426977948052
Nov,13.6749628423996,7.07740872962191
Dec,10.1666901625919,17.7392108319826
