month,temp,prec
Jan,9.55629118883001,34.1392021351339
Feb,11.2858110619806,37.351357717723
Mar,16.1613654554952,38.4785058137394
Apr,21.8400084530135,23.9443460892564
May,25.3737061022245,32.1859390540613
Jun,26.903404184562,100.326381763617
Jul,25.0386266116508,279.957863414842
Aug,24.3297433582144,250.144064865668
Sep,23.4047228624349,151.653023642366
Oct,20.4293907290947,15.8953633389301
Nov,15.4202266132547,9.70193809002296
Dec,11.3466231833129,18.0575434896434
