month,temp,prec
1,-5.95039602116758,42.1148050407686
2,-5.06222079489585,48.7300850128103
3,0.136137448848052,68.5499948867318
4,5.08192861927332,54.8217908658429
5,7.92502202063259,44.3435817147388
6,12.361777521256,42.2728975782395
7,14.8213770436602,87.7105908115496
8,14.4472386520836,84.6830400178423
9,11.4539399588346,45.1793519202541
10,6.45464932220769,22.9874934902138
11,0.743063863793258,16.3179929022966
12,-3.39095431975785,28.3562415288029
