month,temp,prec
Jan,-7.12533891679477,46.7321426135979
Feb,-6.28370435934307,53.4216502575743
Mar,-1.21442847077551,75.9810512796357
Apr,3.92391037176312,65.2420536321537
May,7.14448818881208,50.5417888862419
Jun,11.6321041246674,34.2230363311741
Jul,14.0083611320999,64.9975470560395
Aug,13.6575932848191,65.2643574758807
Sep,10.4841591825815,32.3294268898295
Oct,5.52143304511581,26.1195495135901
Nov,-0.125348864969878,17.3412126771407
Dec,-4.45526818037165,30.6053644107868
