month,temp,prec
1,-9.65928326182379,37.6718305280093
2,-8.89843245892631,44.2389215544841
3,-3.66508464626717,62.2996021680592
4,1.36324510534031,51.916323653558
5,4.10065058288585,41.4226775724772
6,8.77654877832205,31.0633423388465
7,11.7769055713109,54.3112711909099
8,11.4544405901313,54.7293511337207
9,8.30104438986409,28.212501878457
10,3.03501317319584,21.6811235985299
11,-2.7808888727527,16.5225980495523
12,-6.88084839842602,26.7973514433526
