month,temp,prec
Jan,-4.91590179526281,109.326882632712
Feb,-3.73286001518555,97.3522829471085
Mar,-1.28200013983338,113.716732123669
Apr,2.04300523349733,131.116562618632
May,6.09807997719618,138.583084655633
Jun,9.5741622794338,148.609398807252
Jul,12.0367752517019,149.4554155146
Aug,11.5784377372436,160.838829766237
Sep,9.10559449024565,116.31254781205
Oct,5.27319221975126,106.560525163131
Nov,-0.207480203366555,121.829805438861
Dec,-3.69444720413016,109.87404309146
