month,temp,prec
Jan,6.54271854660671,83.3772510854581
Feb,6.76750808792895,87.93591564454
Mar,8.40472212970733,71.9041850108972
Apr,11.1718341814531,63.3489185964168
May,15.4104896102563,42.8518889644547
Jun,19.0846022772623,31.4102580829631
Jul,21.9706713327657,19.4610638552435
Aug,22.3170363550179,33.2539744562305
Sep,19.4275906442303,54.7886246990447
Oct,15.1914554058008,92.7420374039568
Nov,11.0918530086838,96.7280234077613
Dec,7.89689056208961,98.5174850059275
