month,temp,prec
Jan,-5.43620493068885,104.221334637489
Feb,-4.64491200884012,91.4811993229455
Mar,-2.16831713985504,108.656097156111
Apr,1.10777924338263,126.469581118126
May,5.45209544024746,139.247767877524
Jun,8.59862026082712,157.753046303887
Jul,10.879251904423,164.00932314856
Aug,10.593283143759,158.887428909119
Sep,8.30661933735919,110.738192161295
Oct,4.60773578175618,90.4839202586064
Nov,-0.916923026244524,112.215792899342
Dec,-4.44468784449891,107.476957960525
