month,temp,prec
Jan,6.54271852190708,83.3772510603763
Feb,6.76750806497277,87.9359155747595
Mar,8.40472210838164,71.904184995289
Apr,11.1718341613989,63.3489186425728
May,15.4104895909948,42.8518890213413
Jun,19.0846022572613,31.4102581480309
Jul,21.9706713133911,19.4610639102099
Aug,22.3170363349948,33.2539745066243
Sep,19.4275906237329,54.7886247250522
Oct,15.1914553847549,92.7420373595647
Nov,11.091852985993,96.728023395889
Dec,7.89689053732656,98.5174849717831
