month,temp,prec
1,5.9654780590082,69.8632592227184
2,6.88686708158925,67.1856071431641
3,8.8620331220813,68.9263942931143
4,11.8232316858859,70.9115948584371
5,15.6829689024709,59.3231698900757
6,19.3238128568985,44.1743049106438
7,22.4141906459986,26.1280157567593
8,22.2816146380798,50.174304225612
9,19.3068061842143,70.3361061310753
10,15.0419424268206,99.4228147979
11,10.2799365425095,139.078646470905
12,6.72706185665283,107.541488375541
