month,temp,prec
Jan,1.08000474979237,57.5761810421856
Feb,3.22631451831402,54.9194215515964
Mar,6.30115875245016,65.5282800377799
Apr,10.1299446725204,70.2423327747389
May,14.4495384081221,69.582879953902
Jun,18.3055502174874,63.2609232063687
Jul,21.1157511963491,48.0885324276705
Aug,20.6669530120492,69.7619969376579
Sep,17.2973287236343,71.3397340043428
Oct,12.2985424259161,84.4852880333001
Nov,6.50778921400689,93.1104589988803
Dec,1.96830714086299,64.2918553659974
