month,temp,prec
1,-6.57469984999615,109.519028550291
2,-5.95038121611607,94.5166783270719
3,-3.80341196805175,119.247320991486
4,-0.606894529643443,133.273032760522
5,3.75905714339821,137.770874796869
6,7.0219478537193,149.017175963308
7,9.4094503498193,152.28030622929
8,9.18057067087975,154.68624123321
9,6.81503660801791,115.746299147296
10,3.25581039515662,102.242236220653
11,-2.02674711220279,129.246880977806
12,-5.51951938920458,112.024653254455
