month,temp,prec
Jan,10.4314875456385,87.4954322805994
Feb,10.4530722967028,79.8982366365696
Mar,11.5965044778329,63.2708135703739
Apr,13.8074436839594,46.5193335909319
May,17.7153830307014,25.5069060731092
Jun,21.4914848532989,10.5549491128749
Jul,24.547538105778,8.5384111975261
Aug,24.874914158705,17.6678844083768
Sep,22.4378174222698,43.2654344381554
Oct,18.5455059042859,95.643815538949
Nov,14.9043630070587,103.627166273144
Dec,11.8231156894801,106.771684637949
