month,temp,prec
1,8.6981751363492,68.5090888801768
2,9.97762893367988,57.1345638535345
3,12.5487244770855,51.311537754973
4,16.6730494635468,17.0708937574961
5,20.5625156134843,1.76935073216192
6,23.7632896722268,0
7,25.3216030184802,0
8,25.3832599363848,0
9,23.8307178277343,0
10,20.4770247695903,7.86581366999613
11,15.035814022645,27.1081426146226
12,10.3916074645244,54.7658090802618
