month,temp,prec
1,10.3451671056472,125.449703147142
2,11.2284417067609,95.0802630354664
3,13.3401820442362,75.4716910646653
4,17.0567673421024,29.5653972915548
5,20.5185723125533,5.03841977619282
6,23.6055662396284,0
7,25.360581198156,0
8,25.5589364484505,0
9,24.3221387069415,0.14265485357246
10,21.229377841531,18.8737810291422
11,16.3460125232378,56.991935473796
12,12.0294316250921,113.090510048875
