month,temp,prec
1,9.88613496209109,21.2924792808815
2,11.1533806222117,18.7478301031247
3,13.9457708352955,16.5016424528521
4,18.2356546776071,6.8038383263393
5,21.974853454224,1.43922033063912
6,25.0031594102198,0.247329736035935
7,26.5781990874064,0.238169375442012
8,26.6282863315141,0.0350412465221765
9,24.8317461760533,0
10,21.2653262206773,2.54951028811923
11,15.9062371318654,8.3710055847632
12,11.4286512869646,18.9338818219866
