month,temp,prec
1,-6.05699778598596,35.025275321592
2,-3.84627527622312,37.0994689341398
3,1.57082740320821,50.8630724847878
4,8.93511694239915,83.8086898710531
5,14.3317308730872,88.5736312532427
6,18.2134079477556,142.897528884114
7,21.7701794694506,271.238461913964
8,22.1307879370972,278.258159471378
9,16.9524754639973,184.097878176322
10,10.8859002634319,79.1439045508937
11,3.74360902250416,60.3539788176509
12,-2.78279812330146,27.7366529678658
