month,temp,prec
1,-2.28530244771118,21.7456350571542
2,0.706403009128094,25.2543890509317
3,6.73224442183545,66.2537368752596
4,13.0588063403685,78.2482826765708
5,18.374432171165,118.950050210887
6,23.2727233607086,137.998914820185
7,26.4586477077341,86.2529669144305
8,25.2278697026306,91.7467236588932
9,20.5387073452528,104.493667100052
10,14.3354126909658,74.0009863996052
11,6.60789349705475,50.9962006369878
12,-0.0519781244608223,31.5011210561103
