month,temp,prec
1,8.93578867558458,151.270517770219
2,9.4983814799123,117.826078855394
3,11.674670959257,90.9535578954033
4,15.4734454016794,42.7779979944071
5,19.0149774875142,11.1189263115231
6,22.4963486143202,1.15950991795099
7,24.4153658186111,0
8,24.7236125573175,0
9,23.0361558460431,0.752933533431065
10,19.7151470153756,31.8825985803607
11,14.7384324413672,79.4481197810737
12,10.3864039755742,138.744985666211
