month,temp,prec
1,5.47593567479,147.392679623089
2,6.11367314484302,114.482011465732
3,8.66469930725316,94.9782501749427
4,12.5036363117343,50.965380191277
5,16.2796549574105,15.3177045587386
6,19.8269047882333,2.73137111715331
7,21.936634653809,0
8,22.2224605499021,0.102695742593345
9,20.3335450408659,2.42125975931282
10,16.8422972942159,39.2904374916907
11,11.4080428871318,79.4210287962349
12,6.68513219250631,131.568870127299
