month,temp,prec
1,-4.7618607992676,42.7594799466912
2,-3.91860252323096,28.7563440627343
3,0.177776509588262,36.5098842923764
4,6.3046190008618,36.7529695410892
5,12.1656113485189,50.5234704883518
6,15.619902027002,69.9959754381392
7,16.909981062444,84.2506236182916
8,16.6491835304078,77.503739350307
9,12.5280544262964,66.5096456125576
10,7.66569018176221,60.5134423183659
11,2.32120582664767,70.7687709988984
12,-2.16442886181942,54.0193379500749
