month,temp,prec
Jan,-4.76186080600361,42.7594799504868
Feb,-3.918602532091,28.7563440913137
Mar,0.177776498765786,36.5098843216893
Apr,6.30461899822571,36.752969567747
May,12.1656113503438,50.5234703907193
Jun,15.6199020269207,69.9959754112702
Jul,16.9099810648791,84.2506235681801
Aug,16.6491835305036,77.5037392497396
Sep,12.5280544214028,66.509645516595
Oct,7.66569017707527,60.5134422757909
Nov,2.32120581888152,70.7687710088058
Dec,-2.16442886931496,54.0193379582798
