month,temp,prec
1,-3.81406017341196,92.2464211419205
2,-2.77474035618944,89.9930309558268
3,2.26455386072532,94.4907781819049
4,7.89059886546983,99.1119056600778
5,13.7340475143125,90.9949261786834
6,18.8648404939994,87.332494880008
7,22.0039183376066,82.2503893202264
8,21.0538896687683,85.9916492961893
9,16.7204518331308,86.999267284578
10,11.0170314983243,94.5011705016151
11,5.54772419212617,118.006135130042
12,-1.02661534869336,105.246868170286
