month,temp,prec
Jan,-3.81406017341196,92.2464211419205
Feb,-2.77474035618944,89.9930309558268
Mar,2.26455386072532,94.4907781819049
Apr,7.89059886546983,99.1119056600778
May,13.7340475143125,90.9949261786834
Jun,18.8648404939994,87.332494880008
Jul,22.0039183376066,82.2503893202264
Aug,21.0538896687683,85.9916492961893
Sep,16.7204518331308,86.999267284578
Oct,11.0170314983243,94.5011705016151
Nov,5.54772419212617,118.006135130042
Dec,-1.02661534869336,105.246868170286
