month,temp,prec
Jan,-6.56314175210082,81.0043220513188
Feb,-4.94984444907334,76.9517952257161
Mar,0.616885885199621,86.4891410527365
Apr,6.96869790802412,94.9906203749395
May,13.3479094426601,105.511362899241
Jun,18.174570377555,101.237405619422
Jul,20.7504163534195,96.2464832592209
Aug,19.639537374181,105.006657556032
Sep,15.2703922807834,92.9724736172054
Oct,9.3261696236029,89.7663464072411
Nov,3.472790291025,100.489427616785
Dec,-3.60888832971834,95.2439398436879
