month,temp,prec
Jan,-10.4401091977575,77.2410660107272
Feb,-8.90998874919107,68.0556478476815
Mar,-2.94058671288722,76.7442110434522
Apr,3.65307634535181,79.4947544017796
May,10.5565867987447,92.2505003425075
Jun,15.776660324875,91.7512717204026
Jul,18.8515684570127,95.7543077001581
Aug,17.4181977835266,99.0035376670287
Sep,12.3064997309427,97.7520527525789
Oct,6.63557931573454,88.2465250765408
Nov,0.147874207483088,104.991346031244
Dec,-7.49321865673982,99.9926133277967
