month,temp,prec
1,-8.91211981795653,81.9980561967568
2,-7.58943086823521,73.3857572337087
3,-1.91506746873704,79.4935613553208
4,4.20279976534233,83.4994629447361
5,10.7423157223756,91.7511317735465
6,15.814956241109,91.0021843578582
7,18.9765852606865,92.5052894735672
8,17.7255281327512,92.7545764407451
9,12.7470381379696,95.2541680733005
10,7.20526831556683,89.4984102113422
11,1.07745361638852,108.493625747404
12,-6.12460064689697,105.993955229664
