month,temp,prec
Jan,-13.4212423268059,67.8519585289827
Feb,-11.8538392792097,57.2799363214802
Mar,-5.41540321915531,69.2087609411112
Apr,1.93388868692008,72.6146851233821
May,9.43385197239747,85.2918919609089
Jun,15.119040628321,90.076275862225
Jul,17.7873489406602,105.541230178297
Aug,16.2531751761358,113.158132579645
Sep,11.1965072015876,101.449411369526
Oct,5.32404560385299,89.4541515299939
Nov,-1.74345068774057,89.8447425021724
Dec,-10.1260739440068,83.2089436664864
