month,temp,prec
Jan,-10.4401093664763,77.2410652729024
Feb,-8.90998889748968,68.0556467743664
Mar,-2.94058681967456,76.7442104470827
Apr,3.65307629648399,79.4947536054066
May,10.5565867822627,92.2505002736098
Jun,15.7766603216524,91.7512715309356
Jul,18.8515684375146,95.7543079065568
Aug,17.4181977568314,99.0035383394116
Sep,12.3064996978642,97.7520528165036
Oct,6.63557926757894,88.2465247424974
Nov,0.147874121846322,104.99134536743
Dec,-7.49321878711707,99.9926122562267
