month,temp,prec
1,12.5238347059942,27.6451769723471
2,13.4416703686425,14.9559179411008
3,14.9438858846265,7.83232786887582
4,17.0171443162736,5.67790704107247
5,19.3746802938319,13.2909983876243
6,21.2723967992173,95.1279885879639
7,20.6741208605069,203.937713050557
8,20.5570721034992,202.538523347515
9,19.9373817920764,164.809524709821
10,18.0700519832674,57.4856359937925
11,15.6158136194056,20.2128901301476
12,13.2137027370872,39.2611957700998
