month,temp,prec
1,17.4760346774507,14.1770965349003
2,19.387335703893,13.3556069392757
3,22.4673619932812,14.3926401218024
4,26.0116452566459,30.092709523411
5,27.7792803561086,63.3658926915729
6,28.3895456103142,164.05082389333
7,27.4270041213426,133.914427148042
8,27.6336402119687,128.708364897752
9,26.4430562133463,152.250613643756
10,23.8109847350199,70.171419468065
11,20.6999407619518,23.3218845782785
12,18.2361567881534,14.9162822968778
