month,temp,prec
1,10.9156473242724,49.6034925749697
2,12.6103255785965,28.8255916687212
3,13.9883853702016,22.1268143028449
4,17.0424588861056,6.75325913231437
5,20.1993500380688,6.35784435874782
6,24.1698319416087,58.6168021692367
7,23.6262686198577,227.40198513986
8,23.0696107092336,196.822366381777
9,22.5585244497342,91.2057399084638
10,19.0796848595388,36.0505839687613
11,14.6550308508458,22.7368229183294
12,11.6533282547184,50.1793603589474
