month,temp,prec
1,8.07919400589743,16.6449721458749
2,9.76537489684652,10.8995283551433
3,12.3146576864888,6.45501511038514
4,15.8497891597913,7.73324187251795
5,18.9867089822892,12.9406247112729
6,21.5013840825088,63.4041248468344
7,20.2064630261385,144.631316757211
8,19.4433866748561,141.034155760192
9,18.0206619263323,114.694580214085
10,15.1926817858175,37.5924727696379
11,11.6678813022064,12.7534845768434
12,8.68099258271267,19.6563536976883
