month,temp,prec
Jan,7.12139937363715,39.5716174261549
Feb,8.70794652714629,23.3732393997746
Mar,10.592225059238,17.8452703353883
Apr,13.8967503083559,10.6775679742187
May,17.012702560038,12.4882893050462
Jun,20.2822387132561,65.4420669410481
Jul,19.836282100233,173.69047509228
Aug,19.3523809475824,149.941281837533
Sep,18.2739428919301,93.1476639113968
Oct,14.9630763608021,42.0607890358385
Nov,11.0952118681604,20.5960210624311
Dec,8.315696621659,40.7413694245868
