month,temp,prec
1,8.46233899313405,38.6731585091133
2,9.43795595198285,39.1747866024465
3,10.4936873631148,40.034526237486
4,12.9607802962301,16.1664236356671
5,15.7689673177303,2.48268530147566
6,19.4985919345015,0.485963602786408
7,23.4413531820875,14.0217654008698
8,23.277882115241,18.7941471011313
9,21.1844782726901,13.084453283714
10,16.8126550484705,9.37178091839484
11,12.1095183955743,27.7336951116111
12,9.21654740731786,35.4676879515729
