month,temp,prec
Jan,-5.35509597884275,41.9971277557627
Feb,-4.17926966397808,41.1432412326427
Mar,1.62907363393192,61.9757456289719
Apr,8.09662270492111,76.9934754263055
May,14.4432812975443,71.5543725257307
Jun,19.5816164142138,88.2531137782149
Jul,22.0715971171415,76.7020996874666
Aug,20.9898980750441,85.0029366520745
Sep,17.0474170553406,80.6617529887884
Oct,10.5649347840945,54.3410364401447
Nov,4.37911316308321,68.5213200949743
Dec,-2.28842195854636,67.7706503271251
