month,temp,prec
Jan,-8.02592618144132,42.3247250489019
Feb,-7.50761415377751,31.3359364907914
Mar,-2.11929158174998,52.2883448821461
Apr,5.35824174904188,61.2931612210407
May,11.8582416209907,69.9363792604671
Jun,16.8032179358047,79.509984106131
Jul,19.6082373416904,64.8669792689353
Aug,18.3382558196644,89.7838903824377
Sep,14.0940912568056,95.8741605585829
Oct,8.12078296851327,62.0381686133224
Nov,1.76577854109647,63.080113427189
Dec,-4.97425051565405,53.6709307294083
