month,temp,prec
1,-14.8033153790805,18.4669405680531
2,-11.0432876638683,13.2358831802713
3,-3.51664608041936,30.4951136594232
4,5.47500309138989,55.6265398689585
5,12.789163603261,68.6669866250972
6,17.6966857381342,105.108149100224
7,20.5891818822908,93.0100458319164
8,19.2083238931106,90.4172989700693
9,13.656691932281,72.6427835898742
10,7.41335233738433,57.4585938149202
11,-2.28495142949438,26.6737361481815
12,-11.4099589568776,19.9942665983641
