month,temp,prec
1,-14.3327449501787,30.4563833612663
2,-11.2693975300363,20.2163557218482
3,-4.82187453640483,43.3331761644705
4,3.0090441246259,52.5454469542049
5,9.13496408155334,78.3548590027517
6,13.6224635968563,97.6607356272004
7,17.5024224959101,91.6538192214851
8,16.7273564401156,97.2887677188369
9,11.7506718760027,95.4027996269662
10,6.11819000419712,65.8549211005893
11,-2.24106105464239,46.1678075683626
12,-10.5852386383861,32.5994977438394
