month,temp,prec
1,-1.58010265521108,44.4693885019712
2,1.23733856322932,53.9010652735587
3,7.22653354806029,94.4381950302613
4,13.6415467938797,91.350205674741
5,18.63969149329,105.686539572398
6,23.606346209005,93.0543525168246
7,26.065529858782,95.2911048870849
8,24.831427287249,79.2223516024372
9,20.7547399760666,84.2216970380303
10,14.3772460525751,71.5518825239813
11,7.6839681894999,85.1239519679637
12,1.0024120912738,79.5095267797593
