month,temp,prec
Jan,-1.09983389686064,39.2501014672238
Feb,1.63672113874758,47.9991679956426
Mar,7.68759264297602,89.0061227861311
Apr,13.8691495359185,95.7491172262937
May,18.4993455527396,118.500113511356
Jun,23.1384121913902,109.755599579673
Jul,25.9268059896846,86.0008275030343
Aug,24.967761943332,87.011485027578
Sep,20.747494247026,101.2619385431
Oct,14.6017690417005,90.7563814977454
Nov,7.7159425738342,82.997299115098
Dec,1.35775155639519,64.9971651895116
