month,temp,prec
1,6.79187736485016,126.422973665471
2,9.19942060946905,129.010045714592
3,13.6951223957949,143.59270294041
4,18.3858762814421,115.593067876766
5,22.3124476053373,135.134944907822
6,26.0373963498524,105.029990096401
7,27.7565990249664,97.2665024238857
8,27.378407196229,82.6698713371043
9,24.3624867596075,82.6466663557223
10,18.3824834991472,94.3849780781224
11,13.3393660495743,125.132142660408
12,8.71249630284417,151.633894813389
