month,temp,prec
Jan,0.670507138471626,50.0019419836951
Feb,3.2180320304034,62.258155542662
Mar,8.7621236644522,102.753243623215
Apr,14.5420375468127,103.249195231508
May,18.826141548509,117.501604335388
Jun,23.3986258912047,106.750593029508
Jul,25.9686433311926,82.7517467742479
Aug,25.1819701734498,87.7494923335884
Sep,21.0778486005798,102.004635336441
Oct,15.0320315480641,88.2519291366629
Nov,8.65208088254835,100.253636335548
Dec,2.75132343090611,86.8476173109644
