month,temp,prec
1,-1.27483284093609,38.9992035845365
2,1.48519297725385,45.0030026895392
3,7.64927848737292,88.0063807387602
4,13.7916642413587,96.2488232841108
5,18.6392038512528,121.753011344971
6,23.2717326945431,122.006604110972
7,26.1192684132406,87.7528910396456
8,25.1342756633331,97.2577714803361
9,20.7608557159664,112.003642011734
10,14.6233893556541,96.5060451381951
11,7.66263335434604,80.7525814408449
12,1.28270444513565,59.0042636436035
