month,temp,prec
Jan,-1.27483284093609,38.9992035845365
Feb,1.48519297725385,45.0030026895392
Mar,7.64927848737292,88.0063807387602
Apr,13.7916642413587,96.2488232841108
May,18.6392038512528,121.753011344971
Jun,23.2717326945431,122.006604110972
Jul,26.1192684132406,87.7528910396456
Aug,25.1342756633331,97.2577714803361
Sep,20.7608557159664,112.003642011734
Oct,14.6233893556541,96.5060451381951
Nov,7.66263335434604,80.7525814408449
Dec,1.28270444513565,59.0042636436035
