month,temp,prec
Jan,-0.960359542492974,52.0442648269734
Feb,1.87964284996052,62.0100781852926
Mar,7.69623268462788,102.47283163301
Apr,13.7969660059432,98.8534596073103
May,18.1668701569192,112.403913577214
Jun,22.8401758897038,91.9227406065211
Jul,25.4018462103064,86.885351912425
Aug,24.3501905381847,91.5097545528977
Sep,20.3960523554166,93.8647961567909
Oct,14.0902679932946,79.0761840682302
Nov,7.63615302450276,96.1610380493782
Dec,1.54457126069559,89.407562936242
