month,temp,prec
1,0.259855044400885,60.7829945549561
2,2.91390659213026,69.8017668603541
3,8.59798515124799,110.201402652713
4,14.4011905216749,102.957881820712
5,18.7428328565375,113.86048834653
6,23.4036281984267,90.9585170013389
7,25.8160594429482,85.6591225651159
8,24.7669601126036,91.4494434387755
9,20.8953129752095,95.9550430157996
10,14.6628867535491,80.0481070422689
11,8.45046547816796,104.299266369922
12,2.47878977172077,101.020060303673
