month,temp,prec
Jan,0.259855044400885,60.7829945549561
Feb,2.91390659213026,69.8017668603541
Mar,8.59798515124799,110.201402652713
Apr,14.4011905216749,102.957881820712
May,18.7428328565375,113.86048834653
Jun,23.4036281984267,90.9585170013389
Jul,25.8160594429482,85.6591225651159
Aug,24.7669601126036,91.4494434387755
Sep,20.8953129752095,95.9550430157996
Oct,14.6628867535491,80.0481070422689
Nov,8.45046547816796,104.299266369922
Dec,2.47878977172077,101.020060303673
