month,temp,prec
Jan,-25.1364685835177,1.00582944799758
Feb,-22.9723203075731,1.25516016255602
Mar,-14.4764429723298,5.32206736292307
Apr,-3.76962857833245,13.7113325846737
May,4.29956859240358,26.5815432633478
Jun,9.23788679169219,55.5640410311458
Jul,10.8495724344414,84.420170016329
Aug,9.33957155679882,70.0765527783192
Sep,3.76376303662391,22.91998523197
Oct,-4.5612801109544,8.7044080073127
Nov,-15.923121830019,3.71607152448222
Dec,-22.6389167252532,1.4973694381136
