month,temp,prec
1,-28.0804566377553,8.29148814413838
2,-26.3646495790811,6.78755126730107
3,-16.1763760802528,12.2029817573788
4,-3.08808954927372,22.2646040773313
5,5.49349234417255,32.9827865380331
6,10.8635456220453,49.2603565461493
7,12.5910550808792,66.3526907709821
8,10.8518532485444,53.1140133394821
9,5.49603979160758,31.0637827476561
10,-3.6072920916852,20.9986346035749
11,-14.6530870725063,16.8708153774778
12,-24.1088501452331,12.5229218971037
