month,temp,prec
1,-25.7371922912186,4.75106450262276
2,-25.3946691048935,4.99859789690658
3,-17.2696465977544,9.21498218686276
4,-4.57214242313515,19.9745343953952
5,3.17704696696544,31.6193471009692
6,7.96457064538622,42.4700013833969
7,9.86540268362421,52.7684613195527
8,8.41040252956202,39.4981092446015
9,3.2770469873229,21.9994287778646
10,-5.14047857596477,14.8171567853676
11,-15.0721698070985,13.2093634101004
12,-22.5105726022535,8.6873643609013
