month,temp,prec
1,-23.5932622984576,1.07248279363891
2,-20.5665991755964,1.49248810602027
3,-10.7039560654318,3.33210020756808
4,0.182808824727467,12.3361065458167
5,8.30196671779397,24.0522659499429
6,13.9944378089743,60.0673058415468
7,16.5402752521783,94.9356215968893
8,14.5802946629418,84.7097508683187
9,8.03942151515952,33.3586184013971
10,-0.648077786132816,9.15581007977922
11,-13.1232071622415,4.69700773665678
12,-20.6949416287049,1.50126139871084
