month,temp,prec
1,-23.4553413094654,0.773681624091971
2,-20.5660798954921,1.75533586227033
3,-11.4825574545502,3.47261160592853
4,-0.999980895852015,14.4695654315073
5,7.20666070293411,27.4230838533936
6,12.9699975347816,62.6394908569679
7,15.5257539360057,108.572565162651
8,13.5899335975476,93.3671392911647
9,7.08410106792927,37.4782336576237
10,-1.65921425577905,10.0211375259129
11,-13.5360491520196,4.0618946322771
12,-20.739487040929,1.49776074033699
