month,temp,prec
Jan,-22.8437526857905,1.02749347496912
Feb,-20.8762097863514,1.2683013453397
Mar,-12.900275293336,5.05075024959692
Apr,-2.79681961637932,13.7607762383689
May,5.03989948397285,26.4414634522468
Jun,9.90742411261198,57.9073143178316
Jul,11.4999179036711,88.2974629239484
Aug,10.0240859126851,73.9319227752174
Sep,4.47324410259738,23.3405289613356
Oct,-3.59847830873415,8.86963264029461
Nov,-14.0078751270454,3.19984089940861
Dec,-20.4870802394155,1.23587934779456
