month,temp,prec
Jan,-23.5932622984576,1.07248279363891
Feb,-20.5665991755964,1.49248810602027
Mar,-10.7039560654318,3.33210020756808
Apr,0.182808824727467,12.3361065458167
May,8.30196671779397,24.0522659499429
Jun,13.9944378089743,60.0673058415468
Jul,16.5402752521783,94.9356215968893
Aug,14.5802946629418,84.7097508683187
Sep,8.03942151515952,33.3586184013971
Oct,-0.648077786132816,9.15581007977922
Nov,-13.1232071622415,4.69700773665678
Dec,-20.6949416287049,1.50126139871084
