month,temp,prec
1,-24.9972854144773,1.00249771181984
2,-22.7771890892953,1.25081974345432
3,-14.3920286831762,5.28798654966806
4,-3.74869773174252,13.9723165415399
5,4.21631174679961,26.5058340791922
6,9.23386127332865,49.0100924988599
7,10.8113267079949,77.4575870324726
8,9.36549336694203,65.5249649472755
9,3.83046153720395,20.728532923724
10,-4.59040776891615,7.4813151816528
11,-16.1347242713051,2.99500437770985
12,-22.6331423895805,0.997500346921958
