month,temp,prec
Jan,-23.4553413094654,0.773681624091971
Feb,-20.5660798954921,1.75533586227033
Mar,-11.4825574545502,3.47261160592853
Apr,-0.999980895852015,14.4695654315073
May,7.20666070293411,27.4230838533936
Jun,12.9699975347816,62.6394908569679
Jul,15.5257539360057,108.572565162651
Aug,13.5899335975476,93.3671392911647
Sep,7.08410106792927,37.4782336576237
Oct,-1.65921425577905,10.0211375259129
Nov,-13.5360491520196,4.0618946322771
Dec,-20.739487040929,1.49776074033699
