month,temp,prec
1,-21.0508742333733,0.985838593270987
2,-18.1416472528689,0.990838269923933
3,-9.80739253738511,3.56935228881392
4,-0.388180011540002,10.9481655771131
5,7.41184546993189,22.1111142397882
6,12.4810456738343,58.899769320548
7,14.1277179881525,95.009742911263
8,12.3752288625064,79.4959790627622
9,6.61850586607493,27.0130854306171
10,-1.59900761887743,9.49710108787718
11,-11.3532996298003,4.09732413266659
12,-18.5425219300116,1.96553175563516
