month,temp,prec
Jan,-25.0582635559677,0.957498558017536
Feb,-22.3216532521704,2.26163054211191
Mar,-13.0984706951825,5.95945688069931
Apr,-2.48517625389125,16.5511296522501
May,5.77318851444606,29.753763125595
Jun,11.2406621931766,68.5593922007503
Jul,13.6664745170085,99.3973702370129
Aug,11.9514824893795,87.0517106102158
Sep,5.41568699022955,35.3856020167265
Oct,-3.17098494067248,11.5005188268754
Nov,-14.3900494427617,6.25192020081034
Dec,-22.2716975435366,1.99916806155394
