month,temp,prec
1,-28.2358292863214,8.22991984415733
2,-26.8124536381917,6.5314851374476
3,-17.0615007054288,12.7831380645267
4,-4.13494697249649,22.1941191146139
5,4.290858294266,34.166437416358
6,9.59929723168469,49.300762601714
7,11.3842690868165,65.4821331445587
8,9.66255882434673,52.2185194120735
9,4.39587897766873,30.5779480603358
10,-4.61832308292121,20.7604662116578
11,-15.3741579160558,16.5472843911134
12,-24.3859293377785,12.404099533212
