month,temp,prec
Jan,4.03500053605586,47.799833435957
Feb,5.85990895740737,78.3029880907438
Mar,7.88955939245474,56.6025575953782
Apr,10.2247541460397,68.1356566446365
May,14.4788240490577,47.2737620116053
Jun,19.1516453057386,19.7901830909577
Jul,24.1338947965017,8.58965491416407
Aug,23.8301787169796,11.4456737176278
Sep,19.5245189532739,23.6523706721799
Oct,13.568543102736,34.6399776420382
Nov,8.27834756321998,50.6535770339857
Dec,4.79420765923857,47.3356540953661
