month,temp,prec
Jan,9.77156815169467,77.1342434568449
Feb,10.6001378885952,88.7118302569637
Mar,11.7692347829616,64.1104922871765
Apr,13.2324569221032,63.7839220744271
May,16.1330958444666,39.3857004889601
Jun,19.7330355460232,16.0290958970094
Jul,23.3084972511949,3.91981616362689
Aug,23.5277442996333,4.60900443064733
Sep,21.2122005055798,15.9079189949712
Oct,17.2058189646764,46.2914527354161
Nov,13.2960477645695,80.4332484273182
Dec,10.3799559595737,78.084411848669
