month,temp,prec
Jan,-7.63689725296848,33.4916002941956
Feb,-4.93984601170967,22.2437013592603
Mar,-2.24863673193303,36.5005272274705
Apr,3.21625269397334,43.5125378036365
May,8.66058122229755,72.4543603622205
Jun,13.3520584793727,66.94525883217
Jul,17.2452807661896,33.9920793064993
Aug,16.3961014098949,37.0313398689179
Sep,10.6205199193314,45.4516080268409
Oct,5.53481712708124,35.2472312014225
Nov,-1.7175499704572,29.2494413733521
Dec,-6.12868906134203,26.7382888210332
