month,temp,prec
Jan,-5.42421111264924,72.3237594666208
Feb,-2.6009702028842,48.8021125536878
Mar,0.288860334803448,46.9450405223281
Apr,4.55622693941205,39.2460839573314
May,8.83706415208958,52.7831210479846
Jun,13.1421590931172,51.2844135197945
Jul,17.0548150883659,23.7664357279182
Aug,16.7364606364427,32.3180032691606
Sep,11.5539524206706,37.1589567129687
Oct,5.3982170601102,38.9991061185746
Nov,-1.22851654768321,58.5170705835584
Dec,-5.32189394974453,64.3857135352392
