month,temp,prec
Jan,-6.53655319818585,17.9473106103978
Feb,-3.5591902399189,11.1482539437884
Mar,-0.695921522657393,20.0469749559173
Apr,4.13817041823697,26.2352780389614
May,9.14152945955344,51.3819634633386
Jun,13.8639862625541,57.2536781927612
Jul,17.6531130602871,33.6353129774333
Aug,16.7864298517802,33.9074145941384
Sep,11.2682318945662,33.1741597909866
Oct,6.17082202980683,20.3747503960724
Nov,-1.1999697176784,16.2354230529699
Dec,-6.00493146354733,14.9463000897747
