month,temp,prec
Jan,-5.93094636394774,29.0033433562441
Feb,-3.18943340533476,16.4999883531908
Mar,-0.583805917260939,19.9918233192439
Apr,3.71281630651473,23.560101631383
May,8.09282464609797,43.0057849666929
Jun,12.6611424120704,45.2468905309185
Jul,16.6361403138026,22.7472829923055
Aug,16.0620006295828,26.7493129905031
Sep,10.9446016214882,28.7471478938012
Oct,5.44561513839561,20.7479308705491
Nov,-1.57115253517023,21.5000840352855
Dec,-5.88013177500755,25.346374681193
