month,temp,prec
1,-6.53655319818585,17.9473106103978
2,-3.5591902399189,11.1482539437884
3,-0.695921522657393,20.0469749559173
4,4.13817041823697,26.2352780389614
5,9.14152945955344,51.3819634633386
6,13.8639862625541,57.2536781927612
7,17.6531130602871,33.6353129774333
8,16.7864298517802,33.9074145941384
9,11.2682318945662,33.1741597909866
10,6.17082202980683,20.3747503960724
11,-1.1999697176784,16.2354230529699
12,-6.00493146354733,14.9463000897747
