month,temp,prec
Jan,-6.31699367749858,22.9107299681776
Feb,-3.14642575258596,12.777033971477
Mar,-0.202524508118808,18.6938400563483
Apr,4.56906012286804,25.693310448184
May,9.32246856513932,51.290940313536
Jun,13.966652908469,55.1368995117474
Jul,17.7666647587183,29.7792906972177
Aug,17.0475024185136,31.5675732640653
Sep,11.5226569918109,31.2051636039349
Oct,6.25186602426344,20.4776160949256
Nov,-0.937356467429016,15.7551219087749
Dec,-5.7346429055413,19.6257823885822
