month,temp,prec
Jan,-6.48389909923463,25.2494465115226
Feb,-3.85142824280684,13.5045126826329
Mar,-1.36137200494965,17.9971392290838
Apr,3.07939450828676,23.6775245542609
May,7.65024537567556,45.4952804686852
Jun,12.1835833530871,48.9987230125208
Jul,16.0418614487304,26.5014838833579
Aug,15.4368370143584,28.9997933494231
Sep,10.3610357448266,29.2472925447824
Oct,5.09198868306636,20.5006349804953
Nov,-2.05219440379377,17.7497584927106
Dec,-6.32049826259824,21.3589414927544
