month,temp,prec
Jan,-8.68770761345277,42.9871627553904
Feb,-6.06997581399159,34.4030199070487
Mar,-3.8207231530123,39.5609129631068
Apr,1.09014298524414,44.1521557348609
May,5.97090601993121,68.9172476345698
Jun,10.0459306374683,72.9821766972638
Jul,13.585077397344,41.2466125490359
Aug,13.2125554212214,45.7803377040277
Sep,8.60159001280762,42.2628394681307
Oct,3.69150504619504,31.572358608208
Nov,-3.61748492351348,36.5607737122476
Dec,-7.65845468074579,41.33537120488
