month,temp,prec
Jan,-8.68770760667033,42.9871627215237
Feb,-6.06997580588789,34.4030198634613
Mar,-3.82072314424566,39.5609129204852
Apr,1.09014299366296,44.1521556881759
May,5.97090602720287,68.9172476081594
Jun,10.0459306448883,72.9821766642668
Jul,13.5850774053485,41.2466125217695
Aug,13.2125554287059,45.7803376719871
Sep,8.6015900190556,42.2628394368746
Oct,3.69150505069292,31.572358600595
Nov,-3.61748491650792,36.560773687718
Dec,-7.65845467405366,41.335371162166
