month,temp,prec
1,6.43644439415401,102.918302292691
2,7.85565632433311,96.4471316433824
3,12.0107638694088,101.634862139746
4,16.5083157952529,76.3824895283427
5,20.8958199321589,107.300288570353
6,24.5908305397624,133.614825415418
7,26.6441827219233,182.851736344968
8,26.1566174518815,164.651513779806
9,23.3999082737078,131.259836610816
10,17.6714155180959,72.3667910644147
11,13.0547701859728,78.8488276823559
12,8.3713024897564,91.0869508478056
