month,temp,prec
1,2.28874723684457,144.246616827469
2,4.1163509405118,141.110577691881
3,8.65225383647126,171.158636593947
4,13.2015241714273,127.617701906106
5,17.4356319970532,143.546894916962
6,21.5123853252865,120.688881706726
7,23.4023633807897,142.847137105787
8,22.9823803967884,124.853884328655
9,19.7756947797547,119.152245946549
10,13.7389209583034,105.302102810045
11,8.95636083143302,129.179021703632
12,4.33630993295994,145.48914194082
