month,temp,prec
Jan,6.43644439415401,102.918302292691
Feb,7.85565632433311,96.4471316433824
Mar,12.0107638694088,101.634862139746
Apr,16.5083157952529,76.3824895283427
May,20.8958199321589,107.300288570353
Jun,24.5908305397624,133.614825415418
Jul,26.6441827219233,182.851736344968
Aug,26.1566174518815,164.651513779806
Sep,23.3999082737078,131.259836610816
Oct,17.6714155180959,72.3667910644147
Nov,13.0547701859728,78.8488276823559
Dec,8.3713024897564,91.0869508478056
