month,temp,prec
1,1.90784130589172,125.244079639968
2,3.90623917301701,124.230020130706
3,8.66624663020189,151.72274982554
4,13.3762461355841,111.672347540628
5,17.6295387731581,129.922617858934
6,21.9095987115767,113.235783956517
7,23.8029441756623,133.219477270542
8,23.4071058582464,107.397586976558
9,20.1662408744427,104.774570654535
10,13.855395488262,92.2980447376802
11,8.77283343925602,116.177322618389
12,4.01623443886905,134.120908582086
