month,temp,prec
Jan,4.56327894108303,99.5018991778479
Feb,6.12491630092426,98.50697396384
Mar,10.8766496626323,108.501708314056
Apr,15.626614808096,75.0022375169475
May,20.0349260525243,97.0029608245043
Jun,23.9791354748485,115.750765775046
Jul,25.9865908655322,134.999525220295
Aug,25.3390663239526,128.245015535017
Sep,22.226635488414,93.7429406300556
Oct,16.0632887376853,79.5086031506757
Nov,11.1856921750023,76.7525306471998
Dec,6.43497861376365,86.2541727848031
