month,temp,prec
Jan,0.574738957965154,117.355780826398
Feb,2.0957507672085,125.647032760599
Mar,6.66410845159885,158.336049380464
Apr,11.1008618706152,119.394645080575
May,15.5216917413449,146.302124270875
Jun,19.2334798763989,121.299318425249
Jul,21.1651422136896,124.470174358844
Aug,20.7243460120665,127.040683601972
Sep,17.5535194545109,114.424063017647
Oct,11.7199345976692,104.715455668005
Nov,7.09234055714102,119.453257188347
Dec,2.51560892184943,126.513367389646
