month,temp,prec
Jan,3.0551977704413,92.3947661466091
Feb,4.80682949054186,94.7129086938248
Mar,9.61178726259082,100.932568125226
Apr,14.5934354290172,75.1797202722002
May,19.134141162932,105.492179967365
Jun,23.2658768319749,98.2687876048092
Jul,25.3949711361833,114.308259379005
Aug,24.7533983233705,114.913864909191
Sep,21.2983750959809,90.766271013292
Oct,14.9360664838222,82.6572677630321
Nov,10.0867957075306,81.7821084982094
Dec,5.21021692776412,83.183565835122
