month,temp,prec
1,3.85390813757872,95.1063331826529
2,5.56805913709158,96.2057461563181
3,10.2897721249329,104.325886423236
4,15.1681140194108,74.907220049577
5,19.5989357124278,102.369640046144
6,23.6105756537466,106.136802592239
7,25.6981053602757,122.815101340402
8,25.0597321196249,119.411465380997
9,21.7872175675811,91.6065070570834
10,15.6038801069158,79.5438624752211
11,10.7430897370921,79.6672119947856
12,5.93056637228874,85.1694032615161
