month,temp,prec
1,-10.8074128862673,9.53338130520832
2,-7.32162077663569,7.68324801417648
3,-1.58756508975509,15.1337437232154
4,6.18658378856864,39.0802527488335
5,12.5332260156941,61.1153162000267
6,17.8315476717431,79.2063221309083
7,21.3849260589586,49.2125639484809
8,20.360720850708,39.7325357059606
9,13.6183011996304,38.2979910708174
10,7.29827508643744,24.6959122395444
11,-1.76331587045307,11.1704286706789
12,-8.76071453066578,9.94331237474161
