month,temp,prec
Jan,-7.38235479397766,11.2950788285054
Feb,-4.53828258743742,15.0990046180097
Mar,0.864140529815598,36.9736714890116
Apr,8.20906587611658,58.9097215525776
May,14.3840002326268,85.6805147518886
Jun,19.9064543617438,92.316893893078
Jul,23.3697629502079,84.8386221156397
Aug,21.8339631050073,64.5356704942157
Sep,16.1023141684858,54.7930432948996
Oct,9.59570209205114,32.6574668160104
Nov,1.20905544908247,21.6495774530187
Dec,-5.63994031059609,14.4568142687407
