month,temp,prec
Jan,-3.85351732855453,10.757361604085
Feb,-1.34532197517712,9.32240743083159
Mar,1.86544222973275,27.5060747982179
Apr,7.14449217122278,39.0095743095715
May,12.4860980388814,68.098793671152
Jun,18.2626109469229,67.5844176885039
Jul,22.0892897627887,62.0810770986764
Aug,20.6500863001791,40.2263747776047
Sep,15.1435536957865,30.5971263806835
Oct,8.96614472187755,20.2450169617792
Nov,1.9170563909252,14.1562405839606
Dec,-2.85669439213637,10.5324623723523
