month,temp,prec
1,-2.78629330425998,11.7833974115948
2,-1.43556563699544,18.9588696466092
3,2.1445439559156,32.9296029586103
4,5.77704554000986,68.0951816679896
5,8.57704128079635,110.984636530461
6,11.5702525057526,295.205090496082
7,12.1642906311412,429.874240501573
8,11.9095141159106,341.174106882178
9,10.5947804150354,239.730069711475
10,6.65979644726404,78.1131498537672
11,2.28296399538172,12.8164594003582
12,-0.848720320135439,10.8054046649294
