month,temp,prec
1,-2.64173376717461,24.9112216704448
2,-1.62734906126304,34.7434673330318
3,2.33389723439253,56.4538356875864
4,6.28553465975732,64.7772230825037
5,9.23266039554983,100.279248947211
6,12.157047860315,186.029445840433
7,12.9267471098667,293.869189371063
8,12.6210954930145,272.146439688901
9,10.9821894685283,163.515591538267
10,6.29861266702299,54.6878598103729
11,1.64272124863548,13.6141614001068
12,-1.32099155866111,20.4649834844122
