month,temp,prec
Jan,-2.78629330425998,11.7833974115948
Feb,-1.43556563699544,18.9588696466092
Mar,2.1445439559156,32.9296029586103
Apr,5.77704554000986,68.0951816679896
May,8.57704128079635,110.984636530461
Jun,11.5702525057526,295.205090496082
Jul,12.1642906311412,429.874240501573
Aug,11.9095141159106,341.174106882178
Sep,10.5947804150354,239.730069711475
Oct,6.65979644726404,78.1131498537672
Nov,2.28296399538172,12.8164594003582
Dec,-0.848720320135439,10.8054046649294
