month,temp,prec
1,11.593129197101,15.0609528163
2,13.3752405521127,19.1030598274532
3,18.1484184166519,28.4549911258496
4,22.3020981271867,62.9292338419284
5,24.5233832930752,135.923554370191
6,25.7016712738168,297.265687658188
7,25.3936611089636,520.754128688648
8,25.2918326372789,404.747669413149
9,24.5740157597482,293.562434697127
10,21.6237868968561,79.4370765005661
11,17.0150125535819,7.93942752386707
12,12.8312865229242,15.0575479804462
