month,temp,prec
1,-0.609698191045987,12.6419918877954
2,0.847932404468881,22.4848559729743
3,4.6400443342395,34.6000231699256
4,8.54612440884388,63.5781248275646
5,11.3749746531427,106.736722986458
6,14.2552988057212,266.784986992279
7,14.7407410809979,419.616695471295
8,14.501991224681,341.495451787451
9,13.2507377641699,240.379047372048
10,9.14683818889125,73.9080567216798
11,4.65401885496555,11.692194737957
12,1.28281070384937,14.0358665013907
