month,temp,prec
1,7.0613687721993,36.4894123933213
2,8.55878827853333,43.3430535665071
3,13.3045297638266,46.2611197800108
4,17.9843371487807,42.1102468693083
5,20.5242843005647,85.9143523844652
6,21.9186230401147,167.332466982342
7,21.1872003054809,320.929353702097
8,20.8614088668851,289.644319819777
9,19.6613780580208,171.362215106383
10,16.443660724437,53.2615107915184
11,12.0736638022097,9.50320004301208
12,8.4237993156668,20.1896808315081
