month,temp,prec
Jan,0.925559202340601,28.624087469482
Feb,2.03869220792725,37.7749525249838
Mar,6.31526663778765,55.6392061463871
Apr,10.3617161730309,58.4922801755282
May,13.0743003983331,94.7087331414221
Jun,15.2779394362514,179.236037946848
Jul,15.5582804061831,306.694174517204
Aug,15.1864887355415,277.805792715865
Sep,13.8014861097714,166.940002207579
Oct,9.72039326285759,54.6704203056748
Nov,5.321119821179,12.8866141605214
Dec,2.21053183823525,19.9896133847817
