month,temp,prec
1,-3.51505768522333,32.6956187167561
2,-2.48352072610239,41.193929276344
3,1.48044829488382,55.3960812843465
4,5.67947914025999,47.8762282597544
5,8.65881794200837,64.0384989362611
6,11.6825863640077,104.196652109447
7,12.5537825370075,194.418776876445
8,12.1645498086028,193.160235463431
9,10.1028169572283,108.455366212165
10,5.31905899324401,39.4484343328076
11,0.868069804310806,11.5129852400331
12,-2.09258589404392,20.2333264626041
