month,temp,prec
Jan,-1.06391711184327,15.4602630598145
Feb,0.322481107459925,22.9671958270716
Mar,4.10121061733007,34.2160320208791
Apr,8.22008680642348,51.9972890343454
May,11.2766366407569,86.9304690749675
Jun,14.0989244316948,189.432062795055
Jul,14.6317005840115,312.971301701285
Aug,14.273153532703,259.607487941441
Sep,13.0052104373813,175.301718522644
Oct,8.68486782614149,53.4095821456868
Nov,3.93625430076411,10.6986482240265
Dec,0.575827629517904,15.689357516464
