month,temp,prec
1,1.62403385227335,12.6946812527703
2,3.10225668381241,22.2952379511307
3,7.08375927731327,34.8446010031435
4,11.040305885183,59.8455827580699
5,13.8316580675332,105.807692025115
6,16.3866638813906,252.587346081251
7,16.7524640108046,410.558846243651
8,16.4868376793384,337.139032205339
9,15.3668631828949,229.490602317399
10,11.4553661928208,67.9440579259414
11,6.90644514961605,10.3038675953781
12,3.37583165685949,13.455444916348
