month,temp,prec
1,2.09355535521977,63.9941440335921
2,2.70082977571375,52.7367185490849
3,5.44809867221337,68.2384608384066
4,8.37173995382854,55.2258699806801
5,12.834550995592,68.4753301558243
6,15.7391867411741,78.7396005141975
7,17.4710229073082,75.9907713306947
8,17.3967385072515,66.7194692834094
9,14.5157465404361,60.521204417096
10,10.8817845663273,65.2377328533271
11,5.89719941351037,74.7349306676358
12,3.21306832703575,75.4910359117129
