month,temp,prec
1,2.66678406282215,66.7564235163935
2,2.97705585592379,48.4944031867802
3,5.52016763770324,64.7493862618409
4,8.13873854291009,49.2458840739905
5,12.3813140467668,58.4853022791686
6,15.2775402613101,71.7424496142733
7,17.2055077512011,74.9898035284511
8,17.1345953627066,66.5039780679394
9,14.4274560819048,66.7666599435821
10,10.7179787459435,75.7634019080137
11,6.42100488920184,78.5098198629337
12,3.96323140280585,76.2584533093535
