month,temp,prec
1,1.97975432638044,64.2493874842124
2,2.43661466572375,45.0015512076534
3,5.0502099577343,60.7244451936943
4,7.65996813980326,47.7555328671567
5,12.1759981595035,58.4903739102169
6,14.8708781938358,68.740817173717
7,16.6630453546858,74.0350837023194
8,16.7836559377109,63.7855070067396
9,13.8877514084862,63.7890382837639
10,10.3178926934653,64.2911699472535
11,5.86162028444871,72.2857466714841
12,3.53340602138961,74.5051634610976
