month,temp,prec
Jan,1.82340540319325,66.7233854837847
Feb,2.49908937376893,54.9655806744333
Mar,5.27480768701251,69.2243274824871
Apr,8.2685479051742,57.7131574300385
May,12.6953122440081,69.2206591352822
Jun,15.6441366581299,79.7278779795072
Jul,17.3425367916737,80.2141631812108
Aug,17.2416609261654,69.4560903460688
Sep,14.4223822508214,61.3889867984873
Oct,10.7333975111483,63.7221514529017
Nov,5.68053553752392,75.461395023687
Dec,2.94459202670827,78.4674437572221
