month,temp,prec
Jan,2.09355535521977,63.9941440335921
Feb,2.70082977571375,52.7367185490849
Mar,5.44809867221337,68.2384608384066
Apr,8.37173995382854,55.2258699806801
May,12.834550995592,68.4753301558243
Jun,15.7391867411741,78.7396005141975
Jul,17.4710229073082,75.9907713306947
Aug,17.3967385072515,66.7194692834094
Sep,14.5157465404361,60.521204417096
Oct,10.8817845663273,65.2377328533271
Nov,5.89719941351037,74.7349306676358
Dec,3.21306832703575,75.4910359117129
