month,temp,prec
Jan,2.66678406282215,66.7564235163935
Feb,2.97705585592379,48.4944031867802
Mar,5.52016763770324,64.7493862618409
Apr,8.13873854291009,49.2458840739905
May,12.3813140467668,58.4853022791686
Jun,15.2775402613101,71.7424496142733
Jul,17.2055077512011,74.9898035284511
Aug,17.1345953627066,66.5039780679394
Sep,14.4274560819048,66.7666599435821
Oct,10.7179787459435,75.7634019080137
Nov,6.42100488920184,78.5098198629337
Dec,3.96323140280585,76.2584533093535
