month,temp,prec
1,2.19305118539977,61.7571254993507
2,2.78118352927738,45.9968967464767
3,5.49773070055595,63.0064493343819
4,8.25974679924023,47.4918524953631
5,12.7850342079579,60.498512783134
6,15.5705697550761,71.2381314562825
7,17.2922668230478,70.4942672468106
8,17.2575636913439,59.2455885804704
9,14.3364476928851,56.758847679535
10,10.7207244210276,57.9998350962471
11,5.94884684114561,67.0039098871354
12,3.55614216309741,71.5094454786008
