month,temp,prec
Jan,2.26546106751209,64.0051912743487
Feb,2.76610112559736,48.2417345545312
Mar,5.44606804617093,64.999845041287
Apr,8.11308783555102,47.9901020234369
May,12.6781808818428,61.4934760416082
Jun,15.4153892088546,72.4903414288796
Jul,17.2456085568867,71.2467251130254
Aug,17.1648680127233,60.2461680645823
Sep,14.2047084378197,59.2580923734269
Oct,10.6531614290598,62.4952844783558
Nov,5.94717563515565,71.250212694718
Dec,3.64947702726752,73.5038384179571
