month,temp,prec
Jan,2.66072296162727,68.7545756517946
Feb,2.91271451262791,46.9988998597845
Mar,5.29479111680159,61.4966402931187
Apr,7.85599162576101,46.9976718809375
May,12.0264528655076,53.7408177354557
Jun,14.8432536279411,64.9857674248703
Jul,16.7527201174831,71.735881096615
Aug,16.7706534675162,68.242095020022
Sep,14.2845050124296,72.7535296496835
Oct,10.7839721555846,79.2537971563817
Nov,6.47925152554258,83.5114288626191
Dec,4.01617004786209,77.74975148674
