month,temp,prec
1,13.0820210552268,232.671210572046
2,13.3087872806288,157.155429741004
3,11.755926438765,205.706895651437
4,8.79256729155395,226.304240294574
5,5.41945123896359,259.461065038472
6,2.95055613974709,215.902767966702
7,2.33409537459722,223.547215522301
8,3.61085609249139,238.292545888443
9,5.74962061520821,271.697955218952
10,7.73008857034661,293.988378716016
11,9.76167089256596,278.293957785333
12,11.5809431242108,251.169129165221
