month,temp,prec
Jan,13.0820210910924,232.671219945513
Feb,13.3087873211574,157.155436205086
Mar,11.7559264958232,205.706903916179
Apr,8.79256735428795,226.304248778816
May,5.41945131235741,259.46107460941
Jun,2.95055622499943,215.902775414535
Jul,2.33409546295468,223.547222065749
Aug,3.61085617856887,238.292552878613
Sep,5.74962068322188,271.697965521522
Oct,7.73008862856255,293.988389329558
Nov,9.76167094416398,278.293969169859
Dec,11.5809431719667,251.169138516754
