month,temp,prec
1,10.8949571819636,252.920821093389
2,11.3094806536472,181.027238331799
3,9.71188701890389,229.656814668369
4,6.88355930097813,232.148645908941
5,3.77918069707361,249.396934613845
6,1.50911519992533,227.125867235693
7,1.00320016092964,210.369705399276
8,2.02336066102327,213.637864206241
9,4.00541447921115,253.922075445579
10,6.11708244572637,256.432818561039
11,7.93875006848,219.906553621655
12,9.68134744942714,239.662145700825
