month,temp,prec
Jan,13.0820210807883,232.671215740793
Feb,13.3087873081315,157.155433250631
Mar,11.7559264741618,205.706900134146
Apr,8.79256732806457,226.304244940663
May,5.41945127982187,259.461070308991
Jun,2.95055618569693,215.902772024478
Jul,2.33409542302285,223.547219087095
Aug,3.61085614117882,238.292549645898
Sep,5.74962065623839,271.697960847134
Oct,7.73008860597522,293.988384555245
Nov,9.76167092592394,278.293964072216
Dec,11.5809431575603,251.169134318306
