month,temp,prec
Jan,16.8059284008941,129.519397023217
Feb,16.7463175567631,125.698625662762
Mar,15.2913882747101,155.269989109236
Apr,12.2871634883048,142.009572561707
May,9.07907104112689,150.792581737338
Jun,6.99912695849842,176.622445413631
Jul,6.23980231951637,168.515639443378
Aug,7.28696577358454,188.260730789916
Sep,8.92278076870618,163.049297022605
Oct,11.2351005271528,135.862073730874
Nov,13.2149403251684,126.034206350825
Dec,15.2892686862064,158.179334073111
