month,temp,prec
1,16.8059283934016,129.519397049144
2,16.7463175481485,125.698625796537
3,15.2913882658803,155.269989197761
4,12.2871634796365,142.009572684956
5,9.07907103416227,150.792581762973
6,6.99912695137583,176.622445485402
7,6.23980231285487,168.515639517923
8,7.2869657654921,188.260730823287
9,8.92278076066754,163.049297074721
10,11.2351005196405,135.862073662469
11,13.2149403181216,126.034206245062
12,15.2892686786945,158.179334125342
