month,temp,prec
1,14.4494050993712,156.286908108405
2,14.5022089815481,114.155407820708
3,12.903213867901,142.558114222577
4,9.93533822620366,157.868374976715
5,6.52939473770591,175.164519832935
6,4.01070907983409,148.524968562636
7,3.49333087306537,158.716792759819
8,4.77724379245746,166.967360928017
9,6.86929150719358,176.994042105515
10,9.1340628010093,192.436059991589
11,10.9981678619354,182.530901584658
12,12.9179759377648,165.178961114953
