month,temp,prec
Jan,15.3818826235644,122.681674333742
Feb,15.4198289647711,92.8766348942237
Mar,14.0483245134203,123.168990706258
Apr,11.0985573245688,117.17377168555
May,8.16875537711813,152.214396499825
Jun,6.10227836425149,158.984451492514
Jul,5.3263303047793,163.246554835069
Aug,6.34063576867378,149.306142712852
Sep,7.94406813548337,150.962175057771
Oct,9.91808460876395,137.668636588339
Nov,12.023504192081,126.921170098661
Dec,13.9373078968812,147.892292253309
