month,temp,prec
1,10.8949571599508,252.92082299124
2,11.3094806355369,181.02723956304
3,9.71188699941525,229.656816441417
4,6.88355928135386,232.148647628527
5,3.7791806756204,249.396936333414
6,1.50911517799699,227.125868679644
7,1.00320013772011,210.369706795287
8,2.02336063883978,213.637865811211
9,4.00541445244425,253.922077413558
10,6.11708241964545,256.432820623271
11,7.93875004290363,219.906555380812
12,9.68134742410709,239.662147538934
