month,temp,prec
1,17.238981757809,115.804533348965
2,17.3768057775418,92.8714962670118
3,15.8539159517995,109.963892052634
4,12.8135372718337,108.818598494937
5,9.63756451825849,143.755287974159
6,7.62353972158959,158.000367712023
7,6.76255747578306,164.985198158813
8,7.97112411829685,156.741716329023
9,9.75744824154738,148.309657174946
10,11.7363251196916,138.65505562853
11,13.7943020550453,129.520457948991
12,15.797455746007,140.990224576402
