month,temp,prec
1,13.0820210568481,232.671210700111
2,13.3087872821906,157.155429818598
3,11.7559264403139,205.706895749752
4,8.79256729278611,226.304240404169
5,5.41945124004207,259.461065167843
6,2.95055614070448,215.902768058849
7,2.33409537574637,223.54721560321
8,3.61085609390649,238.292545964958
9,5.74962061682705,271.697955349366
10,7.73008857183181,293.988378858418
11,9.76167089423038,278.293957942672
12,11.5809431262355,251.169129292289
