month,temp,prec
Jan,18.3335043141888,103.934647532871
Feb,18.8004140366768,112.517115045449
Mar,18.0388837347881,124.768549100181
Apr,15.6870608500502,140.816065765601
May,13.3085025091122,154.850528428438
Jun,11.5426422255175,200.893162083517
Jul,10.6009818991249,191.826885220086
Aug,11.1715048219934,190.752588493668
Sep,12.0276766159658,150.483137159319
Oct,13.4018212151853,128.372879558124
Nov,14.9842115870239,118.716344008714
Dec,16.7885287175098,112.695576791154
