month,temp,prec
Jan,15.9658569577808,88.0099628952978
Feb,15.9390431672048,80.8234243329326
Mar,14.6125877039701,112.020054206653
Apr,11.7859554863958,96.7514294426201
May,8.9302229022172,116.242452811727
Jun,6.74946004993132,126.486244838946
Jul,6.10176451725321,136.469774062134
Aug,7.02563570921426,122.497706160643
Sep,8.74061758114611,121.490467566951
Oct,10.5593810461205,104.484610179287
Nov,12.4970041002288,89.7539315010533
Dec,14.4424163812145,121.016350671111
