month,temp,prec
1,15.9658583238901,88.0099606171251
2,15.9390438629136,80.8235009184774
3,14.6125870542302,112.020258130063
4,11.7859547696167,96.7515793573601
5,8.93022232169949,116.242502337739
6,6.74945860147064,126.486385864085
7,6.1017637739413,136.469983383239
8,7.02563449798952,122.497936143182
9,8.74061740258254,121.490631836638
10,10.5593811933212,104.484605372038
11,12.4970049821612,89.7539259388707
12,14.4424164270242,121.016410026183
