month,temp,prec
Jan,-10.1089995156745,85.9397520200298
Feb,-8.83663432145863,85.6472832383786
Mar,-3.20342394467442,92.7384592982798
Apr,3.13663393349821,99.6653324081105
May,9.94771611320303,103.884085464376
Jun,14.8034296283734,107.808276607364
Jul,17.4217186408085,104.498564478151
Aug,16.3434070522294,115.127294700807
Sep,11.9959315583717,97.2416121974286
Oct,6.12277142908693,103.968363243226
Nov,-0.10231908207998,123.353737666489
Dec,-7.20064561828978,108.19215076091
