month,temp,prec
1,3.02297657917797,19.7847629475409
2,4.90183861357809,17.3101943673285
3,8.242336635216,15.650970494151
4,12.3425929300976,8.62328481756406
5,16.9562513221329,14.4570734350281
6,21.5360054557097,28.4250219351061
7,23.1492211836265,70.184738539895
8,21.880023857343,77.7889878797767
9,18.8352758787498,56.3250954997636
10,13.6303989739792,29.9209958706006
11,7.51887041496497,19.3009697736076
12,3.79913013945132,28.4831652280139
