month,temp,prec
1,-0.964113336855005,18.2661949867887
2,1.27421795308567,16.4677973263623
3,3.56378335518043,16.9872287426873
4,7.39014477367434,9.93567503115935
5,11.4366228339283,9.50418415204294
6,16.2241244446235,15.171186954527
7,19.4631556292805,70.6427742693971
8,18.1382225185235,77.4231868851043
9,14.8702130474597,47.559591071567
10,9.52152561495463,32.8506288541419
11,3.62684658027349,19.9004451064513
12,-0.196706779687046,23.6156569484917
