month,temp,prec
Jan,-0.964116288102358,18.2663666716839
Feb,1.2741932511423,16.4679523113066
Mar,3.56375038095016,16.9873441754654
Apr,7.39010491436526,9.93572181119902
May,11.4365776569863,9.50418418950789
Jun,16.2240777381899,15.1712095358034
Jul,19.4631052074282,70.6433006400851
Aug,18.1381723498772,77.4235948282115
Sep,14.8701716104806,47.5598497883959
Oct,9.52149603759326,32.8508634315465
Nov,3.62682502757595,19.9006713286678
Dec,-0.196709291717808,23.6160016657463
