month,temp,prec
Jan,-2.63195305922292,22.1850068022568
Feb,0.48767788844546,16.6624019535313
Mar,3.61571450994699,21.932896865501
Apr,7.87632622743972,13.5433306831833
May,12.6078469777431,14.9763615577446
Jun,17.4602154240223,15.680290676449
Jul,20.7401436413203,53.8677495854624
Aug,19.3643165966083,62.9472712222438
Sep,15.5561968315344,39.8262792505138
Oct,9.87061585347715,32.3167898505951
Nov,3.32185545219143,19.130862241478
Dec,-1.39531379913154,21.0534579226927
