month,temp,prec
Jan,-1.64532912982729,20.7210791478458
Feb,1.11213243720231,18.7051529426179
Mar,4.24118405010557,20.4659114616259
Apr,8.49610066797834,14.5919085653284
May,13.0709430416983,16.0896194899828
Jun,17.8527479771922,19.0626484876777
Jul,20.7483350393837,61.1880337355088
Aug,19.3332495869952,69.5404501555554
Sep,15.7100895026231,44.0345957135999
Oct,10.2077586499473,32.4334343426229
Nov,3.88118270115531,18.0486179811548
Dec,-0.501128182838273,21.0180051528736
