month,temp,prec
1,-3.86011477470985,27.5630317483162
2,0.117640040883949,23.8197724117667
3,3.67392300390721,29.6749002306289
4,8.08209680903987,21.1600845506116
5,13.1955196732647,20.1844482593444
6,18.2052330479127,13.2040739147387
7,22.0894130589709,36.8116383292896
8,20.5867563278228,44.6428044126603
9,16.2446484381087,36.1372145383057
10,10.3604430994237,39.096479649102
11,3.3816264138424,29.2802484178308
12,-2.26697972072008,28.2057107151041
