month,temp,prec
Jan,-2.41201076144706,21.4705602208272
Feb,0.357939891085809,16.9606986032103
Mar,3.24849393245432,20.4651315725048
Apr,7.42431937134905,12.614022787246
May,11.9674161515289,14.5917520584435
Jun,16.7282584572277,17.5169895005027
Jul,19.8148548295095,62.9364657631252
Aug,18.4048166927742,69.5726096896814
Sep,14.8500205332503,44.2859040189419
Oct,9.37253290247103,32.669480328094
Nov,3.13525728986399,18.3049970429176
Dec,-1.22370798967728,21.5225129552659
