month,temp,prec
Jan,-0.489097160874393,7.01885182951237
Feb,1.58807770931239,8.02955601723854
Mar,5.40204698201847,19.9803936403122
Apr,10.9775230538155,28.963927721788
May,15.8658216721108,57.8946721655695
Jun,21.1980680819757,56.6402030694005
Jul,24.2437082732203,73.7375366988751
Aug,22.8163557249472,59.6608531812416
Sep,18.3340618094584,40.8059347267071
Oct,12.3377130731474,20.7044348413958
Nov,5.329659091161,15.5571123413256
Dec,0.214893189709593,8.23508018250959
