month,temp,prec
1,-2.1550833161733,25.2693079256108
2,0.323514245158918,25.1261424003605
3,3.40200114720522,26.4727922464127
4,7.92096831346092,20.6598266800958
5,12.6657697809641,23.0766794099433
6,17.4408254757157,27.5092023040869
7,20.1442145187014,69.6761048120653
8,18.7600656381251,78.4904330600107
9,15.100054400296,48.7663995373174
10,9.82631107701065,35.1768561899461
11,3.47468138563722,26.1361236985461
12,-1.18104833773679,26.6162622119455
