month,temp,prec
Jan,-2.39180669107495,25.9608500534186
Feb,0.336389559783834,23.0133634365843
Mar,3.47392063241438,27.2095392878407
Apr,7.86772773407389,19.0850114147043
May,12.5211748219831,19.6695148995277
Jun,17.2870998916065,22.1918108825521
Jul,20.3331197888899,63.8231183291549
Aug,18.9539624974087,74.0869108574272
Sep,15.238895692264,44.2483428234252
Oct,9.72354782557161,35.3011581703797
Nov,3.28672000214981,24.3241927678922
Dec,-1.31409481108426,25.3805550385346
