month,temp,prec
Jan,-1.05330718276826,20.4983769280478
Feb,1.52009656556859,22.016198227933
Mar,4.60779962184586,20.1237762730034
Apr,8.95761584527764,16.7681965047232
May,13.6674686473465,18.5093332124773
Jun,18.4824196971319,23.240695697142
Jul,21.0098990723725,63.7791204155865
Aug,19.6240437917375,72.7442881509827
Sep,16.0140345791146,48.3706101937769
Oct,10.6914817229258,31.971664316458
Nov,4.40817328663494,19.6973147732856
Dec,-0.126645137896037,23.5215825048279
