month,temp,prec
Jan,-2.3622318370251,24.1617657039143
Feb,1.03329634187097,20.6708058404887
Mar,4.49975167690463,26.4293194186317
Apr,8.98041106996974,18.4992624042475
May,13.7953190361031,18.3890968611924
Jun,18.7369264265571,16.9835871280033
Jul,22.1018127159416,48.6990392703656
Aug,20.6427124411023,60.8410045268738
Sep,16.6162366658693,38.2362481610928
Oct,10.7321862514623,33.9039541569256
Nov,3.91654335940347,23.1449782144944
Dec,-1.15725489635704,22.6823040838041
