month,temp,prec
1,1.86069601790748,19.9649328518284
2,3.53297854193232,20.1468133034777
3,6.75187211900136,17.2180017021383
4,10.9100505596093,12.3229469171876
5,15.4549466051073,21.327010460213
6,19.7434093199581,40.3291265782353
7,21.2790995008047,80.5725707153447
8,20.0416746307931,95.6065731991326
9,17.1550848678033,69.0901713965033
10,12.2626916557112,30.5983431351679
11,6.42462673233588,20.1030099952114
12,2.79998218201426,29.1057075616659
