month,temp,prec
1,-2.65584998924662,23.0072511043729
2,1.22515019128458,19.6287358894498
3,4.96006136825134,24.9556183056814
4,9.53743437388508,18.4220344557317
5,14.4857688966012,17.7102817131377
6,19.5658406037213,13.3851482361756
7,23.1523387816631,35.2947743147528
8,21.6457027240059,47.6168382141972
9,17.3398522468758,34.0783010201263
10,11.3021632270727,32.7033241254472
11,4.21795013637341,23.4270908497391
12,-1.30849702697771,21.9649276005566
