month,temp,prec
Jan,-2.65584998924662,23.0072511043729
Feb,1.22515019128458,19.6287358894498
Mar,4.96006136825134,24.9556183056814
Apr,9.53743437388508,18.4220344557317
May,14.4857688966012,17.7102817131377
Jun,19.5658406037213,13.3851482361756
Jul,23.1523387816631,35.2947743147528
Aug,21.6457027240059,47.6168382141972
Sep,17.3398522468758,34.0783010201263
Oct,11.3021632270727,32.7033241254472
Nov,4.21795013637341,23.4270908497391
Dec,-1.30849702697771,21.9649276005566
