month,temp,prec
Jan,4.60631768247012,13.5612072898858
Feb,6.83294332686575,10.2606705133852
Mar,10.2509234594324,8.06369230992843
Apr,14.5234197796734,5.03674569908867
May,19.2099029968057,9.49961665993676
Jun,24.1598326730497,20.4096863805676
Jul,25.9300604837581,48.9451196794207
Aug,24.5324589701182,60.5415788235353
Sep,21.229221904727,42.9093217860084
Oct,15.5650020989937,25.9641373117923
Nov,9.14786345584066,15.2831520384913
Dec,5.10540735937152,19.5005842476911
