month,temp,prec
1,-5.86957886558957,18.8152570272425
2,-3.45509963599084,21.1035051234411
3,0.0998101620194741,33.3351838754481
4,4.76223891903931,28.5413660698901
5,9.73897166202906,34.1493506361734
6,14.5306301571561,37.9974601258748
7,17.3914357699629,69.7868027703287
8,15.9380876459414,76.931834893572
9,12.4479246732913,43.1240470389621
10,7.33692861344314,30.8105507545544
11,0.476199057717617,26.6459148215883
12,-4.53044652849091,23.2100829727408
