month,temp,prec
1,-5.8695788266581,18.8152571576652
2,-3.45509960554044,21.1035052209896
3,0.0998101757269512,33.3351839097825
4,4.76223892696637,28.5413661265949
5,9.73897167043016,34.1493508365795
6,14.530630163173,37.997460327019
7,17.3914357680576,69.786803304926
8,15.9380876463941,76.9318354150727
9,12.4479246787569,43.1240472400268
10,7.33692862262714,30.8105507764452
11,0.47619908061985,26.6459148380687
12,-4.53044648904523,23.2100829866253
