month,temp,prec
Jan,-3.84912201240775,30.1750843549097
Feb,-1.50524299447628,29.1854649087373
Mar,1.68014956961878,34.700626687671
Apr,6.34246429647187,25.2312911381239
May,11.1131074589779,26.6102522515366
Jun,15.7847157090083,29.391785084094
Jul,18.7595692189519,69.9095165308943
Aug,17.3720695836673,79.0410033868476
Sep,13.6747768051417,48.4755607202341
Oct,8.50732486826789,38.8852104143081
Nov,2.01446455294446,31.7302507440207
Dec,-2.76837419251665,30.3863275778594
