month,temp,prec
Jan,-3.84912201771678,30.1750843935316
Feb,-1.50524300077488,29.1854649429189
Mar,1.68014956314862,34.7006267351845
Apr,6.34246428992141,25.2312911598728
May,11.1131074518654,26.6102522583278
Jun,15.7847157012355,29.3917850840266
Jul,18.7595692125687,69.9095165458099
Aug,17.3720695773113,79.0410034128333
Sep,13.6747767991686,48.4755607242231
Oct,8.50732486215691,38.8852104394707
Nov,2.01446454732124,31.7302507694654
Dec,-2.7683741976041,30.3863276094421
