month,temp,prec
1,-5.67797904515948,20.2810695517178
2,-3.07308377676347,20.2159161308933
3,0.646466171527644,28.6764459218153
4,5.41807416178419,21.8512700570283
5,10.4188234648279,24.9755901126227
6,15.1946132930772,29.4150361772945
7,18.2636481152303,56.0448022786541
8,16.8337065826077,64.7481182760407
9,13.1086088790669,42.5244825115146
10,7.91287189013301,32.1074358930615
11,0.894030297924149,25.7355648777228
12,-4.41727521269597,23.5114443709673
