month,temp,prec
Jan,0.362027813031332,19.0489947280078
Feb,2.24662386142091,16.5329950095561
Mar,4.78453768050272,15.1269414788966
Apr,8.80686800481084,6.79552882980095
May,13.1966793156668,11.5499720531456
Jun,17.9975294228193,18.6842655969506
Jul,20.4251390912003,80.3730693131743
Aug,19.0110217437967,81.3524023524659
Sep,15.8978178354957,53.8782868317068
Oct,10.8631915559077,34.3813579867793
Nov,4.90065985533793,20.1597947607552
Dec,1.26347596442809,25.8066130870518
