month,temp,prec
1,2.1588092235461,22.0684778051993
2,4.02169848566984,18.4541111326169
3,6.4980769990175,16.8333453539218
4,10.4465207494581,7.10092331302378
5,14.8009336638873,8.74193315835752
6,19.7311783466155,15.8119478113809
7,22.1576504752166,79.9094682804871
8,20.7751231315745,76.1823424752148
9,17.6649218082993,52.0968228997969
10,12.6645093537384,35.0519238080075
11,6.52737059424362,21.7644662560175
12,2.82597389598103,30.7889121645677
