month,temp,prec
Jan,-0.946805346044879,8.6220895636043
Feb,1.00559391032982,11.4194384369696
Mar,4.28863602697104,21.3160733618656
Apr,9.25493700002915,25.4955924810314
May,14.1082432013548,49.3198965439989
Jun,19.1422237721522,47.7296248225572
Jul,21.8703380025484,71.2072687166505
Aug,20.5571520099118,68.5444706921421
Sep,16.6591177369933,39.0117012204853
Oct,11.0336917020889,20.9073456309786
Nov,4.43893473323785,15.9536465021214
Dec,-0.188291181305959,10.4822928295131
