month,temp,prec
Jan,3.0229766554235,19.7847626815166
Feb,4.90183870616312,17.3101941039126
Mar,8.24233674029047,15.6509702091849
Apr,12.3425930378457,8.62328469625174
May,16.9562514374907,14.4570732797677
Jun,21.5360055819695,28.42502148771
Jul,23.1492213123391,70.1847375125623
Aug,21.8800239843518,77.7889868367964
Sep,18.8352759935688,56.3250948780769
Oct,13.6303990724934,29.9209957818646
Nov,7.51887049499598,19.3009696382013
Dec,3.79913020501467,28.4831648166052
