month,temp,prec
1,-1.71442936131927,21.4397089329257
2,1.21002371333701,19.181172870525
3,4.45705966533995,22.190121989215
4,8.787544271912,15.285134131139
5,13.3987851057326,16.6679115066
6,18.2554890464573,18.6433312905966
7,21.2561821730632,57.432626082947
8,19.8136658506223,67.4609263378216
9,16.0900746975634,42.3952642190717
10,10.4789882223852,33.0988410812632
11,4.0087727924662,19.1189630129453
12,-0.570240963071762,21.3019546630167
