month,temp,prec
1,-0.946805346044879,8.6220895636043
2,1.00559391032982,11.4194384369696
3,4.28863602697104,21.3160733618656
4,9.25493700002915,25.4955924810314
5,14.1082432013548,49.3198965439989
6,19.1422237721522,47.7296248225572
7,21.8703380025484,71.2072687166505
8,20.5571520099118,68.5444706921421
9,16.6591177369933,39.0117012204853
10,11.0336917020889,20.9073456309786
11,4.43893473323785,15.9536465021214
12,-0.188291181305959,10.4822928295131
