month,temp,prec
1,-6.51310012558302,2.27806746776268
2,-4.41915092761784,3.00333880502368
3,1.55230268702161,12.6476056237786
4,7.98874975427229,31.004330135704
5,12.9819366113665,43.5090547505872
6,16.6702746925051,51.0095701961243
7,18.8686131079441,85.753237010863
8,17.7703817793926,85.7543224182393
9,12.6736449139362,79.2649610342589
10,7.29385140205231,35.7545463272447
11,0.533224083996497,12.753133990831
12,-4.73904952837816,2.00084769404698
