month,temp,prec
Jan,-6.20183199486711,67.7176098686352
Feb,-5.95818276821245,50.9768127267319
Mar,-1.99838716555395,60.4713857833183
Apr,2.64394748046906,49.2367151004211
May,8.38773552930753,71.228305340513
Jun,12.8055802818875,76.756275213475
Jul,14.2620514373285,91.3749533660128
Aug,13.2199720554957,106.230198035376
Sep,9.74391649369786,109.465080789878
Oct,4.94670609921193,120.204823742349
Nov,-0.482665174263894,98.7066725645821
Dec,-3.38610351224071,69.9709842731811
