month,temp,prec
1,-8.02364900843691,127.762597073292
2,-7.58264459088577,107.265352325636
3,-5.11102824637403,94.0064350960271
4,-1.27963581559505,71.2687092098602
5,4.24139235230682,61.5110718757283
6,8.89323752259881,73.0075829156565
7,11.6218744873065,99.9868083280726
8,10.547959439581,100.248092462033
9,6.32997578089748,132.256287474147
10,2.11203303554697,180.025573342562
11,-3.12094505548008,127.018313543929
12,-6.41524807798252,145.008365540659
