month,temp,prec
Jan,-11.0485546621845,86.2932828329326
Feb,-10.2529191232064,73.1236856955018
Mar,-8.3360968875115,61.5017243075501
Apr,-3.97727607346553,52.9275830062285
May,1.91787097218215,51.7277691407365
Jun,7.27505111338942,64.2392048546965
Jul,10.2980476875942,91.6456879861872
Aug,8.85009493999798,93.2125263292634
Sep,4.12175714364266,99.3853152817647
Oct,-0.685709198778179,112.587870111082
Nov,-5.6997255128507,89.1974671100458
Dec,-9.02477268606177,96.1278026867639
