month,temp,prec
1,-4.40214186719066,22.531921030567
2,-1.91366907640188,22.5047952859522
3,0.82921637477263,27.6666906953441
4,4.83658289675718,29.2576875644636
5,10.1313789695774,31.7292408164394
6,15.3797359268462,25.4654871728033
7,20.1737797626544,19.6907741070405
8,18.7488660271834,23.6254409024102
9,13.6142290112804,28.3354931835211
10,7.52969493907602,26.1924236578158
11,1.00080242353443,25.0162850563993
12,-3.81875823368955,25.4809441696403
