month,temp,prec
Jan,-4.17462918381408,23.5265936722485
Feb,-1.80137039148271,23.2746718581651
Mar,0.74001030123702,28.4894193565132
Apr,4.60885411104578,29.2803396949551
May,9.80296358238309,30.4486882419967
Jun,14.9894965589743,23.9906397703532
Jul,19.7111278713725,21.9527478447552
Aug,18.3745016431021,24.95797421722
Sep,13.3956278826114,27.7116597435557
Oct,7.53345458129352,26.4545260714245
Nov,1.08765891051169,24.4926062850565
Dec,-3.56635311441144,25.4921270713102
