month,temp,prec
1,-2.26355516489476,26.0522468399186
2,0.126317624175981,27.3559632470752
3,2.24017208447009,30.8878770524024
4,5.64349323927633,28.8468717730821
5,11.0394585637534,27.8449568135677
6,16.2303147141222,24.0712292782514
7,21.0893953627318,20.896587844663
8,19.8669472970571,22.0653393211741
9,15.0420848479352,21.4427189511994
10,9.35215098247985,22.9367266354653
11,2.72295356835202,26.9119189191166
12,-1.71016633418439,29.8329633956248
