month,temp,prec
Jan,-4.6118218437564,40.7560343286072
Feb,-1.62815693962877,32.752304628569
Mar,0.812251028202964,34.7558339909185
Apr,4.58636271964154,29.5074324179184
May,9.41148898990315,33.7548123285002
Jun,14.2555887623125,31.7505369622409
Jul,18.9148302171154,16.506264267968
Aug,17.899801410032,20.2534616340923
Sep,12.7958163528672,23.2540371819814
Oct,7.23936424609355,24.2576951245439
Nov,0.735254416428311,41.2563650367488
Dec,-3.95701795130277,42.2618990213863
