month,temp,prec
Jan,-3.36014103650018,23.7157162184205
Feb,-0.830100137207398,22.7460061964872
Mar,1.64395453644657,28.2815640213837
Apr,5.27296778157201,27.0033431156264
May,10.463114538267,29.4097006151789
Jun,15.6372313223531,24.4183899589483
Jul,20.465452515719,18.2276580571931
Aug,19.1746980305435,21.227990721194
Sep,14.1673143046344,22.4562150190811
Oct,8.39234854574303,23.6594487876841
Nov,1.84314765829199,23.9920210462128
Dec,-2.80432054947403,26.2239486330334
