month,temp,prec
Jan,-4.41910548882167,25.6304843256746
Feb,-2.16783068858117,25.9994498906385
Mar,0.190544100027955,31.4183100549823
Apr,4.02627224041779,30.4455124420723
May,9.20544353963137,28.7622480041464
Jun,14.3129082142748,22.6439861883235
Jul,18.952018193201,28.9748072332181
Aug,17.6712786668491,29.8664267906947
Sep,12.8461734409244,30.59478271186
Oct,7.13281850048007,28.4233115367142
Nov,0.751843404550975,25.9595115873445
Dec,-3.7406629634502,27.2035898004972
