month,temp,prec
Jan,-2.81470760442049,23.0470867914185
Feb,-0.299699614050356,24.8664262535134
Mar,2.02674430556062,27.400311149331
Apr,5.63008127370449,26.1098862289447
May,10.9026895585701,25.5797531707435
Jun,16.0669165564371,22.2972068546154
Jul,20.785175126693,21.3939167180518
Aug,19.551091294799,22.560939527677
Sep,14.6394784595559,22.6939155732
Oct,8.88861784298314,22.9381288813619
Nov,2.32018851157386,23.9192696532457
Dec,-2.23716885463485,26.1042562576393
