month,temp,prec
Jan,-1.57932661149268,32.023178665149
Feb,0.494467060350476,29.7125347153399
Mar,2.06823657250199,38.2107711899071
Apr,5.12333209585277,34.6972590923884
May,10.7115532851468,34.2077233353952
Jun,15.9315729690388,27.3679529947199
Jul,21.0104035864622,18.982674447183
Aug,19.8164176323924,21.7061999040111
Sep,15.1223615586775,20.3091819409226
Oct,9.69600641616693,23.899208023886
Nov,3.07705195030942,29.9776364381973
Dec,-1.07256610567354,32.707249439985
