month,temp,prec
Jan,-1.049480277712,68.8629959289161
Feb,0.749495480904476,64.5006213899098
Mar,2.25124118269598,54.7475760513868
Apr,5.29261442646708,34.8449193307556
May,10.3856404422415,24.0032149726396
Jun,15.2768550119155,18.9789536390643
Jul,19.4772211202545,20.3218958440674
Aug,18.4773557221113,20.5142328822269
Sep,14.0632619284434,20.6025369898033
Oct,9.0855952902342,28.3383421334612
Nov,2.99126741593946,55.7762574507618
Dec,-0.604713741504929,63.4830391532748
