month,temp,prec
1,3.68547417271807,25.4118871171712
2,6.24353798509704,27.4345034300185
3,8.44581126601793,26.1397660321189
4,12.3474387208999,15.4918730591292
5,17.7507181750571,8.95306255684032
6,23.3006592612396,8.15996205677654
7,27.1098742083974,22.2895267146341
8,25.8840151291064,24.5959287487776
9,21.5457725491717,17.1113850214649
10,15.4625623811992,13.2482608401898
11,8.60853690291253,22.8689239543836
12,4.12206825558885,23.6294695920132
