month,temp,prec
1,-4.41910548882167,25.6304843256746
2,-2.16783068858117,25.9994498906385
3,0.190544100027955,31.4183100549823
4,4.02627224041779,30.4455124420723
5,9.20544353963137,28.7622480041464
6,14.3129082142748,22.6439861883235
7,18.952018193201,28.9748072332181
8,17.6712786668491,29.8664267906947
9,12.8461734409244,30.59478271186
10,7.13281850048007,28.4233115367142
11,0.751843404550975,25.9595115873445
12,-3.7406629634502,27.2035898004972
