month,temp,prec
Jan,-7.55748997769631,73.2457879065479
Feb,-6.33090563012589,68.7443954447896
Mar,-0.759034253113293,86.2478752367266
Apr,5.83434247159164,92.7506154140078
May,12.2810394320649,105.242478194779
Jun,16.9144375070171,107.998632297472
Jul,19.5177636749859,97.2467270959047
Aug,18.4811167612185,100.242020236723
Sep,14.1611106106467,99.2491823997574
Oct,8.29437594361339,86.7453641559865
Nov,2.39346943944107,98.9927460382646
Dec,-4.455779586925,89.4987924332122
