month,temp,prec
1,-9.42173566296348,58.9951270547117
2,-8.29929137677874,53.6872592700089
3,-2.29584236652013,66.2380887441462
4,4.70590168090916,71.4987990896002
5,11.6151126112475,88.2485218562899
6,16.3818145650839,88.4971980949204
7,19.0285565314038,90.5042795539294
8,17.8027133150745,110.743388607705
9,13.3793502136693,93.2482401158044
10,7.46760639392924,82.00521858942
11,1.32512294912416,89.7418464369161
12,-6.16497431762843,74.9964293041086
