month,temp,prec
Jan,-2.77846139445569,62.950901741834
Feb,-1.12761954504061,62.6322704303627
Mar,4.72995149400615,92.286316482326
Apr,10.1174709848779,92.9172814113476
May,15.5375299651242,111.072379708719
Jun,19.9925179075206,97.4810214017876
Jul,22.1066674198968,116.209344265804
Aug,21.4066581343153,95.5769376337854
Sep,17.8824997922747,80.206834949625
Oct,11.5533057877521,71.0034348212864
Nov,6.06244755021591,89.0492457536098
Dec,0.219037383883059,77.9712894219376
