month,temp,prec
Jan,-2.46416339862463,60.4900307482478
Feb,-0.76501005492263,62.7170307716859
Mar,5.35002155126778,89.715728910574
Apr,10.800019335556,90.4080883114203
May,16.225033380614,104.495308173774
Jun,20.6142113924006,92.3927351362165
Jul,22.8117096923396,112.037736855291
Aug,22.1108562594951,99.5381797393644
Sep,18.5792086608812,79.0157639976963
Oct,12.0808920730762,66.4893515130459
Nov,6.46084390668961,82.9731878130711
Dec,0.598283022413748,75.650794285792
