month,temp,prec
1,2.19122147128625,38.0125140357378
2,4.98365982051093,49.5786633363223
3,10.5535477057143,85.9966659458204
4,16.487678092274,94.1344298035282
5,20.6776573740731,136.861005205499
6,25.3066972718151,112.371378285018
7,28.2908651964971,70.9326877777921
8,27.53933681267,76.4000914502222
9,23.0793256308008,112.933163098506
10,16.894339426254,92.8312348962301
11,10.1710331798287,78.1921899397041
12,4.17111911121198,52.385481557424
