month,temp,prec
1,2.47526766353035,20.0464947689235
2,5.50201741774442,30.2535482043675
3,10.6061118261489,49.2779149626136
4,16.3693435737956,56.4617867118804
5,20.9568623338039,114.732514262293
6,25.6352162819314,96.5355987368558
7,28.494321615908,49.4552510431557
8,27.6125240286614,58.0620095510264
9,23.1142339456923,90.2266227649665
10,17.1184815859524,58.7397094500027
11,9.82189606426252,40.5333058086325
12,4.34283661874167,24.0537205567241
