month,temp,prec
Jan,4.39695653514849,34.374048582465
Feb,7.13690941193683,49.4959195089987
Mar,12.2167549416075,70.9869134001405
Apr,17.4625319210011,77.9253132161044
May,21.6810588113847,119.711161387047
Jun,26.2236361928605,93.2385282895619
Jul,28.9785643949009,49.6262508449413
Aug,28.4685824660721,58.8013651778862
Sep,24.1243219549868,98.6414263741124
Oct,18.1868931589473,92.7029826158764
Nov,11.6801962304614,51.663508092773
Dec,6.09696501364996,43.5555949712967
