month,temp,prec
Jan,3.50122300743192,63.7884087455212
Feb,5.95958284719796,84.0268113025827
Mar,10.9937539281567,119.39908046419
Apr,16.1386851517488,119.878454370174
May,20.3753647224409,155.722369276593
Jun,24.4812181148416,106.360589969137
Jul,26.8753967241245,103.106570157775
Aug,26.3796876365683,70.8211698320345
Sep,22.6445066909638,116.206801945395
Oct,16.7653791348428,112.527911280634
Nov,10.5795247032505,113.948263402274
Dec,5.29624741139012,99.5802308641241
