month,temp,prec
1,-3.22544147529685,37.4890138823412
2,-0.545328090781725,24.9951476635365
3,1.99577550356452,29.2447677982431
4,5.08674509164194,25.8206504941347
5,9.71437097774906,32.4969611725337
6,14.4943634164714,31.9945582794628
7,18.7210113512639,14.5055528103015
8,18.0675590772362,20.2793485230326
9,13.2532718136404,17.7408565370895
10,7.39982316698661,22.7349654597313
11,1.01991491746681,38.2455250375962
12,-2.96461500115021,40.2410679745084
