month,temp,prec
1,-2.35231354812861,45.9999455769858
2,0.395888244242589,32.7520272870557
3,2.77664134976106,38.4973470897748
4,5.72322306813648,33.8352802813236
5,9.98669067217693,37.7528951822302
6,14.6975650170241,34.5010224440398
7,18.8768572131555,15.2496619878739
8,18.4718747870153,21.751290258441
9,13.6818838847465,22.4974299152511
10,7.92767046018243,27.7520044397148
11,1.57261160969501,46.9982172630728
12,-2.13738686020603,48.4965863105764
