month,temp,prec
Jan,-2.42626481108466,53.9939260202735
Feb,0.334732667955876,39.7484193918926
Mar,2.64247028287781,40.2391998426187
Apr,5.77250571256387,32.8989463983068
May,10.1118252633017,38.7390455422742
Jun,14.8218888241412,38.2431511038857
Jul,19.2501838281551,18.7463294573695
Aug,18.7926275659715,23.5009606628355
Sep,13.8608106254462,26.4902690982387
Oct,7.99405178388429,28.4928658445757
Nov,1.50830632334938,50.7384221470005
Dec,-2.22362869960521,56.7409842970031
