month,temp,prec
1,-2.39939326933015,39.7526068622713
2,0.295490862748487,27.0001772881272
3,2.70938982603083,29.2529976157565
4,5.58527753670507,26.4997789954155
5,9.91050046494618,31.2435843627866
6,14.4671097863956,29.7531592291234
7,18.5956670841585,13.4691100781963
8,18.1438899189104,19.0255684138018
9,13.5289234886454,16.3548869629231
10,7.87063893208203,24.0452122029161
11,1.65803573087165,42.7531386348508
12,-2.20022778075983,43.2508804133508
