month,temp,prec
Jan,-2.72394866369712,39.0000234015178
Feb,0.106272897424415,22.2453320454576
Mar,2.16631306998154,26.2487789151796
Apr,5.13303374062221,19.9956013005695
May,9.73071797366597,26.2470663747092
Jun,14.2941512636245,27.2527284552157
Jul,18.414928278574,12.0010669464034
Aug,17.847343482168,17.5531869963998
Sep,13.303966365041,12.8259690243285
Oct,7.73554828657662,22.3314925378194
Nov,1.31132269480829,38.7469839258627
Dec,-2.45221564947691,42.470184988544
