month,temp,prec
Jan,-2.78932911946483,33.5052100974334
Feb,0.117362397082571,20.2532773306021
Mar,2.39644258141168,24.5023279938238
Apr,5.53316994053498,21.251478937878
May,10.3007533907356,28.4995467851959
Jun,15.0724114469972,28.0042771861454
Jul,19.1791158520189,10.950790149746
Aug,18.4464920967063,16.1257174285816
Sep,13.6874324632534,13.70804783395
Oct,7.96738632178271,22.5236953341031
Nov,1.54159159013848,34.5058552697967
Dec,-2.54761025717062,36.2526323454386
