month,temp,prec
Jan,-0.779199347296,59.4465471362762
Feb,2.08144826421969,43.9775277187979
Mar,4.7644538174464,49.2437569568235
Apr,7.89433838554587,38.3186187640486
May,12.0443652921729,40.2038030332466
Jun,16.5037201786328,32.8534675214271
Jul,20.5172847297558,17.0549396346844
Aug,20.2172137893895,22.0257662028316
Sep,15.3605398753095,27.4594064005501
Oct,9.49813922408928,35.8481477579148
Nov,3.40959804750835,59.9408191274197
Dec,-0.458486378662178,62.0366814341458
