month,temp,prec
Jan,-0.779199296383478,59.4465474627003
Feb,2.08144832565574,43.9775280233738
Mar,4.76445389790516,49.2437572858233
Apr,7.89433847406342,38.3186188884145
May,12.0443653792116,40.2038028103993
Jun,16.5037202538125,32.8534673209039
Jul,20.5172847913826,17.0549394374075
Aug,20.217213856136,22.0257660626121
Sep,15.3605399418903,27.4594061842139
Oct,9.4981392839881,35.8481478273147
Nov,3.40959811940194,59.9408195222766
Dec,-0.458486320617325,62.0366817921763
