month,temp,prec
1,-1.2548896569324,49.2159779179912
2,1.63989356243902,35.9671381769283
3,4.16445266314012,40.5037234042576
4,7.18025313415615,34.6638002428182
5,11.3944288885539,37.0718562789977
6,15.9879241553957,31.2298580423962
7,20.070640375455,15.5060486808608
8,19.6848554835372,21.4818597069002
9,14.852377519262,23.7864946598966
10,9.04499891388456,28.7623758643467
11,2.81637839853792,50.2591702409721
12,-0.98502715364611,51.2633954318926
