month,temp,prec
1,-1.10805409239385,58.1768815469728
2,1.6235714839793,41.7744399217852
3,4.12930924902826,45.747781977543
4,7.36752852392372,36.7704807164179
5,11.5933514602015,43.1474993577249
6,16.1468057019444,36.7044663644982
7,20.3177726486196,19.2427258576177
8,20.0318183199706,23.9865462037749
9,15.0518371351243,29.7684137324443
10,9.06528079990978,35.8302494758841
11,2.80935231221857,55.2583577610515
12,-0.852292886336583,58.7516621525411
