month,temp,prec
1,-1.93636245254851,105.005918970096
2,0.402944472019709,71.7762843378541
3,1.91725069512089,75.8246985688377
4,4.40321714876031,43.2409155696829
5,8.67420701839962,36.8443652858017
6,12.9334876021998,29.7479035777305
7,16.7792092853678,13.2281688287946
8,16.4674088041347,22.4839856388076
9,12.7999352304634,25.9011865425293
10,7.57980264953294,53.1479263577092
11,1.54235182260323,105.339228201042
12,-1.6586784391908,115.861726312695
