month,temp,prec
1,-0.779199273606184,59.4465476081585
2,2.08144835315039,43.977528159362
3,4.76445393391603,49.2437574327684
4,7.89433851365024,38.3186189441951
5,12.0443654181345,40.2038027106794
6,16.5037202874478,32.8534672311123
7,20.5172848189535,17.0549393492566
8,20.2172138859758,22.0257659998133
9,15.3605399716697,27.4594060875671
10,9.49813931079744,35.848147858141
11,3.40959815158289,59.9408196988896
12,-0.458486294650245,62.0366819519929
