month,temp,prec
Jan,-2.50080470306986,81.501719797972
Feb,-0.0182939188077353,53.9453498267426
Mar,1.57508841851711,56.9641450358596
Apr,4.15602252647003,34.4968222572635
May,8.49036744997354,32.0249246634479
Jun,12.7920328484157,30.5006137759804
Jul,16.8337026152635,14.9469451813521
Aug,16.5002938701518,20.4790225455428
Sep,12.5086964767121,21.7169755625107
Oct,7.14697508891673,40.3338633438423
Nov,0.953413901290452,79.9558314886433
Dec,-2.22753853803871,93.9994429014625
