month,temp,prec
Jan,-1.93635801279403,105.005508355553
Feb,0.402953091525129,71.7759151595953
Mar,1.91726350856598,75.8243569013309
Apr,4.40323344528808,43.2406784109862
May,8.67422773708539,36.8442105485288
Jun,12.9335113408564,29.7477782899203
Jul,16.7792314865965,13.2280644386367
Aug,16.4674277422407,22.483911625076
Sep,12.7999533160592,25.9010598170447
Oct,7.5798166179556,53.1477517519494
Nov,1.54236547495078,105.338778452062
Dec,-1.65866982460361,115.861240396491
