month,temp,prec
1,-1.93635801279403,105.005508355553
2,0.402953091525129,71.7759151595953
3,1.91726350856598,75.8243569013309
4,4.40323344528808,43.2406784109862
5,8.67422773708539,36.8442105485288
6,12.9335113408564,29.7477782899203
7,16.7792314865965,13.2280644386367
8,16.4674277422407,22.483911625076
9,12.7999533160592,25.9010598170447
10,7.5798166179556,53.1477517519494
11,1.54236547495078,105.338778452062
12,-1.65866982460361,115.861240396491
