month,temp,prec
1,-1.93636243643059,105.005917990001
2,0.402944498293367,71.7762834520148
3,1.91725073154062,75.8246977494877
4,4.40321719420708,43.240914983082
5,8.67420707487439,36.8443648943435
6,12.9334876664439,29.7479032311455
7,16.7792093438108,13.2281685467528
8,16.4674088538141,22.4839854520397
9,12.7999352799624,25.9011862208766
10,7.57980268921262,53.147925948603
11,1.5423518635637,105.339227141557
12,-1.65867841142258,115.861725121156
