month,temp,prec
1,-2.14926441434726,63.3479040313304
2,0.650951446953842,42.3469350380394
3,2.56365252125799,46.6941817149346
4,5.39970386680963,27.3220682370425
5,10.050661795425,27.6802394100233
6,14.5407609842526,24.7464834803899
7,18.4798007210669,9.80596682833536
8,17.9230623889174,17.2378566421529
9,13.9096655570677,16.805112187014
10,8.37376274578976,36.037118672034
11,1.92855383380825,62.1006296048272
12,-1.70251049618597,71.4292792696778
