month,temp,prec
1,-0.57466512537492,208.677941004205
2,1.78445761944406,146.202158412297
3,4.00276971496253,136.967624553361
4,6.47929906135577,79.9901972016624
5,10.2001972673529,54.7488771034155
6,14.2820426013914,41.2487151057473
7,17.8071800177034,17.5744722332588
8,17.7455742501558,28.8030471211861
9,13.8505006766778,48.217032799423
10,8.59134733969927,93.916118562421
11,3.04372072743258,177.952009690346
12,-0.335377791842052,210.935734644913
