month,temp,prec
1,-1.02106677758715,174.949646534494
2,1.09323879712127,128.965455126683
3,2.70905455226167,128.961930116615
4,4.83502276215831,83.4751924818586
5,8.6334712899744,65.4847885197824
6,12.6727230171899,50.7352759432639
7,16.4627191422218,23.1383124332123
8,16.4051596626863,31.5481874608289
9,12.876727463425,48.705773887622
10,7.78167071959919,87.9182803653568
11,2.02077137597555,169.211014277804
12,-0.805057109534989,187.451422741482
