month,temp,prec
Jan,-1.9363641585144,105.00597451526
Feb,0.402942164797267,71.7763352084262
Mar,1.91724779344867,75.8247455531616
Apr,4.40321363309944,43.2409517609936
May,8.67420280988442,36.8443906460851
Jun,12.933482872858,29.7479300436439
Jul,16.7792051907747,13.2281895317092
Aug,16.4674053461366,22.4839976742539
Sep,12.7999315164562,25.9012075239114
Oct,7.57979949088604,53.1479484437732
Nov,1.54234829920802,105.339286232789
Dec,-1.65868104735003,115.861798392331
