month,temp,prec
Jan,-3.59695098291745,47.4939246605505
Feb,-1.04106844913709,33.4972524462241
Mar,1.16664945802143,36.9981102010528
Apr,4.19344756114597,31.9776220557793
May,8.66532397630578,37.2452869196867
Jun,13.4528781963733,36.9964956255218
Jul,17.8152757547434,17.4973972805282
Aug,17.3351034581416,23.2487245178195
Sep,12.5133697875264,22.2477623503014
Oct,6.75999809023421,25.9973852827409
Nov,0.279252406937342,45.4981597064935
Dec,-3.40764212893532,49.9931101530492
