month,temp,prec
1,-1.24843761885235,137.720752689226
2,0.983320907543464,99.4867526509611
3,2.57496663738905,102.224988458519
4,4.81170969552504,64.4874795268291
5,8.76522677666377,52.738238340197
6,12.8928111311035,40.4929310664637
7,16.7086859365074,18.356288215839
8,16.5886190543385,26.7457525391012
9,12.9401611609201,36.9906814311946
10,7.76088751427176,69.2374722760894
11,1.95170770780651,138.728359833368
12,-1.00272544981542,151.521794214179
