month,temp,prec
1,-5.80624543597264,51.5668084477168
2,-4.88884509925079,54.8124315073976
3,0.643647362786152,65.6219360516375
4,6.91700588877435,69.5275587687828
5,12.8937123369749,89.3588473571711
6,17.4887106688471,109.94564663953
7,20.0178788814149,92.6371392632301
8,19.1028618977804,79.606259458025
9,15.1562343723624,83.6078242362167
10,9.21464725503472,72.7380110221236
11,3.52465122383412,78.6453594892002
12,-2.71039061841255,64.606025444112
