month,temp,prec
1,-5.17421572270547,69.2624305807024
2,-4.46593912247881,66.5092671962251
3,1.06489991900924,84.4811863841794
4,7.14985857427263,90.5056349862209
5,13.3715630891854,102.015371691003
6,18.1607776150501,123.239429052995
7,20.4583057156798,113.759077481474
8,19.604162759208,104.262333533472
9,15.7133253735316,100.513803749571
10,9.64748690166276,84.7827600012843
11,3.95914504462157,97.4898805955662
12,-2.08335670000999,88.05170185182
