month,temp,prec
Jan,-2.83607805072177,74.2521178640177
Feb,-1.46949116616841,73.0082213511474
Mar,3.98549649501133,90.2566877424798
Apr,9.8155697661106,89.7480249365957
May,15.3730613879306,103.504143720933
Jun,19.9646904513317,99.0013616353315
Jul,22.1563359102658,102.754596500872
Aug,21.3063560589442,90.2519637055569
Sep,17.5538910200659,85.7528774216901
Oct,11.1388954552723,79.9977779484708
Nov,5.7672923720086,83.7556980107749
Dec,-0.021047033412184,79.2513677187524
