month,temp,prec
1,-15.7925550551012,24.7465810257905
2,-14.5089915772886,26.9973675806536
3,-8.63632535202295,40.0362824927321
4,-2.86866871688111,36.2557001183587
5,0.128834239132106,32.4966403627058
6,4.93963445004059,11.7474615626196
7,8.7171100398388,1.00102781298658
8,8.5370743956102,3.64700123019946
9,4.54779108004046,1.24796042996131
10,-1.62812202217047,16.0393897804462
11,-8.16076084779657,18.390523392303
12,-12.7876214246147,21.9786073121676
