month,temp,prec
Jan,-11.3757885524674,31.7809159829118
Feb,-10.185659655349,35.4985903149582
Mar,-4.61714490878423,51.7468848160439
Apr,1.12624021914319,47.299148229298
May,4.61867973634192,39.9942294437817
Jun,9.21700208724521,18.2537450908672
Jul,12.4112374279574,19.995641947439
Aug,12.1361716991054,20.4172315246928
Sep,8.32362823489579,11.0035960613199
Oct,2.53772863596537,20.2572379588795
Nov,-3.57741348513729,16.9300586482607
Dec,-8.42334409369305,26.7865119394546
