month,temp,prec
1,21.4656304678059,51.9870496341039
2,22.1426881076576,33.9871745924434
3,23.5503665291192,40.8658938155889
4,24.9147722511526,78.5334654043407
5,25.3882008589496,260.771406571196
6,24.9308553665989,391.248337837399
7,24.6366542356195,565.857308116542
8,24.1313660433209,658.967320840239
9,24.2880798243797,461.477713628387
10,23.9838360200495,312.000547661752
11,23.1741020251214,186.076309002143
12,22.1308304515137,78.1734461943648
