month,temp,prec
Jan,-1.14365558251059,41.2649014364537
Feb,-0.447296095848551,29.7207876895193
Mar,2.9660264482169,35.7541264307455
Apr,7.15273336799641,39.4513897184804
May,12.4403554034899,50.4316219156091
Jun,16.0054235532214,58.2474132995818
Jul,17.6243405698889,66.0087223732592
Aug,17.2764971864505,60.2640087328215
Sep,13.7395227705388,54.0118159762273
Oct,9.45051110312588,46.7648338388263
Nov,4.49801655724126,54.2699260718622
Dec,0.850332984318324,50.9169072542262
