month,temp,prec
1,-1.14365558251059,41.2649014364537
2,-0.447296095848551,29.7207876895193
3,2.9660264482169,35.7541264307455
4,7.15273336799641,39.4513897184804
5,12.4403554034899,50.4316219156091
6,16.0054235532214,58.2474132995818
7,17.6243405698889,66.0087223732592
8,17.2764971864505,60.2640087328215
9,13.7395227705388,54.0118159762273
10,9.45051110312588,46.7648338388263
11,4.49801655724126,54.2699260718622
12,0.850332984318324,50.9169072542262
