month,temp,prec
1,-4.94265334685258,32.4521271635983
2,-3.90467954200422,24.2687640468972
3,0.443472058262612,31.3301216098014
4,6.54203624362775,35.1990953640954
5,12.4795390923004,55.8194703464329
6,15.7696770233676,72.1923725110228
7,17.0330292269771,77.1510707388783
8,16.7072762996789,67.135539528828
9,12.4615918904001,52.8660677442831
10,7.47832400165511,47.3127691156608
11,2.27824151474489,50.6797418474169
12,-2.17613498986716,40.3856566824802
