month,temp,prec
Jan,-1.74984110406641,36.7215173102252
Feb,-1.35965504378987,27.4023432972973
Mar,2.11880916645901,29.8341330053098
Apr,6.32826817749508,34.0299335352852
May,11.6588613957809,51.5315291608537
Jun,14.9338432662541,63.452780886298
Jul,16.9808245425363,72.4478288287398
Aug,16.7888809948211,71.1240991190899
Sep,13.1174074308123,59.8120748766302
Oct,8.88815120136881,51.5952447833425
Nov,3.83073793828022,60.855486898843
Dec,-0.0431503826009148,45.7766388847724
