month,temp,prec
1,-2.06649851918812,26.4973936790258
2,-0.431736228478852,25.9962348752186
3,3.57237714554995,25.997889279696
4,7.99639531146963,35.7456571464609
5,13.4708561422113,61.2358957751826
6,16.4024634950775,69.7362280372921
7,18.0451360058881,74.236233713117
8,17.7424149893568,73.2277418145962
9,13.8197845072357,44.9960910076792
10,9.32826856923689,38.4982313565247
11,3.92165477518513,41.2482620710086
12,0.0768155443544567,33.7498136883695
