month,temp,prec
1,-7.68495086206998,41.9835974591953
2,-5.60565599270447,37.9927339790427
3,-0.82840876641876,41.9893828099913
4,5.46110708796695,65.2385216349815
5,10.6196285030967,97.9878109034047
6,13.4280753159308,119.742700397541
7,14.8837046338978,111.49122242171
8,14.4670797201399,84.49025117897
9,11.0752230495458,54.4935489177114
10,5.94341045991593,43.2392771705671
11,0.531631276384037,42.5973106420067
12,-4.85666622732502,44.4895710808839
