month,temp,prec
1,-22.0158391467103,28.485132855824
2,-20.7583181606172,22.8823367374209
3,-14.3883961451239,22.0511194425044
4,-9.96440357294619,20.125647139375
5,-2.16869578861002,29.3184707697563
6,6.8365325511523,37.963420975201
7,12.8082320799117,48.7122286573081
8,9.47674632955641,61.5794918248907
9,4.51255893947723,53.8466976482838
10,-4.82751914591603,45.106556504854
11,-12.857640272376,33.9203177837132
12,-17.4767314690874,30.0035067707088
