month,temp,prec
Jan,-26.086111272831,20.3312999750519
Feb,-24.7708161269429,16.0152399339852
Mar,-16.8905371761518,18.8101578323203
Apr,-11.1513097262811,25.6234514552987
May,-2.98051449096631,36.0132434847503
Jun,5.88454713718343,52.7846269786037
Jul,11.5098647828963,65.9437223231335
Aug,7.95836896071712,64.3776304214035
Sep,2.62768627315853,52.3459881231756
Oct,-7.00150454847345,37.4512984406797
Nov,-16.7163316671331,27.2277419555976
Dec,-22.1200584499698,23.6028007823368
