month,temp,prec
1,-31.7005940922217,14.5364811793749
2,-31.063573192507,9.56410773448977
3,-26.6708233930678,4.8095227326377
4,-17.5922248934097,4.52307728755289
5,-3.21363350855248,7.10196459386581
6,8.10493351288553,18.0566925821986
7,11.2375170025472,32.6323223359617
8,8.35631266047827,29.8658989824626
9,1.65427779278723,18.5889062545064
10,-11.7365860483983,15.3211385819567
11,-25.5237139021825,16.1133481109206
12,-31.4163937428065,12.1137841447547
