month,temp,prec
1,-6.81102913102212,74.9342426582499
2,-7.78358840860367,60.9749092682569
3,-4.15895522505196,73.4840634906266
4,1.74600127486569,86.23982109023
5,6.28351134572962,110.004062749695
6,9.3501224992755,108.895179546638
7,13.1908109243275,108.498931570213
8,15.8666130924268,147.546140909271
9,13.59586936071,166.012383776874
10,8.61841707260093,146.699222920986
11,2.46796812454333,114.347893853207
12,-2.8861799278017,77.9533930357893
