month,temp,prec
1,-40.3870261760387,10.9048323127442
2,-38.0630385198638,8.74646859388026
3,-30.4540707347171,5.99500755836002
4,-18.2957873160652,6.97669675333296
5,-3.30484206603378,12.2674467738834
6,8.59527343663863,24.2497934778887
7,11.9771045745362,35.5266996762855
8,8.40539785514688,32.7664305494063
9,1.22121925758344,21.2572729437281
10,-14.8230888733295,17.4945643881346
11,-31.7946086352418,13.4862341518164
12,-38.0728150625982,9.25062228505761
