month,temp,prec
Jan,-32.4543222268194,14.7300002557653
Feb,-31.4259647294142,9.99583015832916
Mar,-26.6849844435433,5.47845742605961
Apr,-17.2459619131359,5.23347183113849
May,-2.83641066655207,7.9751068948554
Jun,8.34637617328148,19.9987387612894
Jul,11.4621672901863,35.9295017863818
Aug,8.50303228746469,31.2236394304406
Sep,1.76036489282176,18.54088471947
Oct,-11.7565048548701,15.9750108945238
Nov,-26.0200118628324,15.9917564989891
Dec,-31.9867017819992,12.4759480830462
