month,temp,prec
Jan,-40.201335972572,8.999168427482
Feb,-36.6921288556824,9.34745446835299
Mar,-28.1617618973925,12.9974982391847
Apr,-17.4610129514324,15.9997749809324
May,-6.14264375713386,23.502877733854
Jun,5.56998368063014,41.2450252065663
Jul,11.8160400282262,45.994719119585
Aug,7.87787270456633,41.2433727581782
Sep,-0.27136723755765,28.2883031776629
Oct,-14.8065275763692,23.0008053141212
Nov,-31.5513304819956,15.750328702035
Dec,-35.9728333094871,12.7503138944862
