month,temp,prec
Jan,-37.418245902448,13.0467530254101
Feb,-35.6675883102409,10.4987320426274
Mar,-29.236167729906,6.99831961189666
Apr,-18.3145976453768,7.00249798892844
May,-4.02383431711989,11.4518034169562
Jun,7.96646995646706,26.9937876087585
Jul,11.4372571524625,38.7652668843658
Aug,8.15566445159544,34.994667123277
Sep,1.35229098753772,23.250231134043
Oct,-13.8600868578512,19.7455956640449
Nov,-29.1831937318954,15.7514588383648
Dec,-35.2356357772876,10.9996094707716
