month,temp,prec
1,-39.3944157708782,9.49364072318481
2,-34.2652627998511,8.74051628407621
3,-22.5606327860493,10.4872581677038
4,-10.4092065930295,12.7713484294176
5,2.13501089066652,19.9700897724291
6,12.4277735513955,34.4869786668874
7,16.2470441470809,45.9605124023664
8,12.3277888873707,40.622201479116
9,3.92954800329721,32.4714628342988
10,-10.2781178091269,29.761688855993
11,-29.4680257838077,17.9567794982566
12,-36.6018360305843,13.9468347155153
