month,temp,prec
1,-32.0014152799966,13.7364618335946
2,-31.3890833994007,9.05575354010475
3,-27.0130348194999,4.28718823307183
4,-17.8955424320102,4.49161182531458
5,-3.42278967410661,6.85006325975488
6,7.980819284681,17.5374851877682
7,11.1083722908853,31.8835283514388
8,8.1849935627858,28.9390311920521
9,1.47980457080074,18.1440770170759
10,-11.9887054154306,15.0835594653009
11,-25.816326147243,15.456143081192
12,-31.7130765635897,11.5872725798234
