month,temp,prec
Jan,-36.529112408977,14.7479407927664
Feb,-34.887971501843,11.2429361460907
Mar,-29.1216493592867,5.99999164281843
Apr,-18.5677470268571,5.50327666292981
May,-4.15206904667285,9.99992915156354
Jun,7.7139018298409,26.2494900539992
Jul,11.0000161977294,38.4991672382119
Aug,7.77998040967186,32.0000052769025
Sep,0.970150815084103,20.4967545737244
Oct,-13.7605863282684,18.0008896045403
Nov,-28.8716573111753,15.4983969248367
Dec,-34.929591843159,12.2496926325018
