month,temp,prec
Jan,-24.8911922781127,33.5323288433033
Feb,-23.6054929328947,23.6109438964567
Mar,-16.4100963522537,28.3181738820015
Apr,-9.56519900407441,28.1297061048715
May,-0.947725804060411,34.3137569141682
Jun,8.33400570031179,47.4125737815448
Jul,13.5882138079825,57.7697331318899
Aug,11.0934360253277,62.3332027954087
Sep,5.23362798475832,60.6371552759937
Oct,-5.46963159890322,52.265158645218
Nov,-16.3780122672038,41.361316228388
Dec,-21.5770129147455,36.65391695985
