month,temp,prec
Jan,22.2289279535141,11.8630578600087
Feb,22.5897248809846,10.7469577911291
Mar,20.9088612679773,22.782306660061
Apr,17.9504319125458,31.2159437702061
May,14.3555366124971,55.0291965114827
Jun,11.6557613614038,74.6432522836347
Jul,11.0316311585494,58.8401756340514
Aug,11.9087619526061,63.4121266999672
Sep,14.0918276966634,33.5238400279426
Oct,16.7725273115578,21.2672391351783
Nov,19.4428206804367,18.5287190904439
Dec,21.1430941790609,15.759389635707
