month,temp,prec
1,22.2289279535141,11.8630578600087
2,22.5897248809846,10.7469577911291
3,20.9088612679773,22.782306660061
4,17.9504319125458,31.2159437702061
5,14.3555366124971,55.0291965114827
6,11.6557613614038,74.6432522836347
7,11.0316311585494,58.8401756340514
8,11.9087619526061,63.4121266999672
9,14.0918276966634,33.5238400279426
10,16.7725273115578,21.2672391351783
11,19.4428206804367,18.5287190904439
12,21.1430941790609,15.759389635707
