month,temp,prec
Jan,-6.88235836117542,8.00711874310403
Feb,-4.00409014326405,10.0657170714796
Mar,1.1941124116616,27.2780253428737
Apr,8.15981402566075,46.7430262531181
May,14.2631802256932,76.5548902861719
Jun,19.8739586341895,79.5084789213684
Jul,23.7514115571863,68.0120557844593
Aug,22.3897346347978,45.7329379131992
Sep,16.3156105700409,34.705375012317
Oct,9.56813460517673,26.754824093328
Nov,1.21902051809492,13.2605121049838
Dec,-5.36502272483069,10.7959524925529
