month,temp,prec
1,-6.21648725937211,9.20375956056923
2,-3.86236887796629,11.7560317173671
3,-0.00995443337050529,21.4256248577933
4,6.02914194742689,45.6809116426427
5,11.8590499831467,71.5588156927439
6,17.07913622093,75.0912454899104
7,21.1348782252788,58.4056098361558
8,19.9398727896334,41.5095077885134
9,14.0674853601626,32.3951723748381
10,8.06668546646143,26.0951484570314
11,0.420057128455485,13.0555478778681
12,-5.06559884664903,11.7052610484136
