month,temp,prec
Jan,-5.18999190002438,10.4962482619423
Feb,-2.67401034370442,11.8953880809827
Mar,1.15365505941165,19.9141021635594
Apr,6.91609258595741,44.6308774919135
May,12.337547293792,67.5357663770158
Jun,17.9143700680281,66.5902676693516
Jul,21.7968599094695,53.4591976026255
Aug,20.627702599832,35.5595625666828
Sep,14.8193627897258,32.4699000728002
Oct,8.78176657228106,24.7328292945179
Nov,1.13424295564144,13.4181682594942
Dec,-4.05918469548272,12.1910050347947
