month,temp,prec
1,-6.50169928074812,8.52454633143842
2,-3.9127025917261,10.3303310106724
3,0.338664178840786,20.8057033587934
4,6.55773839782808,44.9896326855267
5,12.4802564250283,70.4627982918095
6,17.6643712418142,76.6122220734678
7,21.8401751791963,53.573296065859
8,20.6751556691867,40.3571414218164
9,14.5419432800189,32.3075819438201
10,8.46865288202343,27.1480976164147
11,0.644606302117441,12.9654079683435
12,-5.21186594811724,11.9429788820696
