month,temp,prec
1,-6.50169928132606,8.52454633316376
2,-3.91270259270279,10.3303310137781
3,0.338664177066622,20.805703359967
4,6.55773839588433,44.9896326877639
5,12.4802564231515,70.462798293378
6,17.6643712398239,76.6122220725562
7,21.840175177091,53.5732960698461
8,20.6751556670448,40.3571414253842
9,14.541943278145,32.3075819430994
10,8.46865288029484,27.1480976159002
11,0.644606300652535,12.9654079693562
12,-5.21186594895219,11.9429788837548
