month,temp,prec
1,-6.50169928071006,8.52454632704385
2,-3.91270258942539,10.3303309954689
3,0.338664185059337,20.8057033490544
4,6.5577384053146,44.9896326675899
5,12.4802564322943,70.4627982758879
6,17.6643712497768,76.6122220769623
7,21.8401751875139,53.5732960316623
8,20.6751556777713,40.357141392161
9,14.541943286981,32.3075819546453
10,8.46865288844929,27.1480976195828
11,0.644606306930532,12.9654079629568
12,-5.21186594575477,11.9429788761387
