month,temp,prec
Jan,-5.43303293433395,8.69638651493857
Feb,-2.83766027499379,10.7851893109986
Mar,1.08317162621605,20.9612913039394
Apr,7.08713529448307,45.0038045051413
May,12.7716524547108,72.0828211704862
Jun,18.1304282281835,72.9484343206668
Jul,22.1059486197534,58.8673093222785
Aug,20.9518393402184,38.6885756062975
Sep,15.0920884657366,32.1857481569811
Oct,8.96941917673262,25.528434565034
Nov,1.30946502419243,12.544252128712
Dec,-4.26872127643185,11.1936150954875
