month,temp,prec
1,-1.97284493358576,93.2164346772549
2,-0.0883645906467962,88.7322978261207
3,3.35956953917897,109.981341581234
4,7.65306942587265,127.741138551641
5,12.1019707991427,129.763354996352
6,15.3473844406609,157.513164202691
7,17.3623799432441,134.037475850672
8,16.9334109460221,142.010937382025
9,13.899684536199,140.995379057826
10,9.32428867727652,137.727944135397
11,3.62995810764124,160.475935019685
12,-0.748174178004017,112.215985450298
