month,temp,prec
Jan,-1.97284492993802,93.2164349808113
Feb,-0.0883645901301818,88.7322979987122
Mar,3.35956953512464,109.981341779291
Apr,7.65306942009246,127.741138677281
May,12.1019707872503,129.763354828671
Jun,15.3473844332774,157.513164034468
Jul,17.362379935871,134.037475432249
Aug,16.9334109364887,142.010937277297
Sep,13.8996845309025,140.995379057877
Oct,9.32428867616463,137.727944357346
Nov,3.62995811726397,160.475935303499
Dec,-0.748174170738783,112.215985812433
