month,temp,prec
1,-1.97284492993802,93.2164349808113
2,-0.0883645901301818,88.7322979987122
3,3.35956953512464,109.981341779291
4,7.65306942009246,127.741138677281
5,12.1019707872503,129.763354828671
6,15.3473844332774,157.513164034468
7,17.362379935871,134.037475432249
8,16.9334109364887,142.010937277297
9,13.8996845309025,140.995379057877
10,9.32428867616463,137.727944357346
11,3.62995811726397,160.475935303499
12,-0.748174170738783,112.215985812433
