month,temp,prec
Jan,2.2954238790275,60.524051968263
Feb,3.46871665039853,56.0280676430075
Mar,5.34691003692172,50.2748021132035
Apr,7.35742487738474,66.5300218162156
May,11.0663217924999,68.2754564709874
Jun,15.325236782898,51.7671977286291
Jul,19.0066367504104,31.3072440034849
Aug,18.7333270573943,29.9067961952384
Sep,16.0041515025078,41.6719252155054
Oct,10.8354666582135,53.7736888865745
Nov,5.63642458531807,73.0546956208785
Dec,2.914011243063,59.5305668801005
