month,temp,prec
1,6.20144950726058,44.1162049154819
2,7.24491912974184,50.9601288831111
3,9.24528022030003,43.0135307565362
4,11.4512004705773,52.0701322218322
5,15.7170688690671,39.4732366043114
6,20.4781385557327,27.4461394620565
7,25.0454757356649,9.3905109698709
8,24.6613359094083,8.68978596293793
9,20.7245614685692,24.6341082170049
10,14.7826447376455,45.4869259340426
11,9.558924191895,53.7771082729315
12,6.48379079458484,47.6700723993475
