month,temp,prec
1,3.39082518560188,38.2697839042918
2,4.42782730936397,46.0125246846227
3,6.49654508540771,38.5442387791279
4,8.79081407495427,55.5865429985017
5,12.6741837658169,54.8322777078113
6,17.3110207833338,46.6178181464018
7,21.1754708304385,21.0367189686229
8,20.8349786488051,21.2901551402804
9,17.434016705484,38.8636403083174
10,11.9676235433225,48.4963995326608
11,6.74613594997047,54.0191065995477
12,3.78297110562554,40.7617770489384
