month,temp,prec
1,3.36153270653783,51.4541108654913
2,4.31225640570192,49.5855344307219
3,6.21206661575938,40.8521956080843
4,8.2354943798209,56.8875067262451
5,12.3002051178976,55.4205457121547
6,16.9015843871921,43.1758334284202
7,20.8570614321772,18.3796931069152
8,20.4703948271251,15.7518810638074
9,17.2949987370281,35.7819201051993
10,11.7436602430392,49.0433315011854
11,6.37276186767819,65.2618292794848
12,3.76149595070751,51.8417373541884
