month,temp,prec
1,4.62082663278603,96.0482981772202
2,5.68256756334383,86.2955307657448
3,7.16232148139052,78.2898212437008
4,8.91374868966646,101.302383940235
5,11.780224760099,85.0160939440757
6,15.2406864581074,59.7673365692577
7,18.0680487423258,47.7650049944466
8,17.9940268701049,65.5372187917994
9,16.515489510772,61.7824474797877
10,12.676614093536,85.3013514280793
11,8.03099902808744,108.456706754366
12,5.57653381331071,97.8091125177309
