month,temp,prec
1,2.29542091908834,60.5240720641408
2,3.46871294668644,56.0280930562353
3,5.34690651666736,50.2748296880341
4,7.35742140142234,66.5300494600513
5,11.0663182717505,68.2754860542703
6,15.3252332637809,51.7672219549561
7,19.0066331785508,31.3072719096871
8,18.7333237285953,29.9068233847195
9,16.0041482964607,41.6719403525129
10,10.8354635689284,53.7737076506397
11,5.63642138821099,73.0547191431088
12,2.91400854838641,59.5305890116129
