month,temp,prec
Jan,3.51586798116413,37.5080139555081
Feb,4.51548571076095,49.270403923575
Mar,6.61955435735947,38.2381011302603
Apr,8.86526583248586,56.5918383179324
May,12.854411521575,53.8509353060479
Jun,17.6509000090969,46.0326271934804
Jul,21.6908348773655,19.0065058499488
Aug,21.296647787024,20.0221786943368
Sep,17.7435392679202,38.3512003579133
Oct,12.1189439324914,49.5025979203147
Nov,6.86140443511954,53.0046831786871
Dec,3.95669736988275,40.0044429370494
