month,temp,prec
1,6.20144951096331,44.1162049827396
2,7.24491913149937,50.9601288940929
3,9.24528021689747,43.0135308369228
4,11.451200465949,52.0701322301459
5,15.7170688639804,39.4732366151839
6,20.4781385472147,27.4461394204342
7,25.045475729473,9.39051094985068
8,24.6613359028362,8.68978596493395
9,20.7245614635166,24.6341082286426
10,14.7826447361421,45.4869258945885
11,9.55892419588543,53.7771083032975
12,6.48379080052594,47.6700724240264
