month,temp,prec
Jan,2.4510405060001,57.2678927740828
Feb,3.62202124054283,52.2631521916731
Mar,5.55197876982028,49.8112294012343
Apr,7.62008781567036,64.7712382996036
May,11.3806512739127,68.2675819179741
Jun,15.6803785249718,53.3325290349763
Jul,19.3441972242937,33.2804127179425
Aug,19.0966397386665,31.1208560478393
Sep,16.2542094943307,40.9871528022162
Oct,11.0620940412939,52.5233501626427
Nov,5.79807615548041,70.9691763011233
Dec,3.09802810430759,57.5253101229852
