month,temp,prec
1,3.4238563754206,52.4963544587113
2,4.65668675149996,41.2258861508882
3,6.55166210952282,37.9857883257411
4,8.61891607820476,49.2357933908021
5,12.6778779381649,46.7456424051105
6,17.1009622687623,38.2484024497948
7,20.8063271468389,14.2527049986075
8,20.4767896707124,12.2525499168588
9,17.3983783721064,34.00001406654
10,12.0038112632889,47.7446972054045
11,6.53897332506257,63.4903633949607
12,3.71242422411494,54.7454442042847
