month,temp,prec
1,2.29542387489453,60.5240520175051
2,3.4687166468,56.0280676836276
3,5.34691003284973,50.2748021540541
4,7.35742487254989,66.5300218632029
5,11.0663217870882,68.2754565059409
6,15.3252367769117,51.7671977473862
7,19.006636743861,31.3072440230435
8,18.733327050694,29.9067962333634
9,16.004151497582,41.6719252469968
10,10.835466654287,53.7736889266209
11,5.63642458176615,73.0546956592067
12,2.9140112392851,59.5305669234846
