month,temp,prec
1,3.51586798116413,37.5080139555081
2,4.51548571076095,49.270403923575
3,6.61955435735947,38.2381011302603
4,8.86526583248586,56.5918383179324
5,12.854411521575,53.8509353060479
6,17.6509000090969,46.0326271934804
7,21.6908348773655,19.0065058499488
8,21.296647787024,20.0221786943368
9,17.7435392679202,38.3512003579133
10,12.1189439324914,49.5025979203147
11,6.86140443511954,53.0046831786871
12,3.95669736988275,40.0044429370494
