month,temp,prec
Jan,3.51586790851028,37.5080140730044
Feb,4.51548563108082,49.2704042051224
Mar,6.61955427539528,38.2381013241564
Apr,8.8652657477518,56.5918385876198
May,12.8544114365205,53.850935673028
Jun,17.6508999198547,46.0326274782272
Jul,21.6908347864103,19.0065060822109
Aug,21.2966476952592,20.0221789167569
Sep,17.743539182236,38.3512005916926
Oct,12.1189438555974,49.5025979854626
Nov,6.86140435810711,53.0046833047052
Dec,3.9566972980212,40.0044429881777
