month,temp,prec
Jan,2.49101183079441,61.7110638249338
Feb,4.00587835191977,58.0946876580231
Mar,6.32675431856137,57.7514346501522
Apr,8.55600018985924,73.8849836850282
May,12.4501730494093,81.7030144950894
Jun,16.5873993313954,64.7288583882152
Jul,20.2182023936261,39.9836466317252
Aug,19.7460124231438,51.8561724600816
Sep,16.9800510865081,60.3153002728614
Oct,11.882131262731,68.9880701318441
Nov,6.27777589320851,77.4549470939598
Dec,3.22050064595159,63.3121486457838
