month,temp,prec
1,2.49101183079441,61.7110638249338
2,4.00587835191977,58.0946876580231
3,6.32675431856137,57.7514346501522
4,8.55600018985924,73.8849836850282
5,12.4501730494093,81.7030144950894
6,16.5873993313954,64.7288583882152
7,20.2182023936261,39.9836466317252
8,19.7460124231438,51.8561724600816
9,16.9800510865081,60.3153002728614
10,11.882131262731,68.9880701318441
11,6.27777589320851,77.4549470939598
12,3.22050064595159,63.3121486457838
