month,temp,prec
Jan,2.47374358094858,40.2518817955614
Feb,3.40471166930013,50.7433023435351
Mar,5.44625212724532,41.2535333864519
Apr,7.70642738795317,59.3380009596353
May,11.5843819082992,59.718414116334
Jun,16.1721445901804,50.3561831619503
Jul,20.0190165259986,23.9971934667216
Aug,19.6725424043853,23.7544489087929
Sep,16.333918131475,41.5209175615051
Oct,10.9794827182851,48.9988555410856
Nov,5.74711140966954,56.0036157766082
Dec,2.8652353424793,41.7543867136291
