month,temp,prec
1,1.98538941360129,36.9984912361954
2,3.01893293957372,41.742463960461
3,5.07473308843909,41.4763318798784
4,7.25064779875452,56.7308865595985
5,11.077116220176,60.8731409520103
6,15.6205399117237,51.0449404459236
7,19.4500044639877,26.7503409079629
8,19.0227786099065,29.2525533478312
9,15.8616590550882,45.1967115280974
10,10.5654735815195,51.7438174298311
11,5.41874646995536,53.9993040675775
12,2.43419194886796,39.0076554220584
