month,temp,prec
1,3.06698554780529,34.7489333323198
2,4.12238260367338,35.6609988882795
3,6.07945218549756,43.2203744395309
4,8.26619732423116,53.6653231367313
5,12.0512810444404,61.666664181114
6,16.5701374320262,49.8612888172757
7,20.3451428403872,26.0006956363611
8,19.871809761829,35.9884274336606
9,16.8560338635008,52.593202289349
10,11.6225148569734,61.7325422845207
11,6.56956081595222,53.6560595607514
12,3.70781016204653,39.878683731974
