month,temp,prec
Jan,3.06698558156446,34.7489333973196
Feb,4.12238265009441,35.660998654931
Mar,6.07945224344184,43.2203743619616
Apr,8.26619738691171,53.6653230031073
May,12.0512811055303,61.6666643021317
Jun,16.5701374793724,49.8612889380853
Jul,20.3451428827672,26.0006956758642
Aug,19.8718098063714,35.9884274226865
Sep,16.8560339122681,52.5932023471191
Oct,11.6225149067778,61.7325422215517
Nov,6.56956085268837,53.656059660244
Dec,3.70781019810669,39.8786838382975
