month,temp,prec
Jan,1.01385141284078,71.1138819007511
Feb,2.51466957009253,71.2253276026439
Mar,4.68773439240461,67.675485285902
Apr,6.86587851910752,85.6542297908165
May,10.6890593579777,94.0610839635963
Jun,14.9804391722373,73.3747373382109
Jul,18.6295236569959,48.0932674516787
Aug,18.1272891273992,62.8593095709708
Sep,15.4543828257008,66.7539850838882
Oct,10.4426062088058,74.6258113865115
Nov,4.83959019440091,86.524551443443
Dec,1.89678182226375,72.0971146336899
