month,temp,prec
Jan,0.876900216820861,64.2570904024589
Feb,1.76192274632428,62.2399781947005
Mar,3.79216607478622,62.9172984334308
Apr,5.99152472307441,86.7096378939147
May,9.81171310364431,101.468321439857
Jun,13.7647230143266,83.4986089313021
Jul,17.1872381314258,52.4674109570532
Aug,16.8596986603855,81.8344760781232
Sep,14.3212139613033,75.58677352405
Oct,9.6930765108741,80.8045801727151
Nov,4.45863964573565,84.9607899736944
Dec,1.68861051327921,65.2089746286632
