month,temp,prec
Jan,-12.6374866648575,39.25093808454
Feb,-10.4075870360748,28.7722171822465
Mar,-5.76839675962769,32.2471198576817
Apr,-0.356551414841942,29.7446262100162
May,6.19608770914243,38.997537707008
Jun,11.6161331506067,53.2420415074445
Jul,13.2079404462853,81.7524381331579
Aug,11.5954365411306,68.4904470764898
Sep,6.94355562208947,62.4878925830672
Oct,1.92596508143167,50.2454382071417
Nov,-5.75951783454142,49.4935956292457
Dec,-10.106101615629,42.9910001584571
