month,temp,prec
1,-1.33233962851024,53.5077371210748
2,-1.27633178605715,34.4227933136858
3,1.36008359633178,41.6082945963534
4,5.40545714176879,39.3053783923563
5,10.7265393291133,43.0432160378459
6,14.6865196460295,53.5853663581911
7,16.1745225504462,70.317362129276
8,15.9350288283979,57.1010136547058
9,12.4547395053839,65.2428085835248
10,8.55723467788075,60.1133011088784
11,3.95193769904749,64.7874624816223
12,0.428403807912702,56.6300280323476
