month,temp,prec
Jan,-15.2994116130941,70.2923353164663
Feb,-14.3465541741686,55.868417016871
Mar,-11.7445059903989,50.5121012181749
Apr,-6.34712445442116,40.2835920083197
May,0.0125049929726752,43.0975611213112
Jun,6.04029230334787,59.5178149850446
Jul,8.96750977644263,88.9860826847766
Aug,7.28193459641776,86.2971621043747
Sep,2.18358838345124,73.5138142960081
Oct,-3.31610144113859,80.0304966525278
Nov,-9.30142483398395,69.324399142119
Dec,-13.2117448678036,73.1295474605786
