month,temp,prec
1,-5.58171255759873,48.9920256796011
2,-5.21154675143454,35.7483315584102
3,-1.2632363186552,40.7531925374643
4,3.55218517690374,41.7539987447136
5,9.50155357281407,50.2546676305483
6,14.0460326640493,65.2610088253788
7,15.3326048191313,71.766011494993
8,14.3106621324114,78.0118747502846
9,10.2404360849476,82.009242303128
10,5.73000959038287,81.9986442081112
11,-0.0490167404529172,77.7468491130024
12,-3.99109116198788,54.0001651152721
