month,temp,prec
Jan,-9.8708131801893,31.4897973580027
Feb,-8.24244959041863,24.2155296845201
Mar,-4.12865664929895,26.7431831942645
Apr,0.667746487268094,30.2429242042439
May,6.97519039657929,37.9917624613264
Jun,11.9443805817465,57.48944941146
Jul,13.38953978952,80.7496698045303
Aug,11.9127832188029,63.7330937223187
Sep,7.4961429311245,61.9879636463203
Oct,2.93193860284427,42.7426232553894
Nov,-3.86353195659175,40.00017961427
Dec,-8.03946615864826,37.7426290681183
