month,temp,prec
1,-15.549843916172,24.2330867366085
2,-13.8054164643712,19.7452602388359
3,-8.88912493807589,20.7491222175012
4,-2.63440395708613,21.7374974097287
5,4.44068161292635,27.4989171305265
6,11.0108867643018,40.5008410589588
7,13.2380354898447,65.7618364774899
8,10.9748511402335,64.7526787096299
9,5.66066498864819,44.9945509364111
10,-0.89133147862239,39.2425201602473
11,-8.60397832016378,34.9879876633265
12,-13.3545891530188,25.2405916767752
