month,temp,prec
Jan,-15.5652953286964,38.5355651592011
Feb,-14.088641102359,30.5245723508354
Mar,-10.441394861335,28.272515858334
Apr,-4.62359262003932,23.013592996327
May,1.90805470611728,31.3558046273412
Jun,7.96555437336884,47.0053027967433
Jul,10.6801255128809,78.7603736826004
Aug,8.84782678829721,71.5101673981941
Sep,3.70967809897691,51.7624744913049
Oct,-2.02188223993525,48.7818630436891
Nov,-8.99607481632563,41.2787895975061
Dec,-13.3672555884946,40.2764093026647
