month,temp,prec
1,-10.6314896051893,38.4937152898412
2,-9.10554021355828,28.2737099081128
3,-4.90763959949162,32.7490264654398
4,0.0937743299483017,37.2465190671881
5,6.45953490689537,46.9972350033259
6,11.3970549068449,68.2408571834687
7,12.7329891870168,86.7480344465205
8,11.3096645224705,76.2386556982837
9,6.8846622775254,72.2700007329264
10,2.43559127035669,52.4878015534959
11,-4.55429673919181,49.4909666771939
12,-9.22456399018307,45.2466836232518
