month,temp,prec
Jan,-8.4726875062665,45.4967958936988
Feb,-7.55934864748709,32.4908028008621
Mar,-3.23072007899763,36.7397557447029
Apr,1.77868888020015,42.4939562951128
May,8.15117173862638,50.4971913807579
Jun,12.9022477355273,68.5045309103827
Jul,14.1331725162166,81.4985374707136
Aug,12.7679639986573,82.7490698165328
Sep,8.37785528560195,75.9534612332429
Oct,3.90194029290986,65.23895863286
Nov,-2.49476043537002,62.2287219177588
Dec,-7.14012840955865,50.233376902746
