month,temp,prec
1,-10.5730918548804,68.8031767670981
2,-9.25577027599216,49.580272209873
3,-6.01008170939238,51.1299242490505
4,-1.69376131117397,34.4379598549406
5,4.21515166324898,36.2845242324147
6,9.30522633936637,53.6456774099534
7,11.100471535094,82.2993768091973
8,9.93319351074882,71.2306035342569
9,5.65916479501934,84.6723740122147
10,1.47899294006173,74.9579702541634
11,-4.74323081152404,64.3554324880933
12,-8.05560252543723,74.0981652244161
