month,temp,prec
Jan,-3.09113900723841,33.7496803750682
Feb,-3.69306225664746,24.5034037407489
Mar,-0.843056135556068,24.9934750941322
Apr,3.29362966960004,29.9978366211906
May,8.79787351710762,29.4871656394731
Jun,13.8882482359152,40.7319718415076
Jul,16.1203038181356,61.9912526391878
Aug,15.32532643615,63.994896019417
Sep,11.4366913182981,54.9882407919434
Oct,7.20578290021132,48.9976509962944
Nov,2.36674549416928,54.4945735818409
Dec,-1.28281628274803,42.7355227754102
