month,temp,prec
Jan,-5.58171255759873,48.9920256796011
Feb,-5.21154675143454,35.7483315584102
Mar,-1.2632363186552,40.7531925374643
Apr,3.55218517690374,41.7539987447136
May,9.50155357281407,50.2546676305483
Jun,14.0460326640493,65.2610088253788
Jul,15.3326048191313,71.766011494993
Aug,14.3106621324114,78.0118747502846
Sep,10.2404360849476,82.009242303128
Oct,5.73000959038287,81.9986442081112
Nov,-0.0490167404529172,77.7468491130024
Dec,-3.99109116198788,54.0001651152721
