month,temp,prec
1,-0.41261918235616,70.186542699432
2,0.962502615688977,64.2237516184971
3,4.18205829021486,68.9286106461816
4,7.8444219080226,85.3808741351557
5,11.9353177078682,108.107104354703
6,15.1461465428034,121.043440987809
7,17.3020705904225,104.122540914497
8,16.8039277345227,114.80728051064
9,13.9319922866949,80.9829916360696
10,9.18506952085553,67.5318067220029
11,3.93569054978622,79.0220735487019
12,0.724863418402283,74.5012316215877
