month,temp,prec
1,-4.82145562270037,149.812096439879
2,-4.15898947426651,134.299523923535
3,-2.15303181189131,149.600819622052
4,0.872329688765406,180.303318118876
5,4.8980242289956,187.028253559338
6,8.24620935717242,209.061404321827
7,10.5500557008224,208.581527363553
8,10.1604707621711,228.578545094262
9,7.97458711294664,158.784957964796
10,4.51881295922016,137.262452781373
11,-0.556928018485348,155.03644102789
12,-3.4040336632928,154.574198581338
