month,temp,prec
1,-2.86129728881989,116.355919053412
2,-1.88389224844621,107.628588512651
3,0.646778352836657,116.373069259377
4,4.03561258096574,142.855078695168
5,8.09469609839085,156.131140648773
6,11.3871436330444,175.861646280476
7,13.546920247274,169.836187351214
8,13.0372575569969,187.829398891619
9,10.5709758348674,131.642014426932
10,6.51043364775637,109.399275830916
11,1.48447349048928,125.127812068627
12,-1.53997203196031,122.346121475492
