month,temp,prec
1,-3.35140939014377,123.841443108429
2,-2.46889443242403,113.366979143527
3,0.00522107719121061,124.660612682302
4,3.27661010159124,151.097331049457
5,7.32934843150884,161.121391513881
6,10.617607089367,185.598096834514
7,12.8008085094788,185.578700308073
8,12.3610414277429,199.818845490895
9,10.0180044580275,137.88492124767
10,6.1472308883699,113.146317205394
11,0.992687758837838,130.368614506125
12,-2.03922303272267,130.084103556094
