month,temp,prec
1,-4.86737448177236,141.700409770682
2,-4.1242487567089,128.713091520372
3,-2.15063655034763,140.207474630177
4,0.953281076622016,167.209440948635
5,5.15976884681749,178.218823540078
6,8.49474430276574,192.219773091139
7,10.861956503948,184.963969505426
8,10.3718259608058,204.212158095255
9,8.04230588467565,148.221541201639
10,4.29897028663298,131.455744568063
11,-0.677095283870799,148.95676752741
12,-3.46236379081296,148.443474585047
