month,temp,prec
Jan,-4.86736467635213,141.70031160515
Feb,-4.12423758093979,128.713012852261
Mar,-2.15062302798612,140.207383759243
Apr,0.953295980190788,167.209368224687
May,5.15978318312095,178.218768751223
Jun,8.49475854724007,192.21973216823
Jul,10.861969936875,184.963922256396
Aug,10.3718390861435,204.212113040545
Sep,8.04231840863168,148.221489126037
Oct,4.29898144662124,131.455663175446
Nov,-0.677084763733371,148.956676048552
Dec,-3.4623537759072,148.443367174143
