month,temp,prec
1,-0.228046481558149,81.7363191024526
2,1.22529712147076,73.9811291761202
3,4.20553090709105,79.9739963012725
4,7.65554091420489,91.4726484469425
5,11.7797105945874,113.66786305895
6,15.0503438867166,117.471298060455
7,17.1978558211779,98.4763240568396
8,16.7187933810094,109.975253658943
9,13.9361990269538,89.7271538733595
10,9.3352786263537,79.4810829474997
11,4.02007691667996,92.4798786604092
12,0.876720445560794,87.2228089075813
