month,temp,prec
Jan,8.96460479104355,139.739130781713
Feb,10.0947937129305,99.8374554766654
Mar,12.7932910691441,85.8043259306217
Apr,16.5304855394584,53.2666918345225
May,20.2824710584409,27.0166279316811
Jun,23.961107103902,9.40297192314912
Jul,26.6588166670385,2.0001362941573
Aug,27.0900962252376,2.04671266993214
Sep,25.0395574399964,9.99985837448045
Oct,20.7346385523108,54.9283450545932
Nov,15.1981909654434,80.3966683648569
Dec,10.6049284469928,143.040491680761
