month,temp,prec
1,18.7349955582835,7.29788475218233
2,20.7678608789491,3.96015287956114
3,23.818714978969,12.9488022217972
4,26.344118604354,67.2850903978723
5,26.0021271900292,178.832728591064
6,25.2057347886767,152.437361272111
7,24.8625795194696,191.236836037233
8,24.6392047628237,240.451656808582
9,24.538931793569,217.915663190606
10,23.6746846515558,132.032283156875
11,21.3929126806087,57.5128833383991
12,18.519347415587,13.7278145064489
