month,temp,prec
1,23.9618704112152,7.2916589658564
2,26.1843586513859,13.2441265200106
3,28.1480316664732,26.674320695624
4,29.6353342454847,80.2705049341579
5,28.6653979268912,185.351865696568
6,27.530663167482,223.628492174526
7,27.1506389986839,226.678776260784
8,26.9313883786688,262.570598269951
9,26.7255261190544,294.114787920253
10,26.463427129617,185.847267043447
11,24.8734997505959,37.1386729349881
12,23.2444806323758,4.25404513852208
