month,temp,prec
1,21.8790942093906,4.39875401438814
2,24.315379235475,17.7895490198205
3,26.9366250452629,39.9968149108067
4,28.589232116884,81.7307205612637
5,28.097808431892,193.98681518103
6,27.5918232373052,171.432998947883
7,27.2503498682552,160.688502105065
8,26.8741732651046,185.532130416939
9,26.5290620990064,229.784647842472
10,25.8901605683735,105.243793069573
11,23.8127679064647,12.9216450019081
12,21.741787750376,2.25541671260972
