month,temp,prec
Jan,1.17033059611389,111.597868993895
Feb,2.93218535334073,114.971867659314
Mar,7.7620143647853,142.044171021886
Apr,12.3845791846459,108.860888490711
May,16.7603330956783,131.728876136786
Jun,20.7639605788454,111.969922424001
Jul,22.7123119897338,125.390120168832
Aug,22.2657550095294,113.211180906522
Sep,19.048078700467,103.142956576138
Oct,12.9030125272147,92.2506834299987
Nov,7.95041318741659,108.249692829099
Dec,3.20715157771514,118.762687369481
