month,temp,prec
1,1.27204284023416,124.106045485412
2,3.05295029345731,128.24599169838
3,7.72207047441292,157.977586105761
4,12.3129469868304,117.302365470904
5,16.6736568798242,142.893871087822
6,20.6863270811431,117.108919726208
7,22.5921521227335,128.518787420288
8,22.1913265099389,119.171170341654
9,18.9971447275615,110.554217425528
10,12.8538029830095,99.272966615444
11,8.00289647690671,119.109250103473
12,3.29290329274949,134.085790576076
