month,temp,prec
1,1.90784127726254,125.244081927067
2,3.90623911037928,124.230022380454
3,8.66624653949479,151.722752506271
4,13.3762460208937,111.672349546373
5,17.6295386549248,129.922620410365
6,21.9095985704732,113.235785591042
7,23.8029440378283,133.219478479294
8,23.4071057197238,107.397589784678
9,20.1662407384797,104.774572858245
10,13.8553953926409,92.2980469258918
11,8.77283338098724,116.177324821751
12,4.01623440585576,134.120910445874
