month,temp,prec
Jan,1.56776000084022,109.609332870512
Feb,3.64697824646087,108.177672700473
Mar,8.71691473370182,134.439543452869
Apr,13.5852306811479,100.742596001636
May,17.9518441967027,118.426823571344
Jun,22.2860533379282,104.094261976464
Jul,24.2252087884526,127.376265751842
Aug,23.7985208117305,94.9514820029293
Sep,20.5126965247636,92.2483085634715
Oct,13.9793915245475,79.5040556372883
Nov,8.62268622874622,104.390240821517
Dec,3.73279782211461,121.201903100015
