month,temp,prec
1,7.28696449855753,67.8294762892059
2,7.91465578884791,83.7617157244749
3,9.73912796872567,67.9751411634882
4,12.5753821305042,58.0551800379697
5,17.2626462185732,39.1454776615335
6,22.2852392632096,24.1977364623416
7,25.6683694184608,9.87304146708493
8,25.1974348488364,19.0607096822843
9,21.6087212644467,38.3061107193906
10,16.6177399736225,53.7535091055603
11,11.5691288745354,53.2659633083616
12,8.51238934893513,65.2699331703312
