month,temp,prec
Jan,-0.852909044073402,53.1743686733105
Feb,0.84593822743537,45.8967149395774
Mar,4.54019066206849,51.9848944492566
Apr,9.40941148837417,51.5519704699393
May,13.34172361212,53.8215565177998
Jun,17.3649740582505,26.5228384054544
Jul,20.7182834006438,6.28522220387864
Aug,20.4022105831033,4.57788320813641
Sep,16.8087871060685,9.42263178858664
Oct,11.3596021413354,30.0273176188542
Nov,5.79485989327753,40.6019607108581
Dec,1.16734087638104,60.1134674871352
