month,temp,prec
1,3.48648794594627,90.2237919405763
2,4.47992161539,77.9936882371859
3,7.50697096820432,55.7498544466885
4,11.6748224127628,46.7253784923703
5,15.8997976652911,41.7073147635572
6,20.185153428375,24.1810363414065
7,23.5512440427829,8.98755023309042
8,23.2204354692863,7.72701830619665
9,19.676861470749,13.7212763964012
10,14.5500366048315,40.4988327030565
11,9.20686070124986,54.9855839742736
12,5.07821205163824,92.5764999428246
