month,temp,prec
Jan,7.65706751282182,186.343270510263
Feb,8.3652546106338,142.058035293409
Mar,10.6074371137947,90.5732694779006
Apr,14.1243898652355,48.1153487176623
May,18.4043828419389,33.4816577808442
Jun,22.8953689859486,15.9866510421707
Jul,26.0984945328028,6.55575392942767
Aug,25.9793268796841,5.40805293534167
Sep,22.7216435548974,15.0045193478148
Oct,17.6758515894563,61.6989424728125
Nov,12.7787113020263,107.835717992966
Dec,9.15796713387179,201.090710243436
