month,temp,prec
1,2.08714298864059,107.763474632624
2,3.28319799910697,86.5754135649011
3,5.91785627696812,77.3384676495392
4,10.349656289007,68.4639213212016
5,14.6112840088168,52.6926546721997
6,18.0304364723592,34.4282882213114
7,20.4343379446295,16.7450698322809
8,20.3676937574343,13.0091808757562
9,17.3488958363962,24.8728763807184
10,12.6400481987527,46.4946786886606
11,8.06417102034199,80.6791441292686
12,4.06407040007348,129.149961828283
