month,temp,prec
1,3.48648793644034,90.2237916561696
2,4.47992160702799,77.9936880448909
3,7.50697096131155,55.7498543864983
4,11.6748224079748,46.7253785098311
5,15.8997976611788,41.7073148066543
6,20.1851534216318,24.1810363833456
7,23.551244037603,8.98755025529635
8,23.2204354641168,7.72701832172369
9,19.6768614639692,13.7212764069815
10,14.5500365968959,40.4988326545741
11,9.20686069330193,54.985583841292
12,5.07821204221477,92.5764997242464
