month,temp,prec
Jan,2.46043759418212,107.111474682455
Feb,3.53386991894203,86.2021916953982
Mar,6.36783530835883,73.0294675343766
Apr,10.7237455938221,62.7250358615072
May,15.0343933359923,46.6235679779829
Jun,18.6463131963502,30.8711451005857
Jul,21.2976183446695,15.5013564043416
Aug,21.1944278801278,10.0333655569014
Sep,17.9671397338198,20.2840730696744
Oct,12.9859978271604,40.6103623759583
Nov,8.30303683038897,75.7655417482946
Dec,4.3487783703478,127.038040006392
