month,temp,prec
Jan,2.08713629420156,107.763672628927
Feb,3.28318779293355,86.5755250568398
Mar,5.91785185775471,77.3384654911488
Apr,10.3496500862098,68.4639098920206
May,14.6112766760982,52.6925828327507
Jun,18.0304277844743,34.428273297102
Jul,20.4343342278541,16.7450523662356
Aug,20.3676913220661,13.0091009811822
Sep,17.348887456061,24.872794227494
Oct,12.6400372462747,46.4945648687141
Nov,8.06416099339281,80.6791258032058
Dec,4.0640605945984,129.150170792246
