month,temp,prec
1,-0.436371638724422,59.2092447597038
2,1.16563140911013,49.3207839580623
3,4.88565335752713,45.2413882672386
4,9.69988575011588,50.2484979432502
5,13.8596310776566,49.2608570007405
6,17.7779082103045,31.2635801920676
7,20.8893360072743,9.20864327972179
8,20.4801532168283,8.32351640066071
9,16.7800971905826,13.6677913188618
10,11.4919084395932,39.3700633424517
11,6.22122737233509,44.419845215273
12,1.67624900677615,64.137944064549
