month,temp,prec
1,-0.582389851576944,52.0620423248045
2,1.27924031116115,42.6021834285181
3,4.94915909080369,45.8219662413453
4,9.68260077076853,52.2401197463848
5,13.9332749570978,60.037121577162
6,17.4379208635034,45.2587346259492
7,20.2867739497284,21.5029278211098
8,20.1786415958722,14.5802941981884
9,16.8604097315365,16.3852740659367
10,11.6872843085586,32.2785404502221
11,6.39249755327549,38.0095885460644
12,1.6294556616515,59.0179032497778
