month,temp,prec
1,5.05456353399913,34.9093257045816
2,7.94296474707165,41.5977108551298
3,12.7487163344252,48.8768846781414
4,18.1537668928285,71.1851580621272
5,22.3511379285494,102.591794747601
6,26.7234047720201,81.1300691319313
7,29.2591118362121,49.2445302443007
8,28.7349164140631,70.2374771627529
9,24.4434633494171,95.0054955809058
10,18.6427872679343,71.9547977441534
11,12.2328571044513,41.0964256134178
12,6.75212196557238,33.7233543594346
