month,temp,prec
1,6.98478767016997,30.498748624064
2,9.32061325086183,41.4843940840235
3,14.1138274385482,41.1104148897466
4,19.0371746640767,61.9706817466828
5,22.7929490722107,93.6277079939758
6,26.2984074314569,73.7179381389555
7,28.2014649421177,44.1917359487395
8,27.9247770004895,59.2692688256357
9,24.5266617578507,82.0468489664638
10,19.1427818108895,67.9275515334464
11,13.2112033216048,41.328829521612
12,8.42717928508774,31.3320173996021
