month,temp,prec
1,6.81494091455883,37.0684856060265
2,9.1423651520648,47.5141093155015
3,13.8791614627789,47.5694608051226
4,18.7375203934591,66.4215325536809
5,22.4907813225389,100.675513782995
6,26.1414497144854,76.5202433327471
7,28.1988775309336,45.9918258390544
8,27.9504106092272,59.3975911445423
9,24.5697118917545,79.9266941536224
10,19.1121482573317,75.4877420295743
11,13.2114020780644,47.2724637151809
12,8.35051279326469,36.388186659858
