month,temp,prec
Jan,9.76898130522027,51.0047063812133
Feb,12.0198991893937,51.3805697750233
Mar,16.5204572332895,44.375586859353
Apr,20.8072998184582,68.9405686154548
May,24.1963136659549,110.785956503595
Jun,27.4931122377202,101.831549721435
Jul,29.0337236964051,54.8551431238805
Aug,29.1236400072746,59.0899931124877
Sep,26.2612427227831,102.992543292265
Oct,21.3405225095465,85.6868483219242
Nov,16.0086534029239,67.5070096268525
Dec,11.4588671715391,43.2326961674227
