month,temp,prec
Jan,10.8938407173497,60.4715571658768
Feb,12.9346316132006,56.7419102695528
Mar,17.1657256204825,46.5111218780293
Apr,21.2673676008523,66.9971326754616
May,24.556322213167,117.687398656384
Jun,27.3727081959383,109.940099102854
Jul,28.8539885119089,66.5667113899632
Aug,28.9887872765764,67.9943066637963
Sep,26.4926159722142,126.315812919878
Oct,21.9148809248519,84.2471546445109
Nov,16.9785180312483,71.2094601195857
Dec,12.5748189809714,54.4469155296029
