month,temp,prec
1,6.88551331680177,67.9493267328554
2,9.42129853596808,76.9683815384242
3,13.9164130851583,90.9777972590349
4,18.6379860645105,96.6964569547529
5,22.5455749447971,132.855235002623
6,26.356224492421,86.3247172559505
7,28.5829370378427,56.6359639774002
8,28.6680262499993,53.9192566338076
9,25.1396454576801,101.134735041123
10,19.4114694214306,100.218781464544
11,13.7271392623955,83.974156998308
12,8.70630805346047,81.1465382483736
