month,temp,prec
1,8.00578956028879,45.9759473492142
2,10.249894461837,56.0381653402004
3,14.9574159222005,52.6658139814516
4,19.6022936417114,68.3837062145794
5,23.1781097046514,112.700138845062
6,26.6263481604709,87.2137856238364
7,28.4920986050314,52.3070907162517
8,28.4760389702292,55.238816458158
9,25.5070063916893,87.3408409003793
10,20.2495700773144,87.5337284296406
11,14.5173127377207,57.2529029441556
12,9.5714581049933,46.029969802429
