month,temp,prec
Jan,-1.85982700138723,19.9532660086405
Feb,2.02462563629502,16.9469994848101
Mar,5.17332758244346,21.7002610675398
Apr,9.55649903405075,14.0476624576183
May,14.8461665869177,11.8803521090122
Jun,20.1445768516249,7.8722087506988
Jul,23.9894338585131,28.9039361689072
Aug,22.5819709983196,33.0884064475074
Sep,17.9907363444206,22.2633093068148
Oct,11.8344395409452,24.4312496636725
Nov,4.60302363107756,21.5885754380112
Dec,-0.449114561212923,19.8200495435323
