month,temp,prec
1,-3.05397339786529,23.5568469175643
2,1.24662750725462,17.8109642158942
3,4.85442361553161,21.5626775118753
4,9.2278084433632,15.122799103103
5,14.7852472614298,14.0366433466155
6,20.1079651661544,9.30724513523234
7,23.9855036318336,29.6919681794987
8,22.4945953665187,31.2997850645475
9,17.7560141831482,26.0230504887479
10,11.4054774431234,32.1951836771191
11,4.12265170657478,22.53854879024
12,-1.3366377819783,23.4401975970951
