month,temp,prec
1,-3.05404210542078,23.5570801571186
2,1.24654555940269,17.8110982127295
3,4.85433508369062,21.5628598834148
4,9.22772289460348,15.1229604916302
5,14.7851642741658,14.0367807736614
6,20.107875568172,9.30739754247457
7,23.9854143414147,29.6922234484805
8,22.4945073404313,31.3000895135026
9,17.7559297410327,26.0232979677372
10,11.405405329604,32.1953206550136
11,4.1225836991975,22.5386756615479
12,-1.33670302792298,23.440388740865
