month,temp,prec
Jan,-3.05397339786529,23.5568469175643
Feb,1.24662750725462,17.8109642158942
Mar,4.85442361553161,21.5626775118753
Apr,9.2278084433632,15.122799103103
May,14.7852472614298,14.0366433466155
Jun,20.1079651661544,9.30724513523234
Jul,23.9855036318336,29.6919681794987
Aug,22.4945953665187,31.2997850645475
Sep,17.7560141831482,26.0230504887479
Oct,11.4054774431234,32.1951836771191
Nov,4.12265170657478,22.53854879024
Dec,-1.3366377819783,23.4401975970951
