month,temp,prec
Jan,-10.0863218840528,30.4751382629252
Feb,-7.20778778025129,28.3016697231296
Mar,-2.32663878087371,34.968565725541
Apr,3.19930499179237,30.9081659224236
May,8.73273954418949,28.6757186181231
Jun,13.4196770425808,24.2555013521898
Jul,17.441395304505,29.1006723783258
Aug,16.198629995189,31.899595900608
Sep,11.3165380036968,31.5005994249368
Oct,5.51743867985964,30.7494637622285
Nov,-1.95158284662725,27.8843280228183
Dec,-8.19631940621919,29.8616927215235
