month,temp,prec
Jan,-10.0863219230398,30.4751392683195
Feb,-7.2077878875866,28.3016705298048
Mar,-2.32663895792172,34.9685666512162
Apr,3.19930480787465,30.9081666216515
May,8.73273935648478,28.6757190721301
Jun,13.4196768439715,24.2555016921265
Jul,17.4413951039467,29.1006728647953
Aug,16.1986298054412,31.8995964129435
Sep,11.3165378314255,31.5005998843575
Oct,5.51743853649605,30.7494641933435
Nov,-1.95158296655414,27.8843288589834
Dec,-8.19631947442845,29.8616936335378
