month,temp,prec
1,-10.0863219222833,30.4751392311961
2,-7.20778788457968,28.3016704940534
3,-2.32663895297822,34.9685666147209
4,3.19930481339674,30.9081665959937
5,8.73273936214178,28.6757190582305
6,13.4196768501106,24.2555016819193
7,17.4413951101593,29.1006728459047
8,16.1986298111591,31.8995963910911
9,11.3165378363302,31.5005998624738
10,5.51743854034168,30.7494641773992
11,-1.95158296325651,27.8843288293226
12,-8.19631947287981,29.8616936039776
