month,temp,prec
1,-8.81619116592664,30.1965959054511
2,-5.84396996220884,31.3585782324426
3,-1.01128495041888,35.4910170489263
4,4.13833083279859,30.402068122234
5,9.64003094450992,28.1689060920026
6,14.2774398933053,23.0161026876081
7,18.2348946962865,32.4473314131403
8,17.0198921124078,36.1651972217801
9,12.2383761279152,36.5186034353967
10,6.60953568087177,31.7664743175927
11,-0.830065649616203,28.7398308016715
12,-6.96058730318081,30.968292879923
