month,temp,prec
Jan,-5.97258556839249,40.9465880303576
Feb,-3.33038621699568,40.5553951039523
Mar,-0.113732529017379,48.485642815757
Apr,4.33263767642965,40.5955435565765
May,9.71434878908194,37.6232071654652
Jun,14.2877577599951,24.2224218723067
Jul,18.4978455448487,32.2081250460205
Aug,17.225251891395,37.2891772003874
Sep,12.7158864226149,41.32470059053
Oct,7.32478046382045,40.5569257299032
Nov,0.565722396580069,40.4070694241962
Dec,-4.67609787873097,43.9413617028817
