month,temp,prec
Jan,-2.81369592753138,29.2615079355048
Feb,-0.29922867859579,26.0106149292111
Mar,1.9501139115031,30.7553985079038
Apr,6.07509244569067,19.000224502223
May,11.4216233888061,18.7981840465361
Jun,16.3293310979003,12.7445259526945
Jul,20.2926445547943,35.7487966557366
Aug,19.0400951917697,44.493665353877
Sep,14.7492692074503,29.7477132719171
Oct,9.33732107595411,24.7559994515621
Nov,2.74959607869591,28.5998119000706
Dec,-1.70533660917026,26.3421074653096
