month,temp,prec
1,-2.81369592753138,29.2615079355048
2,-0.29922867859579,26.0106149292111
3,1.9501139115031,30.7553985079038
4,6.07509244569067,19.000224502223
5,11.4216233888061,18.7981840465361
6,16.3293310979003,12.7445259526945
7,20.2926445547943,35.7487966557366
8,19.0400951917697,44.493665353877
9,14.7492692074503,29.7477132719171
10,9.33732107595411,24.7559994515621
11,2.74959607869591,28.5998119000706
12,-1.70533660917026,26.3421074653096
