month,temp,prec
1,-1.0430230454961,26.3153629575793
2,1.98111841734185,26.8077340922914
3,4.33446130381773,31.3516464795353
4,8.06199064949217,24.3054716563884
5,13.4427620228256,16.9641800741337
6,18.5387517384024,9.87993262935462
7,22.7394206399413,34.7057201705185
8,21.5994777979786,34.8356707379233
9,17.1086899646444,24.877655898445
10,11.1669323129155,23.6349743982659
11,4.43265581380317,24.9532594075217
12,-0.112344071908812,21.416015627375
