month,temp,prec
1,-3.95476429765499,44.9069568812302
2,-1.07531033616147,46.1320066606556
3,2.60221740728921,56.08632701519
4,7.28112266623104,61.3234102936027
5,12.5135840382595,50.1948993944725
6,17.4471007505313,32.1901502646819
7,22.0313545499685,21.1606282258268
8,20.7604103527624,25.1582995833953
9,15.4945186697118,39.3637480444987
10,9.39185055587592,46.8545644900087
11,2.63344525803039,49.4506234312093
12,-2.78247535015732,50.0824276087555
