month,temp,prec
1,-4.23138459108297,23.701479488074
2,0.258790768074566,16.7047139224478
3,4.12645123265586,22.1990300487036
4,8.68959279432752,16.5391599987195
5,14.3187310767308,15.623240476211
6,19.5961019784206,11.0755329814505
7,23.451189248293,28.6667738179618
8,21.9936678151424,31.872897428371
9,17.0806776489579,27.5161145666022
10,10.733488808578,31.8272870103309
11,3.29795100703153,21.5154240572201
12,-2.4123396259602,22.5075670862925
