month,temp,prec
1,-2.31808182798336,76.8189971961089
2,-0.76976111605318,76.6505071167398
3,4.5169302938433,93.425535565813
4,9.42356315614521,94.3047340717918
5,14.6369034589311,107.774478466911
6,18.8568322952665,97.4446862043389
7,20.9268100181897,113.969433718511
8,20.3002415782952,104.006813442806
9,16.7327720119201,93.9051692847136
10,10.6462144597399,91.4974416636358
11,5.45948874973518,91.5819506002373
12,0.250318168521386,85.1949573855206
