month,temp,prec
Jan,0.19122370154022,64.4087680739668
Feb,1.77369109940944,64.1450171321756
Mar,7.08622281353192,77.9331875521708
Apr,12.2394618963844,76.4274523056798
May,17.3020223917739,101.886751335627
Jun,21.641146765085,87.9906618702562
Jul,23.81445199039,101.616793819053
Aug,23.0452886820823,96.7599989428323
Sep,19.481954523722,91.0594097434864
Oct,13.2652619151007,91.951353622768
Nov,8.01946730967404,82.2998661590189
Dec,2.52039908230471,69.1756408623341
