month,temp,prec
Jan,3.05302324631333,95.200336703386
Feb,4.46735795842721,88.1769877885859
Mar,9.19576594393379,99.5531481218306
Apr,14.1383654658333,77.4270764905404
May,19.0733358116679,106.037474793754
Jun,23.3283361316314,95.6559504528341
Jul,25.5133418792475,120.800618158425
Aug,24.9358012937964,118.584962692275
Sep,21.5690202467794,101.461658853234
Oct,15.4123146159844,84.2392080830004
Nov,10.5438521336917,79.8672266552591
Dec,5.40632999516752,82.5065840591845
