month,temp,prec
Jan,-9.89694691631175,63.4743024037268
Feb,-8.74683887175457,59.3180897068367
Mar,-2.42767801460196,71.5753547674236
Apr,4.70081643647616,80.2493277069252
May,11.7117154649465,93.7491246356653
Jun,16.6242368068102,95.2585335115132
Jul,19.2342311760804,102.265792656635
Aug,17.8816937209808,118.759170775223
Sep,13.3283106017112,95.4961010672871
Oct,7.37580382317336,89.0311345845424
Nov,1.13253193069125,97.3931020391637
Dec,-6.5626057894957,81.7681468521072
