month,temp,prec
1,-6.28300844668436,120.027487599665
2,-3.94286260805826,103.005985372985
3,-0.677828867647108,95.7253795057791
4,3.73808657564415,70.2270192677547
5,7.94302389084055,78.4961854208288
6,12.0472368841223,80.8883285396006
7,15.4905775173099,56.3296368365018
8,15.4288355215389,57.2071862972929
9,10.5922680310047,54.5916674081333
10,4.52963468015986,68.1762073590367
11,-2.40862570732374,122.794436183083
12,-5.79456355467527,136.456025634125
