month,temp,prec
Jan,-0.122071009429086,227.229235492132
Feb,1.89345211138201,170.014915174863
Mar,3.75576491199977,148.562778417275
Apr,6.28646957964754,117.290441744858
May,9.57123777265965,95.829016251639
Jun,12.6395847420036,84.2564591607372
Jul,15.2279218231571,59.7344588668226
Aug,15.5788213828811,61.8912808197733
Sep,12.7805780626904,93.835033917323
Oct,8.30077117273568,167.056249630394
Nov,3.01246723339714,230.076297973351
Dec,0.2909277165186,243.00075120365
