month,temp,prec
Jan,-2.06848811608376,147.724934744378
Feb,0.697488999635124,89.4865053241216
Mar,3.12281438085415,76.4874662346096
Apr,6.0327822043254,46.4911777846849
May,9.8886998059711,32.2459184824235
Jun,13.9788043631923,27.2409937269995
Jul,17.3488278137493,13.7457415073066
Aug,17.1795099581816,23.496219224773
Sep,13.1277158757442,30.2361278063555
Oct,7.706741155168,58.9911132110879
Nov,1.82179704424684,116.985768538468
Dec,-2.02501305951354,145.731768488674
