month,temp,prec
1,-1.5223696883608,74.2441406409495
2,1.50510599050968,55.0222725897748
3,4.3300920816561,55.6907317524775
4,8.10836572902034,47.8426814759049
5,12.4866284897658,48.71073490812
6,17.0283262572086,40.7791257550178
7,20.860926753064,20.4118394897252
8,20.6775371428612,26.3831697037958
9,15.4391848126848,30.382518970245
10,9.0616482142037,38.9338326979726
11,2.66016235264149,71.959054637655
12,-1.12650148674409,79.6246249538754
