month,temp,prec
Jan,-6.60991822318148,127.427264466232
Feb,-4.09130089464895,98.2017424186038
Mar,-1.90102450154563,85.3864216020876
Apr,1.36571810952932,55.232193854322
May,5.19668043159507,50.4174849961633
Jun,9.2724372724847,43.2317908030993
Jul,12.7257439904328,32.5781797578772
Aug,12.6864931804941,36.7755834728687
Sep,8.83142183800827,41.0982962761963
Oct,3.74698718453187,65.5068524338617
Nov,-3.1536481316996,114.276689250481
Dec,-6.47059770910775,134.735606348945
