month,temp,prec
Jan,1.01638697523782,199.449603977934
Feb,2.83725390814084,141.386101919467
Mar,4.50059320709006,134.016177909818
Apr,6.81470521372645,102.615016576012
May,9.9197128234028,83.4164394978103
Jun,12.9030917177516,70.5119842762149
Jul,15.3088650167572,47.988121054976
Aug,15.6846495974344,52.7109003116162
Sep,13.0087401651052,80.0159543176421
Oct,8.74624169567968,129.894761108493
Nov,3.91811793999789,191.527131471551
Dec,1.26140006049846,210.408281893255
