month,temp,prec
Jan,0.246973421820066,339.72691243099
Feb,2.36211640110796,235.991640463235
Mar,4.11420813190891,218.501768379198
Apr,6.36095795966055,128.752311087784
May,9.86016772030594,84.5020370095399
Jun,13.6176900867032,62.4972669484007
Jul,16.7343437774676,26.2413969034857
Aug,16.8475676966267,45.7428290769425
Sep,13.5632595444937,78.4953900310939
Oct,8.59974505238148,157.23859291101
Nov,3.4039859622899,281.985741318718
Dec,0.402047007295155,336.979771998568
