month,temp,prec
1,-5.48898456355587,189.721949250586
2,-3.44890299285901,142.051424080945
3,-1.50485075329253,123.393949597764
4,1.44927999460131,78.0240871962383
5,4.85863823722076,64.3181233096951
6,8.77451142800498,58.2504403400945
7,12.0279686374154,41.8664633200738
8,12.144514678531,43.7125719552354
9,8.70199903823782,59.2538126065165
10,4.02932458102441,104.302181065959
11,-2.64974976018697,170.26291053671
12,-5.5906234475201,193.90941001667
