month,temp,prec
1,3.31093867670901,269.269680903606
2,4.84572614065312,213.236569220042
3,5.93812691793566,192.478017577324
4,7.93883753378532,123.653035382601
5,10.8379526007835,84.8675156701166
6,13.5146725225232,60.0516291984132
7,15.6655083198472,40.9022135988548
8,15.9829960609831,50.8861440137221
9,13.9813141742286,85.8718773158049
10,9.95638215132528,172.481033773962
11,6.05890891620234,268.58085900217
12,3.68153246811719,305.0735062288
