month,temp,prec
1,-6.16832566392139,69.6503695708902
2,-3.08295172768824,55.0856752204325
3,-0.173025363482713,48.2878211204534
4,3.59714077563724,37.9354250358695
5,7.76627389000829,42.0355022227054
6,11.8361914472438,31.6318890078472
7,15.3210350062643,23.1596902548843
8,15.0208948309169,30.3908706474316
9,10.8374380787171,25.7678543263432
10,5.14547403105434,34.7061996315025
11,-1.62763115891996,64.8372927031119
12,-5.69564888909701,80.4131420807178
