month,temp,prec
1,2.83722032780062,306.031656016118
2,4.20027330156407,242.638716206673
3,5.08076481119915,218.857381240424
4,6.91222250427369,141.232413835655
5,9.86305233004862,96.4940837919335
6,12.4655567813323,69.5559996747769
7,14.7374228017012,47.7237292905045
8,15.101639532547,58.1032118780366
9,13.2543046345285,97.1839889011243
10,9.33032603536754,199.486580098319
11,5.38681293414482,305.184149701048
12,3.17036278355484,343.509334392877
