month,temp,prec
Jan,-7.49582477867295,117.164079221799
Feb,-5.10482765964158,95.2799607902721
Mar,-2.81521668433506,82.1314523008923
Apr,0.538047566123317,51.9662420281546
May,4.36159356607942,51.9939226029377
Jun,8.48825513482794,46.308043915899
Jul,11.890932417485,38.3874356046846
Aug,11.8909214117728,38.3407523933697
Sep,7.91843856630995,40.5739552746941
Oct,2.9832674720135,62.6243501890763
Nov,-4.17155122616648,108.311373259713
Dec,-7.48893463774634,122.252954062153
