month,temp,prec
1,-1.08631045051255,252.576322628737
2,1.0005576276267,173.331830055819
3,2.80232488895379,161.236976821632
4,5.34153243658993,113.136439905608
5,8.68081442529673,83.812232203196
6,12.1901156518523,71.7021372674874
7,15.0593691967321,42.7032192688074
8,15.1967201550763,51.4767273432174
9,12.0823811121573,79.6333014788411
10,7.47055548312026,135.777495439392
11,1.92303258174334,215.573555081735
12,-0.979628450290316,257.93996726893
