month,temp,prec
1,-2.15396789372987,60.1914840034728
2,1.21220508603256,34.7107607857837
3,4.34176020324406,25.7481206180351
4,7.72104210422193,19.5456526253132
5,11.7978461574108,14.9961508551788
6,15.886286557647,15.0146034218789
7,18.9336674702698,6.25783588419433
8,18.6435731973987,13.7525817586479
9,14.4098879370037,13.4775074560604
10,8.59385230339454,19.9848074646477
11,2.48228495067701,50.949211001728
12,-1.96648321873198,64.7009445217544
