month,temp,prec
1,2.83722030073727,306.031664258364
2,4.20027323215696,242.638719993916
3,5.08076468225593,218.857388267263
4,6.91222233910923,141.232416959836
5,9.86305215630697,96.4940851464589
6,12.4655565970773,69.5560007756591
7,14.7374226343427,47.7237305076566
8,15.1016393715144,58.1032128861133
9,13.2543045161273,97.1839910883075
10,9.33032595781585,199.48658268766
11,5.38681284419022,305.18415093256
12,3.17036273100408,343.509344439217
