month,temp,prec
1,-1.08631016590505,252.576326208763
2,1.00055795704346,173.331831946262
3,2.80232523551748,161.236979582853
4,5.34153277568447,113.136442334806
5,8.6808147825182,83.8122328335442
6,12.1901160171687,71.7021375392297
7,15.0593695527953,42.7032185294025
8,15.1967204850377,51.4767273503805
9,12.0823814187743,79.6333024455042
10,7.47055576866409,135.777495682563
11,1.92303291677603,215.573557253718
12,-0.979628147708261,257.939970858887
