month,temp,prec
1,-1.26450416115869,301.220111913062
2,0.966188375451249,197.470135698501
3,2.6983815572446,176.967206041458
4,5.17750540694098,120.960974236788
5,8.77839097443927,82.2246360028352
6,12.5494206764697,67.4793544447651
7,15.7706330297568,35.1354828876035
8,15.8465617109926,50.9912429918794
9,12.3797574347112,79.9747176933245
10,7.43474844082345,142.223585810172
11,1.88777051726029,241.219400294328
12,-1.24704361694586,295.474315675861
