month,temp,prec
1,-6.16832553236698,69.6503689890719
2,-3.08295157206386,55.0856746981287
3,-0.17302516430156,48.2878204236937
4,3.59714097174081,37.9354244824486
5,7.76627408008662,42.0355013097572
6,11.836191628548,31.6318884566132
7,15.3210351740503,23.1596896449775
8,15.0208949970916,30.3908701136026
9,10.8374382372948,25.7678540874453
10,5.145474179937,34.7061993078231
11,-1.62763099387109,64.8372923279244
12,-5.69564874678397,80.4131418667341
