month,temp,prec
Jan,-1.26450403802067,301.220112932264
Feb,0.966188512320712,197.470136942213
Mar,2.69838171877538,176.967207327017
Apr,5.17750557552926,120.960976202798
May,8.77839114102509,82.2246373188161
Jun,12.5494208305351,67.4793555664608
Jul,15.7706331594199,35.1354835505886
Aug,15.8465618326559,50.9912436044814
Sep,12.3797575629891,79.9747189871342
Oct,7.43474856616446,142.223587041514
Nov,1.88777065980917,241.219401411128
Dec,-1.24704349280843,295.474316886189
