month,temp,prec
1,-0.763069894444766,187.455244011028
2,1.08939703869312,136.130452696402
3,2.84193413962906,125.802574496657
4,5.3387223642873,90.5154062834673
5,8.49053692403562,73.6256233755105
6,11.7317395785448,63.3443785442263
7,14.3229456512021,45.0335989353496
8,14.6428408842805,47.6100678734092
9,11.7600355331639,71.4010767326028
10,7.43068025695184,115.456098932966
11,2.08344866406184,178.058609297534
12,-0.666617719181324,196.262764588987
