month,temp,prec
Jan,-3.22105808363556,93.4413968049327
Feb,-0.124192111245301,58.2043577784796
Mar,2.74352133489776,45.4896593518887
Apr,6.0902282895628,32.4418784406584
May,10.0461803495163,24.4969210716997
Jun,14.0370832304225,22.265980678327
Jul,17.1620425348351,11.9700686186173
Aug,16.9769521839275,20.9986765755478
Sep,13.0251119709661,22.9766859216264
Oct,7.3608136946692,36.4786604309867
Nov,1.12918980290251,79.1941464592574
Dec,-2.96439949655437,98.9440447806271
