month,temp,prec
Jan,3.0582418741407,248.132986425735
Feb,4.59627705590847,202.284371696868
Mar,5.81248730336161,182.804231103488
Apr,7.88630596932339,121.507375796948
May,10.9178793967504,91.5715227105948
Jun,13.770165204387,67.9663309717282
Jul,16.1342622499181,43.7958647691088
Aug,16.4709175290014,53.6904097121645
Sep,14.1820470207919,85.2669460558786
Oct,9.95994339202305,169.891972644742
Nov,5.82935455259451,266.95013822736
Dec,3.38058193941283,278.806092168616
