month,temp,prec
Jan,3.46614616660073,338.229381393982
Feb,4.72210040737135,259.735589001594
Mar,5.57247595817803,248.737420058574
Apr,7.28839107576642,153.4915354411
May,10.1399870502415,97.988569297446
Jun,12.6724675933003,70.7438287113428
Jul,14.853913024317,48.7417479951646
Aug,15.2038423294053,58.4889659012409
Sep,13.5512880442265,103.238516275682
Oct,9.75951389536941,205.477699401595
Nov,5.86215502960391,309.97933495138
Dec,3.62520477197298,378.215992150069
