month,temp,prec
Jan,-0.241344486395121,287.395298990865
Feb,2.04377671512263,194.079551986382
Mar,3.94135816048339,179.241164127541
Apr,6.46975592330442,129.336587522224
May,9.96075228327143,89.6518585709934
Jun,13.5650557141592,74.859877473591
Jul,16.4977594305957,40.5857032159198
Aug,16.5285369412218,53.8712022388473
Sep,13.227503737523,86.8673722015023
Oct,8.40223174908222,144.797093616753
Nov,2.99627203629017,236.992720100979
Dec,-0.148969731669944,287.97067000068
