month,temp,prec
Jan,3.46614613389647,338.229381703374
Feb,4.72210037139634,259.735589122236
Mar,5.57247591223083,248.737420213975
Apr,7.28839102795899,153.49153558619
May,10.1399870050093,97.988569551668
Jun,12.672467549116,70.7438289067516
Jul,14.8539129870916,48.7417482084011
Aug,15.2038422940743,58.4889661105976
Sep,13.5512880088694,103.23851647832
Oct,9.75951386212366,205.477699768162
Nov,5.86215499195538,309.979335150914
Dec,3.62520474217218,378.21599272115
