month,temp,prec
Jan,-1.26450429022056,301.220110860584
Feb,0.966188231868484,197.470134407462
Mar,2.69838138766628,176.967204708727
Apr,5.17750522985279,120.96097218454
May,8.77839079941935,82.2246346296714
Jun,12.549420514584,67.4793532740979
Jul,15.7706328934756,35.1354821946121
Aug,15.8465615831505,50.9912423531052
Sep,12.3797572999836,79.9747163425554
Oct,7.43474830926257,142.223584529585
Nov,1.88777036771218,241.21939914199
Dec,-1.2470437470188,295.474314424622
