month,temp,prec
Jan,-1.2644813279622,301.220368746129
Feb,0.96621320005906,197.470420158462
Mar,2.69841031818982,176.967507590939
Apr,5.177534990663,120.961374703368
May,8.77842005547512,82.2249063941315
Jun,12.5494474852842,67.4795839221971
Jul,15.7706554357682,35.1356139516623
Aug,15.8465828675386,50.9913707860206
Sep,12.379780021848,79.9749803441533
Oct,7.43477086432363,142.223857159395
Nov,1.88779634029249,241.219685694015
Dec,-1.24702044153993,295.474614668619
