month,temp,prec
1,-2.67703796819156,203.588822424979
2,-0.0442763713181613,128.691150270251
3,2.1842380978629,107.384587490301
4,5.10680029842033,70.7356743476092
5,8.80948101794128,48.9917020298514
6,12.65287809683,41.9045024813538
7,15.8412393460733,23.1234255567966
8,15.7594919130254,33.6619449238863
9,12.160973504802,48.8717259125855
10,6.91654499715568,88.1658159505214
11,0.903307082568892,158.533053687334
12,-2.61874863638046,201.295626379005
