month,temp,prec
1,-4.74424514022576,118.978379958987
2,-1.92718502426233,82.9681567703161
3,0.64662238643146,69.731831179766
4,3.96427094613731,46.9056926948816
5,7.8318780768651,38.4898581324083
6,11.8210029185018,33.2483323215953
7,15.0974755752084,21.9753725603585
8,14.9849145731778,30.2357378281309
9,11.134807667546,34.2288546754938
10,5.72608037402499,54.9710809540394
11,-0.788586716649189,103.966781033457
12,-4.50493460872474,126.71921044772
