month,temp,prec
Jan,-2.67703796819156,203.588822424979
Feb,-0.0442763713181613,128.691150270251
Mar,2.1842380978629,107.384587490301
Apr,5.10680029842033,70.7356743476092
May,8.80948101794128,48.9917020298514
Jun,12.65287809683,41.9045024813538
Jul,15.8412393460733,23.1234255567966
Aug,15.7594919130254,33.6619449238863
Sep,12.160973504802,48.8717259125855
Oct,6.91654499715568,88.1658159505214
Nov,0.903307082568892,158.533053687334
Dec,-2.61874863638046,201.295626379005
