month,temp,prec
Jan,2.83722032780062,306.031656016118
Feb,4.20027330156407,242.638716206673
Mar,5.08076481119915,218.857381240424
Apr,6.91222250427369,141.232413835655
May,9.86305233004862,96.4940837919335
Jun,12.4655567813323,69.5559996747769
Jul,14.7374228017012,47.7237292905045
Aug,15.101639532547,58.1032118780366
Sep,13.2543046345285,97.1839889011243
Oct,9.33032603536754,199.486580098319
Nov,5.38681293414482,305.184149701048
Dec,3.17036278355484,343.509334392877
