month,temp,prec
1,3.40527232246268,380.808396015952
2,4.59020648976898,312.377052275034
3,5.3991394339824,282.535231662541
4,7.15065873713898,176.257298247274
5,9.70067477917408,113.317923395714
6,12.06480180298,72.0502542139255
7,13.9581953721638,53.7814754612904
8,14.3406960998224,64.6706703545307
9,13.0416669876129,118.520100419887
10,9.52510509435795,251.793540137184
11,5.90258340459271,369.735467183509
12,3.79594771638396,443.105503377843
