month,temp,prec
1,-2.68300384977629,232.25463516412
2,-0.801235457389535,165.931487288963
3,1.00455473217953,147.954943850647
4,3.63369925564626,102.160135447944
5,6.86045449058071,82.5421437354381
6,10.33972292016,72.9037306101691
7,13.2664090617927,48.6324206761308
8,13.5438115303421,52.6898031317717
9,10.4737726600664,77.1536461197148
10,6.00198862486311,138.740913456335
11,0.0887553414760666,210.939215521923
12,-2.65802257663944,237.757982597903
