month,temp,prec
Jan,3.15227148510701,359.60934512126
Feb,4.34058221254416,301.377665344385
Mar,5.27355898811853,272.81915772737
Apr,7.09835414228157,174.090773373446
May,9.78109860297539,120.019278422276
Jun,12.3210952443805,79.9694461840356
Jul,14.4280758653252,56.673791577382
Aug,14.8297415596939,67.4732415196485
Sep,13.2429593449615,117.903058752401
Oct,9.52882907801281,249.17347116724
Nov,5.67283824508747,368.06688222883
Dec,3.49463098303174,416.760710940165
