month,temp,prec
Jan,-1.08629533418022,252.576582193932
Feb,1.00057611555845,173.331960711226
Mar,2.80234482696404,161.237152835568
Apr,5.34155232055649,113.13658047203
May,8.68083590083521,83.8122469875876
Jun,12.1901384014246,71.7021354756367
Jul,15.059392125372,42.7031513619258
Aug,15.1967409042165,51.4767109700943
Sep,12.0823996496714,79.6333442455113
Oct,7.47057199775763,135.777483528868
Nov,1.92305114923439,215.573687372061
Dec,-0.979612424647376,257.94021221437
