month,temp,prec
Jan,-0.999692100764303,260.20976380194
Feb,1.32128048366897,173.480153520348
Mar,3.34668581857622,156.984780445113
Apr,5.86427631404908,88.9868014797799
May,9.55595589337753,57.4916914928591
Jun,13.5243349883318,43.2401927052185
Jul,16.9676896079137,19.090388428752
Aug,16.917594273414,34.23659743512
Sep,13.1806775602627,54.2379741292048
Oct,7.98303041881567,112.981432124682
Nov,2.42314863652294,210.973179274476
Dec,-0.867952928348628,255.963841737048
