month,temp,prec
Jan,2.83722032447882,306.031656289795
Feb,4.20027329609976,242.638716332771
Mar,5.08076480370968,218.857381541423
Apr,6.9122224955333,141.232413990298
May,9.86305232190223,96.4940839231377
Jun,12.465556774064,69.5559997994221
Jul,14.7374227969716,47.7237293794581
Aug,15.101639528294,58.1032119566346
Sep,13.2543046301852,97.1839890154904
Oct,9.33032603152331,199.486580227654
Nov,5.38681292780575,305.184149773567
Dec,3.17036277852663,343.509334722359
