month,temp,prec
Jan,3.31093868337019,269.269680917981
Feb,4.84572614496595,213.236569158745
Mar,5.93812692015241,192.478017701014
Apr,7.93883753407394,123.653035371171
May,10.8379526003542,84.8675156468384
Jun,13.5146725215089,60.0516291844474
Jul,15.6655083184631,40.9022135938591
Aug,15.9829960596,50.8861440081878
Sep,13.9813141744389,85.8718773091041
Oct,9.95638215325022,172.481033681492
Nov,6.05890891913033,268.58085883326
Dec,3.68153247294995,305.073506335578
