month,temp,prec
1,2.83722367672751,306.03087072902
2,4.20028091908393,242.638355277949
3,5.08077811667457,218.856690241344
4,6.91223927623708,141.232100000662
5,9.86306963987111,96.4939273363899
6,12.4655747028104,69.5558667895877
7,14.7374384846354,47.7235978972441
8,15.1016545280378,58.1031014917616
9,13.2543160467892,97.1837672494276
10,9.33033382799393,199.486319630004
11,5.38682257062555,305.184022341163
12,3.17036883427739,343.508378521871
