month,temp,prec
Jan,4.77510831659955,358.675706502906
Feb,5.99183515820505,288.325686001097
Mar,6.73180818683862,268.964461418667
Apr,8.23672764101137,170.253635677093
May,10.7493626514181,110.614786596922
Jun,13.1403210273755,75.8433289865874
Jul,14.9004453372022,47.6552446946513
Aug,15.310393612909,60.8735292906851
Sep,14.1835404571736,111.01357350254
Oct,10.8067299881486,226.598077860894
Nov,7.25091361293722,347.13063679411
Dec,4.9634702955277,394.683044780771
