month,temp,prec
1,4.77510831659955,358.675706502906
2,5.99183515820505,288.325686001097
3,6.73180818683862,268.964461418667
4,8.23672764101137,170.253635677093
5,10.7493626514181,110.614786596922
6,13.1403210273755,75.8433289865874
7,14.9004453372022,47.6552446946513
8,15.310393612909,60.8735292906851
9,14.1835404571736,111.01357350254
10,10.8067299881486,226.598077860894
11,7.25091361293722,347.13063679411
12,4.9634702955277,394.683044780771
