month,temp,prec
1,-2.01379857311349,283.971091901972
2,0.170489598049176,182.231449458288
3,1.83824740506755,162.485513427255
4,4.28831725325344,98.2356537389725
5,7.94505939212709,65.4895503745684
6,11.8593038101515,52.2398826029796
7,15.2926639928655,25.6214357436051
8,15.3633712728164,41.9959177918942
9,11.7957662021945,63.2331480394775
10,6.77224942874959,125.487358609845
11,1.10309621770501,225.734005447218
12,-1.96624419451861,276.978568682302
