month,temp,prec
Jan,-3.22105798986149,93.4413934113859
Feb,-0.124192000210572,58.2043550854376
Mar,2.74352145655996,45.4896567803658
Apr,6.09022840432831,32.4418768431435
May,10.0461804755957,24.4969198677027
Jun,14.0370833643281,22.2659797534778
Jul,17.1620426654217,11.9700678420921
Aug,16.9769523043073,20.9986755660927
Sep,13.0251120745711,22.9766846080137
Oct,7.36081378939752,36.4786582869459
Nov,1.12918990818822,79.1941432319448
Dec,-2.96439941319449,98.9440410086078
