month,temp,prec
1,-13.0300125697216,26.8759126519011
2,-11.2625194030519,22.1507578061047
3,-4.33840028333469,43.9107997945973
4,3.77076193146519,59.9695004216933
5,10.4682552106449,84.8764780259951
6,15.3465979109446,94.4231530425331
7,18.474924361108,88.992034660447
8,16.9224465036917,107.774750835218
9,11.8066197030282,102.495370932721
10,6.25913677602779,65.5221057524718
11,-1.861700022779,51.8809104900196
12,-9.95583718095174,36.2810608270536
