month,temp,prec
1,-9.34654323966689,46.7058628047954
2,-7.54158997948558,31.9000644125465
3,-4.86142286539819,36.0654313502489
4,0.43694762672849,38.368649001846
5,6.01518888139846,49.4787455913603
6,10.5544086355973,50.4310230711368
7,14.600224715602,30.8534133360272
8,13.5593673287913,36.3694259063148
9,8.61115213684684,39.1249649418512
10,3.45106617343744,33.3518644109038
11,-3.81053639406748,37.9755690864511
12,-8.20151155468794,39.9317780816558
