month,temp,prec
1,-9.34654324176068,46.7058628912367
2,-7.54158998041326,31.9000644651842
3,-4.86142286930768,36.0654314260255
4,0.436947622235165,38.3686490620034
5,6.01518887865702,49.4787456376537
6,10.5544086318296,50.4310231657306
7,14.6002247121728,30.8534133684488
8,13.5593673258085,36.36942596792
9,8.61115213160881,39.1249649763525
10,3.45106616976418,33.3518644600723
11,-3.81053639900402,37.9755691481581
12,-8.2015115572691,39.9317781515271
