month,temp,prec
1,-5.51965718769343,12.5217991227059
2,-3.73067023848361,12.4761564697469
3,-0.276542764517441,22.2440579086395
4,5.0085046318691,36.2498314029626
5,10.299385765941,49.9953699096481
6,15.7401440677429,39.4991384736802
7,19.9067243737089,32.9993389675678
8,18.7392213064895,25.8684701047194
9,13.3744041545889,25.7552428602003
10,7.54286827490109,21.750192262247
11,0.547947353959797,15.5021679755826
12,-4.42452158786652,12.2501123654446
