month,temp,prec
Jan,-7.67814239602992,23.7478227794414
Feb,-6.06913759572315,21.0023654059118
Mar,-2.8674550059631,28.2552604526151
Apr,2.42259319918937,38.0034344211791
May,8.02099971173779,38.7508872840642
Jun,12.9415578784036,34.0023717669641
Jul,16.8698112142557,30.0103215381168
Aug,15.6089946819714,28.2379942663853
Sep,10.7208621103359,28.976512290283
Oct,5.20107248183171,27.258552660099
Nov,-1.86476835079761,23.0021811342704
Dec,-6.529074742442,20.758409763303
