month,temp,prec
Jan,-9.36288322330789,44.504059507799
Feb,-7.58468333109424,29.5027351841997
Mar,-5.31721411596941,39.7443934974362
Apr,-0.103896973484869,40.7479856549504
May,5.56612608008033,51.9960895101564
Jun,10.0311227207906,57.3613703139408
Jul,13.8569694966599,30.9969422082296
Aug,12.8978140639275,38.996136348635
Sep,7.65540832732462,42.7479077412885
Oct,2.61130094355862,33.4986242323834
Nov,-4.57119219910197,34.7498041808087
Dec,-8.24212606209807,36.003216133433
