month,temp,prec
Jan,-7.11342428863365,15.7458470080424
Feb,-4.19934064650638,11.7090705120732
Mar,-0.600310050030308,18.7469653045197
Apr,4.89792588280627,33.2406143337406
May,10.2171584219077,50.4934305656842
Jun,15.2896335808162,46.2492382614415
Jul,19.3663299900378,18.7436040293593
Aug,18.5096732990219,23.9766817808626
Sep,12.3888863937163,31.7492537088614
Oct,6.89719119395822,21.4953766636083
Nov,-0.761948022554888,15.0014237458558
Dec,-6.12921102121526,13.9672792536441
