month,temp,prec
1,-9.54231711678439,34.429320713477
2,-7.89574609771717,22.165879500854
3,-5.46131805865276,29.749925252495
4,-0.289635606383605,37.4933601589251
5,5.30286276152131,44.7468320533964
6,9.9286898027403,47.112536753346
7,13.9079408774636,26.2495705338168
8,12.8870632146855,30.2417619817564
9,7.73621189449291,34.2488868876478
10,2.75949858507107,25.1960527179966
11,-4.69888043799922,24.7468108409688
12,-8.60402645899376,26.5013979576813
