month,temp,prec
1,-7.54455014170757,33.7534753914529
2,-5.11066423647182,24.2735819305642
3,-2.60076470354604,42.2407311184021
4,2.70745189218946,50.9988794916892
5,8.08003222842773,69.7315039831236
6,12.7009019282134,59.9864860998561
7,16.6383320344533,30.2451772678453
8,15.7766393098818,34.5034557270628
9,10.2050683030528,44.9838128651486
10,5.14759691921635,33.9957356395921
11,-2.08919546920421,29.2479565992666
12,-6.09889263479823,26.7421522427305
