month,temp,prec
Jan,-6.67408994572407,11.6382954082426
Feb,-3.9201450779123,13.1403791693167
Mar,0.0805440747884681,19.1149268927867
Apr,6.12872135605085,44.8068289872829
May,11.7095022404092,69.0976030443927
Jun,17.0686931213463,74.3400266678712
Jul,21.2061737294191,44.0667051409416
Aug,20.1236179796152,36.943867239193
Sep,13.9770788668584,34.3832013637852
Oct,7.99713529010975,26.8541003210972
Nov,0.162249951195669,14.677494451518
Dec,-5.18760524959341,14.859560053693
