month,temp,prec
Jan,-7.17226349741535,18.3917895557396
Feb,-5.70743859134047,16.7578562238855
Mar,-2.65502530081075,25.2517999877805
Apr,2.48171047686693,36.5001363385694
May,7.9943074661635,39.7526419784071
Jun,13.1657743592396,36.4991521879941
Jul,17.0473801330194,35.2571289434249
Aug,15.7740584898101,28.7349840830103
Sep,10.8776186951103,28.3880001066324
Oct,5.23358801599083,24.7575619034126
Nov,-1.73558696101352,20.2551271610356
Dec,-6.1781896140149,16.2623348538719
