month,temp,prec
1,-9.34654323497864,46.7058625748669
2,-7.5415899782442,31.9000642693932
3,-4.86142285715371,36.0654311527862
4,0.436947636174573,38.3686488471227
5,6.01518888649603,49.4787454634148
6,10.5544086432774,50.4310228302619
7,14.6002247224189,30.8534132511129
8,13.5593673345265,36.3694257472407
9,8.61115214819266,39.1249648519497
10,3.45106618103966,33.3518642781326
11,-3.81053638324072,37.9755689151575
12,-8.20151154902348,39.9317778911585
