month,temp,prec
Jan,-6.63432814690011,15.8144085558659
Feb,-5.2252835162593,15.0115305483584
Mar,-2.4411173641435,28.5153861726979
Apr,2.61306975264461,37.9450364636377
May,8.08147834338105,48.5146117805615
Jun,13.2345338777757,43.6534156759829
Jul,16.8919200170867,48.015024483356
Aug,15.7153523291156,33.9918335976869
Sep,10.9663767979679,30.627793749448
Oct,5.41584997431357,26.7834201466706
Nov,-1.44502163414417,18.5378695755058
Dec,-5.71834921694392,15.0149443242668
