month,temp,prec
Jan,-9.38512141410662,37.8282500452862
Feb,-7.61333809649484,32.0042998580529
Mar,-3.98800556454189,38.0108262291608
Apr,1.49875015987178,41.7554293320281
May,7.04029818973853,41.0007201670026
Jun,11.5667947829428,34.250896300288
Jul,15.379172938979,34.5006255942949
Aug,14.2618305193239,34.2843819494639
Sep,9.5594721493589,36.0633654710903
Oct,4.23288648036962,33.7610074721855
Nov,-2.98469399288142,33.5098261205051
Dec,-8.17337854776614,38.0100421382359
