month,temp,prec
1,-9.27389068629498,35.2570608878182
2,-7.6369779587709,23.7167261328932
3,-4.82551788850881,28.740718529121
4,0.497150618784229,33.2279018173872
5,6.00780251384094,42.6286555860568
6,10.6580304271114,41.917441465136
7,14.6572337866838,26.7684456474044
8,13.6130463531692,30.3884929181925
9,8.57786450558099,34.2538416420545
10,3.39756209607785,26.0283103074517
11,-3.88994384733622,27.3241615649513
12,-8.24719876950005,29.0173468736514
