month,temp,prec
Jan,-1.65782255288094,69.4857947962192
Feb,0.195608719179001,66.7282363920969
Mar,3.93878788987776,69.9804094346771
Apr,8.33751494477771,86.2376888183629
May,12.8275089523501,96.2378990189827
Jun,16.1250060340202,104.497400955921
Jul,18.2912266568723,90.9191933517665
Aug,18.1866993741046,88.2517784507795
Sep,14.6700674504764,82.7359319664522
Oct,9.73783071630675,86.2172539585071
Nov,4.47999258146856,104.726153872047
Dec,0.387249823553041,93.7261863144001
