month,temp,prec
Jan,-3.20026724113846,100.942487696316
Feb,-1.53960380878603,91.7051834231765
Mar,1.64273423340986,113.699011808374
Apr,5.60543459433611,136.438518081434
May,10.1000280001627,147.95308317162
Jun,13.47003012678,162.962751593366
Jul,15.5368875180341,152.511415214965
Aug,15.2151111117073,154.728402129787
Sep,12.3555604933387,146.693859571768
Oct,7.92507853327444,138.911081960345
Nov,2.10717464981281,171.883700945185
Dec,-2.14401074880214,112.935305000672
