month,temp,prec
1,-2.25328965110237,84.1273511077314
2,-0.673614710011101,77.3868048448974
3,2.94178566053584,79.3971984558477
4,7.40833245169484,89.1683682807022
5,11.9510319667407,96.6247687973062
6,15.3284181128375,100.766703882902
7,17.5509781910318,88.0625457840619
8,17.6969783548097,78.7396835032441
9,14.0711534787448,83.9554669698052
10,9.06746990832838,86.6422335696287
11,4.01043427453921,104.867435433948
12,0.044071344801905,100.888493513817
