month,temp,prec
Jan,-3.69827313833382,93.9867192766949
Feb,-2.17904731848874,82.2400908206578
Mar,1.33612741067929,88.2401744898092
Apr,5.96559162878198,94.4977276845314
May,10.7723941112089,100.060046216035
Jun,13.936439280791,91.9842849260116
Jul,16.5420401510963,73.454917053116
Aug,16.4820982898785,70.2639502344873
Sep,12.8970513208663,83.5037421037469
Oct,7.66370554523498,91.5588755917564
Nov,2.58353101834464,115.475859150763
Dec,-1.70056293078597,106.231116429633
