month,temp,prec
Jan,24.9333446289211,148.680114790656
Feb,24.6749678997958,122.917764820755
Mar,24.2224532007545,63.695424704019
Apr,22.4455282654623,24.9889125093519
May,19.3822265514366,1.49124565143342
Jun,16.5123059925769,0.281096391851269
Jul,16.1754723965452,0
Aug,19.0355244371668,0.221840772142715
Sep,23.3412330455764,1.94846133170212
Oct,25.9411055227831,20.8051234320312
Nov,26.1081400202821,58.824229005567
Dec,25.1009053137071,134.313059990417
