year,rwi
1932,1.01028812283953
1933,0.93419246823387
1934,0.77667076737522
1935,0.742758445918143
1936,1.11726315343351
1937,1.00112211440768
1938,0.976288275336378
1939,0.933935316373811
1940,1.26892665907696
1941,1.0669864139013
1942,0.960251623417192
1943,1.14554183228998
1944,1.23453648282523
1945,0.855730714861087
1946,0.895769795961811
1947,0.98876464797887
1948,0.736056764788772
1949,0.999314695359418
1950,0.931184662919063
1951,0.853548526507889
1952,0.780276479487417
1953,0.91679878626964
1954,0.980359525909157
1955,1.20638062725915
1956,1.08177030078343
1957,1.00291914925524
1958,0.921269122448376
1959,0.991198920857417
1960,1.20529042974003
1961,1.14545535737749
1962,1.02211636068811
1963,0.818431170200696
1964,0.975174173924981
1965,1.07581893005983
1966,0.929517828549346
1967,0.789615805387489
1968,1.07795848253354
1969,1.11555913625306
1970,1.33175651332837
1971,0.998340683604385
1972,0.915614096577114
1973,1.20486559724624
1974,1.15588708798248
1975,0.827571426563249
1976,0.938712412981238
1977,0.942444164635049
1978,0.727299736002671
1979,0.784960257093258
1980,0.948344850516787
1981,1.09724584798418
1982,0.79694646346555
1983,0.839255304510934
1984,1.05097904237845
1985,1.17648143762146
