year,rwi
1923,1.37818342789873
1924,0.983962445481508
1925,0.86978522091036
1926,0.764227330975057
1927,0.773584786961238
1928,0.752496206459154
1929,0.654503806879156
1930,0.698071861475387
1931,0.704412710817347
1932,1.05680251056869
1933,1.21781787393169
1934,1.08845216609294
1935,0.895588089680802
1936,0.989591321350781
1937,0.980823076056152
1938,1.15291590683756
1939,0.966210871015201
1940,1.08546373764709
1941,0.954648714881651
1942,1.15689977618247
1943,1.13835880405888
1944,1.08959809675237
1945,1.06739509539472
1946,1.10360615242616
1947,1.0087557212566
1948,0.964100266567926
1949,0.901818717647802
1950,0.676025173158885
1951,0.685997684162127
1952,0.836658950514106
1953,1.10433066208144
1954,1.11336757307714
1955,1.01388996114942
1956,1.1386486740779
1957,1.15141774166474
1958,0.968868987048156
1959,1.01707111956207
1960,1.18973160756423
1961,0.920443588908406
1962,0.821200328289601
1963,0.892460111385217
1964,0.943400517096284
1965,0.926507445583073
1966,0.933605992403767
1967,0.790808639739859
1968,1.01469291755479
1969,0.850106155111682
1970,0.886983943654131
1971,0.87426395173721
1972,0.946006527057842
1973,1.05496912400385
1974,1.16871713225406
1975,0.979807148801826
1976,1.00185482281494
1977,1.05962114360278
1978,0.95424382601495
1979,0.872556625206952
1980,1.12227338585764
1981,1.03588143694135
1982,0.945232572581822
1983,1.02512609277786
1984,1.16455475826688
1985,1.09436717219535
1986,1.00713403488753
1987,1.18168559519199
