year,rwi
1264,1.06645282910766
1265,0.817007709575292
1266,1.09194598775142
1267,1.06331727583819
1268,1.26849348108124
1269,1.31352415928113
1270,0.83593933333711
1271,1.41790251244615
1272,1.04387601402968
1273,1.28671119361296
1274,1.14096733943123
1275,1.46434610200551
1276,0.911330852896493
1277,1.23728715494713
1278,0.818838543377608
1279,0.743988738319569
1280,0.868650926126094
1281,0.641550825299282
1282,0.683677105841745
1283,0.649158556693325
1284,0.747303903820581
1285,0.852111477222731
1286,0.78850673199398
1287,0.633602737214367
1288,0.615015331607301
1289,0.51816747582781
1290,0.749720804328488
1291,0.773248614561827
1292,0.666147156303689
1293,0.704643469046121
1294,0.577092374462523
1295,0.743639692479889
1296,0.775820755508534
1297,1.18223203029705
1298,1.05066315221592
1299,1.19376514677356
1300,0.940752299307434
1301,0.976227074694333
1302,0.999782454118726
1303,0.88459894139898
1304,1.12791622079423
1305,0.97005692324871
1306,0.795454876979142
1307,1.01829221167438
1308,1.11739256512553
1309,1.00121101707927
1310,1.07176833851877
1311,0.978681972248141
1312,0.957664797371478
1313,1.05245888444994
1314,1.06654039509404
1315,0.935012842353759
1316,1.23405362195342
1317,1.08583471373773
1318,1.08874060843071
1319,1.05128718020477
1320,0.847617229776569
1321,1.0727523206538
1322,1.11902599408394
1323,0.78738641222556
1324,0.942496825756101
1325,0.995867283594709
1326,0.945634366161619
1327,0.949265985740273
1328,0.860132688930893
1329,1.10791823487433
1330,1.08820322340578
1331,1.2332026229978
1332,0.994954817784672
1333,0.921685964545991
1334,1.00307844020828
1335,0.807114147928719
1336,0.753389940009196
1337,0.869397246679908
1338,1.23783025803186
