year,rwi
1719,0.945338980155857
1720,1.11133447663287
1721,1.05588309880074
1722,0.997000010538193
1723,1.02484613784013
1724,1.0656504040207
1725,0.847574116798077
1726,1.02492781916855
1727,1.1498717498733
1728,1.07537769361499
1729,0.942801652057339
1730,1.06728607104864
1731,1.00546792321372
1732,0.977491976174766
1733,1.06443848322049
1734,1.04606187315775
1735,0.990610903126127
1736,0.947723849719146
1737,1.05143253354188
1738,1.08389806494516
1739,1.17023686540367
1740,0.845289327187266
1741,1.02937542754497
1742,0.868771937194882
1743,0.863993496654178
1744,0.88832305637502
1745,0.812577315102226
1746,0.753753192076805
1747,0.800331489963162
1748,0.841319280356201
1749,1.10703240762066
1750,0.86975622952739
1751,0.848332599055171
1752,1.01300786784685
1753,0.60620470871398
1754,0.761039730705243
1755,0.878599015668741
1756,1.22642484725342
1757,1.22716819900798
1758,1.02473249280259
1759,1.45579318250972
1760,0.984941622888152
1761,1.03213398312934
1762,0.694600171521959
1763,1.0158654336111
1764,1.00957169192034
1765,1.02812922294264
1766,0.932159841829356
1767,1.15373113268171
1768,1.02287520387854
1769,1.14224392871329
1770,1.00169048513277
1771,1.1304473861819
1772,1.21253937797049
1773,0.976890028747419
1774,0.963158419743201
1775,0.918533247021112
1776,0.863183976957662
1777,0.939697651210791
1778,0.874929359606594
1779,1.13130839809556
1780,1.05474346377783
1781,1.00184590517604
1782,1.00393701233734
1783,1.0380485632093
1784,0.826497502195158
1785,0.889827474348334
1786,0.993188957141522
1787,1.17229024523292
1788,1.10098161175415
1789,0.780002850466189
1790,0.774044343574905
1791,0.975453506538677
1792,1.11952849605142
1793,1.13425358832713
1794,0.996100363120659
1795,1.03192820595109
1796,1.16124295302048
1797,0.899272376093646
1798,1.28965761460034
1799,0.960203542655518
1800,0.764031295904643
1801,0.904713219294502
1802,0.954387606849106
1803,0.660477958025325
1804,0.945348224989325
1805,0.912244747349354
1806,1.00263159605999
1807,0.88031575917239
1808,0.799677457450128
1809,1.03347274869493
1810,1.0072000572454
1811,1.01674253756048
1812,0.921228465014284
1813,1.16434490115317
1814,1.06701516441203
1815,0.995765003345726
1816,1.23303431309384
1817,1.25219353150013
1818,0.949308213333175
1819,0.937046570654505
1820,0.992876725300739
1821,0.834705257009899
1822,1.26348119942088
1823,0.800003722414918
1824,1.14000551460552
1825,1.03682934056414
