year,rwi
1917,0.499975271092412
1918,0.475580953717452
1919,0.407874938062268
1920,1.01264085451441
1921,1.05149011068943
1922,0.881765261387693
1923,0.883233484447505
1924,0.986055697206187
1925,0.894518864740167
1926,1.6258634481296
1927,1.27255902902828
1928,1.17424740077575
1929,0.952257800965496
1930,0.657616589285967
1931,1.06549192650408
1932,1.06837588015324
1933,0.913575371532127
1934,0.666188484508845
1935,0.947221658311337
1936,1.27332028131658
1937,1.28121733227526
1938,1.07557585291266
1939,1.13123740013753
1940,1.09570870782818
1941,0.942672158894508
1942,1.01314407995364
1943,0.994238430064611
1944,0.972979176540425
1945,1.05900312310362
1946,0.753144787748978
1947,0.765941486255869
1948,0.570206598504532
1949,0.90687860715674
1950,0.77486457037545
1951,0.853397191655622
1952,0.845988787225936
1953,0.850404126511374
1954,1.03090678779029
1955,1.15244291413811
1956,1.21392372929016
1957,1.50157836183757
1958,1.13173314597538
1959,1.20619833738449
1960,1.07644790492805
1961,1.10614715585536
1962,0.888423640172641
1963,0.84459497581437
1964,0.630347104576165
1965,0.709897873219242
1966,0.879173253821225
1967,1.19138899367391
1968,1.17244792691891
1969,1.09478373900489
1970,0.899100261507347
1971,0.8788574635584
1972,1.10506781589638
1973,0.855475291152334
1974,1.18921585555129
1975,1.15784210247749
1976,0.605862443406261
1977,1.11022092503575
1978,1.09184991756176
1979,0.927069252245256
1980,0.733927782209795
1981,0.779762812586014
1982,0.742373795878655
1983,0.781375211664614
1984,0.80128300941526
1985,1.03185321062025
1986,1.06871370775551
1987,1.37384331857135
1988,1.31592926864243
1989,1.72588881808964
1990,1.31019572886911
1991,1.15174705557674
1992,1.073875742889
1993,0.807273524836946
1994,0.855520262392558
1995,0.857292360379653
1996,0.60067857333544
1997,1.18302367474003
1998,0.42772577556372
1999,0.862625240263833
2000,0.906645136939687
2001,1.09638319537596
