year,rwi
1773,0.989925095591446
1774,1.25708798523908
1775,1.09625237294641
1776,1.15729872355501
1777,1.21949825214527
1778,0.879903551474362
1779,0.936726355253884
1780,0.933126452817069
1781,0.844125341071434
1782,0.916584811139504
1783,1.205843693824
1784,0.62181504230597
1785,0.837256122765941
1786,0.906690825990929
1787,1.16321716845164
1788,1.22714260938864
1789,0.965648032941344
1790,0.730618155323563
1791,0.898652901697856
1792,0.944176110702348
1793,0.897725882946374
1794,0.845502896886177
1795,0.90227675953097
1796,1.24709273389457
1797,1.00840390508417
1798,1.09460862535269
1799,1.0737315966671
1800,0.854024591514376
1801,0.979945619537944
1802,1.1130787903607
1803,1.12465927625004
1804,1.251935415386
1805,1.03895990382279
1806,1.14766240820857
1807,0.849028450508948
1808,0.804711048713809
1809,0.954269748976229
1810,0.835419720181475
1811,0.921960004650481
1812,0.905089886886951
1813,1.03531364366355
1814,1.12205688406308
1815,1.00676960941851
1816,1.1596859903379
1817,1.23624386039611
1818,1.09519553526148
1819,1.05666663613829
1820,0.763846930403259
1821,0.569171479015728
1822,0.927949832673103
1823,0.797906852573794
1824,0.895408946773253
1825,0.956956754008169
1826,1.11847447365209
1827,0.86330158251549
1828,1.02689270848531
1829,1.01525850788067
1830,0.973126296434595
1831,1.23094072341634
1832,1.31276280984358
1833,1.02239925600166
1834,0.920781654103841
1835,0.798194292839088
1836,0.762767481407049
1837,0.9004847407634
1838,0.938470271077295
1839,1.07858063888098
1840,1.10544451320282
1841,0.980686195076907
1842,0.834434159229895
1843,0.760236511688375
1844,0.955100433617561
1845,1.09702935063294
1846,1.35917118959628
1847,0.764479244329791
1848,1.11815755579625
1849,0.970011027800725
1850,0.946120613001941
1851,0.922698677899015
1852,1.01004642836438
1853,1.10641277245128
1854,0.682838731418453
1855,1.04844995995051
1856,1.15906879642655
1857,0.925606747903736
1858,0.993797075042883
1859,1.12712643305884
1860,0.954045134803113
1861,1.10721534702248
1862,0.976712469231965
1863,1.16377088656569
1864,1.2205467022558
1865,1.15651010288401
1866,1.09670980088559
1867,0.891442882777854
1868,0.998634531881628
1869,0.835017334668742
1870,0.777344605232375
1871,1.04027181016344
1872,0.921475369288618
1873,1.13262097065298
1874,1.15556864369509
