year,rwi
1749,1.05659410056052
1750,1.12417579939015
1751,0.906573604389151
1752,1.29933843158893
1753,0.652222544956256
1754,1.15012688630037
1755,1.37228459744407
1756,1.33665629322453
1757,1.55337258135371
1758,1.35894426016801
1759,1.19348775040311
1760,1.09027988001864
1761,0.663153689711549
1762,0.542538146072856
1763,1.14623441056918
1764,1.12142673194385
1765,0.838895278661045
1766,0.900611391866295
1767,1.03907539288678
1768,0.847310800076468
1769,1.0580010622996
1770,1.41010015136772
1771,1.31192182888273
1772,1.12695656250569
1773,0.285179979239551
1774,0.518349837689198
1775,0.63389826826443
1776,0.411953121635515
1777,0.877399139237318
1778,0.482077015880527
1779,0.541339518878799
1780,0.982508555105436
1781,0.813280150521609
1782,1.0218757620223
1783,0.965864454147172
1784,0.368927478043266
1785,1.0219102056436
1786,1.29648590477666
1787,0.980809465162037
1788,0.960355748917014
1789,1.04242115079857
1790,0.641439190829191
1791,0.922354240953574
1792,0.899710262959259
1793,0.705571891836365
1794,0.372692557140273
1795,0.608907322088197
1796,1.37812759985884
1797,0.853976722210004
1798,1.13090276192154
1799,1.19064161977944
1800,1.09225902890274
1801,1.58472716282048
1802,1.49062348197467
1803,1.12598261261165
1804,1.36635612182181
1805,1.93571218033615
1806,1.50098614106384
1807,0.579698842687992
1808,1.16813685786009
1809,1.14423736257166
1810,1.04382706672289
1811,1.00998785359456
1812,1.07598619222725
1813,1.14505080961465
1814,1.59268592792543
1815,0.979092212065176
1816,0.976998031877113
1817,1.0704822202947
1818,0.844093056524981
1819,0.64784102515475
1820,1.02497598985974
1821,1.24683988492847
1822,0.605647247196074
1823,0.415562265846733
1824,1.35856168675773
1825,1.27784418664716
1826,0.869470829128014
1827,0.33276429554329
1828,0.988752498262746
1829,0.937644764977006
1830,1.00166912702078
1831,1.33403856454163
1832,1.10037556311656
1833,0.838968398159674
1834,0.329812289901935
1835,0.325131382113701
1836,0.573516421383753
1837,0.746943215564002
1838,0.832253858114441
1839,0.819017287004524
1840,0.830214794351641
1841,0.581771917440974
1842,0.368682000852966
1843,1.28359305375462
1844,1.61538470549291
1845,1.91641084118233
1846,1.17626917579664
1847,1.37834797170953
1848,0.807881339588739
1849,0.821187993605037
1850,1.11217947207699
1851,0.954288611697429
1852,1.13857917349317
1853,1.30626497149862
1854,1.01208997191158
1855,0.990737611013001
1856,0.984698037865602
