year,rwi
1714,0.998263322054915
1715,1.12826242470128
1716,1.18977011360743
1717,0.980822455497779
1718,0.738759479085418
1719,0.619253575424525
1720,1.12092012086915
1721,1.39952312086999
1722,1.31897501001864
1723,1.03205516523031
1724,0.738780206430068
1725,0.89045648674236
1726,0.882241747581198
1727,1.13620835331179
1728,0.897695934602007
1729,0.717123758838458
1730,1.03887190495041
1731,0.821743610192092
1732,0.901791742989141
1733,1.01064820116029
1734,1.18377421872006
1735,1.28150238114743
1736,1.15508229325505
1737,1.15687433146481
1738,1.50066342875492
1739,1.15347931671222
1740,0.854098169445109
1741,1.2119606251878
1742,1.11377748596712
1743,1.16618482986652
1744,1.01456091279066
1745,0.888322920990381
1746,0.559110706318493
1747,0.838920536744924
1748,0.45628210959136
1749,0.917196125292466
1750,1.08308510617011
1751,1.06930530764502
1752,1.14735620588408
1753,0.53054067853183
1754,0.975463819738898
1755,0.89178138617385
1756,0.872677870240972
1757,0.992306171685273
1758,1.12428402887927
1759,1.46588487474334
1760,1.25815539317464
1761,0.98338067947083
1762,0.625591721466493
1763,0.870932462358581
1764,0.741037421619296
1765,1.16520523930309
1766,1.0120849782843
1767,0.79809131158728
1768,0.626472261716327
1769,1.21089607073679
1770,1.17554091573149
1771,1.8059911257807
1772,1.84896725103421
1773,0.804395307331927
1774,0.790711436377864
1775,0.968287393814688
1776,0.567092493094827
1777,0.753571172132852
1778,0.85600894741727
1779,0.560480598689048
1780,1.01766281055809
