year,rwi
1892,0.39043795588957
1893,0.839596156538794
1894,0.539630106306246
1895,0.958864056914249
1896,1.15217465679393
1897,1.32027869454233
1898,1.27732133192093
1899,1.19535027745167
1900,0.929420047330763
1901,1.13693716518932
1902,1.24093448998406
1903,0.770689565460304
1904,0.691678611092261
1905,0.654345264908209
1906,0.656724079980691
1907,1.09055872264731
1908,0.943306425977495
1909,0.811294197774746
1910,0.6265526845932
1911,1.13751201712735
1912,1.20538281417161
1913,1.23495293156748
1914,1.25344544196326
1915,1.11789193682077
1916,1.01299200941634
1917,1.38610414671821
1918,1.06348905814386
1919,0.716287697812761
1920,1.10091042390091
1921,0.533474300112713
1922,1.57253679323798
1923,0.966823797543618
1924,1.07986644043001
1925,0.647617763190842
1926,0.965956222633858
1927,0.99945028750128
1928,1.05181237099576
1929,1.15742477418606
1930,1.14600649851297
1931,0.661432835540501
1932,1.01577645965691
1933,0.789238746735097
1934,0.711353211159668
1935,0.6846380111136
1936,0.543192685876303
1937,0.70953093047779
1938,1.07297125994168
1939,0.860601604828368
1940,1.30693037694051
1941,0.795922573881312
1942,1.5476163166421
1943,0.974719410980112
1944,0.920235063853843
1945,0.712253521176412
1946,1.11732310988014
1947,0.912914034486796
1948,0.697899765123912
1949,0.947407707646686
1950,1.16362759272178
1951,1.22008890010665
1952,1.08852719102881
1953,1.22210080934127
1954,1.09054437040051
1955,0.927403501558575
1956,1.1427261204476
1957,1.08865780904937
1958,1.0081241846192
1959,0.782894803106411
1960,1.40470535386405
1961,1.00680009478066
1962,0.865873444521417
1963,0.642963230816124
1964,0.874223258294417
1965,1.01660161053561
1966,0.500304946740597
1967,0.917953866557039
1968,0.993661974534447
1969,0.871928241475584
1970,0.806663968995886
1971,0.8882818334787
1972,1.26932047802422
1973,0.971524293844501
1974,1.10210619630453
1975,0.996226771683744
1976,0.856923290329758
1977,1.11716079564365
1978,0.97904800571145
1979,1.05729614290643
1980,1.00093272155556
1981,0.93906709511383
1982,1.07297399930736
1983,0.837844605309083
1984,1.11299667447513
1985,1.20410721019105
1986,1.24840048123614
1987,0.875390864754328
1988,0.857956564227712
1989,0.984244023275249
1990,1.1422073476906
1991,1.04345706490941
1992,1.26637678503083
1993,1.07190267736265
1994,0.880725882496467
1995,0.822233550923243
1996,0.786155207554607
1997,0.722671107305055
1998,0.949733015894601
1999,1.11057499311597
2000,0.79291698370434
2001,0.823330402260015
2002,0.977778199717572
