year,rwi
1921,1.99871228041959
1922,1.09013326013637
1923,0.963441795146184
1924,0.864740992293325
1925,0.864297885307723
1926,0.567357877068276
1927,0.771029378622985
1928,0.730143946304173
1929,0.411062103309575
1930,1.0432786379274
1931,1.02566897171372
1932,0.855630577100362
1933,0.919541007834495
1934,0.993314534905568
1935,1.04170565853163
1936,1.05993664155165
1937,1.13798015738272
1938,1.08334521880006
1939,0.828266272349103
1940,0.957140458576732
1941,1.08129717596231
1942,1.16027719500295
1943,1.15395020401233
1944,0.809562867995101
1945,0.761492848607389
1946,0.737713455706277
1947,0.867880915731125
1948,1.39806024280103
1949,1.15643870661656
1950,1.22719147545153
1951,1.04584228752896
1952,0.996230827517956
1953,1.26659656121042
1954,1.01645147669933
1955,0.917165848196614
1956,0.98535368693907
1957,1.11751847616034
1958,1.13636811312118
1959,1.04816311319448
1960,0.883495592544503
1961,0.970684980818435
1962,0.952142760544802
1963,1.13516848396036
1964,1.00580134048294
1965,1.10695697933378
1966,0.867890042818187
1967,1.01455195145947
1968,0.809902302927137
1969,0.831043134113516
1970,0.833447039076084
1971,0.921667227461037
1972,0.951435726611182
1973,0.598472958347322
1974,1.10572888899708
1975,0.973783902798829
1976,1.1108408449926
1977,0.28083189796898
1978,1.40932919192076
1979,0.750897384100365
1980,1.14586219674915
1981,1.12607452945533
1982,1.03972948768847
1983,1.26269376336146
1984,1.26251183454095
1985,0.798840535072973
1986,1.06993699779354
